LEVEL_1_CASE_TYPE,CASE_NUMBER,CASE_HASHKEY,LEVEL_2_CASE_TYPE,DOCUMENT_ID,DOCUMENT_FILED_DATE,DOCUMENT_NAME,SOURCE_SYSTEM_ID,DOCUMENT_HASHKEY,DOCUMENT_TYPE,DOCUMENT_NUMBER,DOCUMENT_NAME_DRIVE,LINK_DRIVE
Collections,24CHLC00247,413524874617169216,"Collections Case - Purchased Debt (Charged Off Consumer Debt Purchased on or after January 1,2014)",97816434,2024-01-04 00:00:00.000,Complaint,2,86823745788786390855016974805509641,Complaint,COM040,complaint_24chlc00247_97816434,https://drive.google.com/file/d/13jP3wthP8ze2FT5GAqDBPOHWhbQmidR5/view?usp=drivesdk
Collections,24CHLC00247,413524874617169216,"Collections Case - Purchased Debt (Charged Off Consumer Debt Purchased on or after January 1,2014)",97816435,2024-01-04 00:00:00.000,Civil Case Cover Sheet,2,989429170419695492568584271478952462,Miscellaneous,MISC020,,
Collections,24CHLC00247,413524874617169216,"Collections Case - Purchased Debt (Charged Off Consumer Debt Purchased on or after January 1,2014)",97816436,2024-01-04 00:00:00.000,Declaration (name extension),2,1218671013552363598215864840437388591,Declaration,DEC010,declaration_24chlc00247_97816436,https://drive.google.com/file/d/194bFsqXe4ahLGedN6vXahpLl7Gh2j1oZ/view?usp=drivesdk
Collections,24CHLC00247,413524874617169216,"Collections Case - Purchased Debt (Charged Off Consumer Debt Purchased on or after January 1,2014)",97816437,2024-01-04 00:00:00.000,Declaration in Support of Bus. & Prof. Code 6322.1(c)(1),2,970277300663871267654981026982846114,Declaration,DEC075,declaration_24chlc00247_97816437,
Collections,24CHLC00247,413524874617169216,"Collections Case - Purchased Debt (Charged Off Consumer Debt Purchased on or after January 1,2014)",97816438,2024-01-04 00:00:00.000,Summons,2,634002074020530002888768952811744967,Issuance,ISS030,,
Collections,24CHLC00247,413524874617169216,"Collections Case - Purchased Debt (Charged Off Consumer Debt Purchased on or after January 1,2014)",97816439,2024-01-04 00:00:00.000,"Order to Show Cause Hearing/Case Management Review (Cal. Rules of Court, rule 3.740)",2,159632302411046120345302338200250174,Order to Show Cause,OSC030,,
Collections,24CHLC00247,413524874617169216,"Collections Case - Purchased Debt (Charged Off Consumer Debt Purchased on or after January 1,2014)",97816441,2024-01-04 00:00:00.000,Notice of Case Assignment - Limited Civil Case,2,799614538275911062135572794619675662,Notice,NTC040L,,
Collections,24CHLC00247,413524874617169216,"Collections Case - Purchased Debt (Charged Off Consumer Debt Purchased on or after January 1,2014)",97887732,2024-01-09 00:00:00.000,Proof of Personal Service,2,186927500507131068985183253768399680,Proof of Service,POS110,,
Collections,24CHLC00247,413524874617169216,"Collections Case - Purchased Debt (Charged Off Consumer Debt Purchased on or after January 1,2014)",99079611,2024-03-06 00:00:00.000,Request for Entry of Default / Judgment,2,841148273566154915498618082863909613,Request,REQ080,request_for_default_judgment_24chlc00247_99079611,https://drive.google.com/file/d/1PdHROGosvZ5pY7cbFz8gUUz52Ja8lOeL/view?usp=drivesdk
Collections,24CHLC00247,413524874617169216,"Collections Case - Purchased Debt (Charged Off Consumer Debt Purchased on or after January 1,2014)",99079612,2024-03-06 00:00:00.000,Declaration (name extension),2,1129347960069358850635139812971889754,Declaration,DEC010,declaration_24chlc00247_99079612,https://drive.google.com/file/d/1CZGeYCQ-JOEzvOBSy3Nh2KlzRgLoIq5x/view?usp=drivesdk
Collections,24CHLC00247,413524874617169216,"Collections Case - Purchased Debt (Charged Off Consumer Debt Purchased on or after January 1,2014)",99079613,2024-03-06 00:00:00.000,Declaration (name extension),2,561530199566437011357321441950061787,Declaration,DEC010,declaration_24chlc00247_99079613,https://drive.google.com/file/d/1HWacKMyH24ei7jU8PtkAqPVGpTOq2JmE/view?usp=drivesdk
Collections,24CHLC00247,413524874617169216,"Collections Case - Purchased Debt (Charged Off Consumer Debt Purchased on or after January 1,2014)",99079614,2024-03-06 00:00:00.000,Declaration re: Attorney's Fees,2,693547251673282501938202421307464627,Declaration,DEC080,declaration_24chlc00247_99079614,
Collections,24CHLC00247,413524874617169216,"Collections Case - Purchased Debt (Charged Off Consumer Debt Purchased on or after January 1,2014)",99079617,2024-03-06 00:00:00.000,Request for Dismissal,2,1009351264370980048798741652008177627,Request,REQ070,,
Collections,24CHLC00247,413524874617169216,"Collections Case - Purchased Debt (Charged Off Consumer Debt Purchased on or after January 1,2014)",99079618,2024-03-06 00:00:00.000,Declaration (name extension),2,391539974115060648912114387482100426,Declaration,DEC010,declaration_24chlc00247_99079618,https://drive.google.com/file/d/1TZqOMlW1KcIXzfPw6keVfpOd-xGj4cR6/view?usp=drivesdk
Collections,24CHLC00247,413524874617169216,"Collections Case - Purchased Debt (Charged Off Consumer Debt Purchased on or after January 1,2014)",99079616,2024-03-07 00:00:00.000,Default Judgment,2,28144813771692314672171156753086513,Judgment,JUD020,,
Collections,24CHLC00247,413524874617169216,"Collections Case - Purchased Debt (Charged Off Consumer Debt Purchased on or after January 1,2014)",104879520,2024-12-05 00:00:00.000,"Memorandum of Costs After Judgment, Acknowledgment of Credit, and Declaration of Accrued Interest",2,935365330134728097784203465352488697,Costs,CST040,declaration_24chlc00247_104879520,
Collections,24CHLC00247,413524874617169216,"Collections Case - Purchased Debt (Charged Off Consumer Debt Purchased on or after January 1,2014)",104879519,2024-12-09 00:00:00.000,Writ of Execution,2,135430767944664237744673427201232781,Writ,WRIT030,,
Collections,24CHLC00247,413524874617169216,"Collections Case - Purchased Debt (Charged Off Consumer Debt Purchased on or after January 1,2014)",106049901,2025-02-04 00:00:00.000,Declaration (name extension),2,634665980595334298558111272282586657,Declaration,DEC010,declaration_24chlc00247_106049901,https://drive.google.com/file/d/1ZAdU1g05DgFM7Uv5xW5qxd0WsfeblNGP/view?usp=drivesdk
Collections,24CHLC00247,413524874617169216,"Collections Case - Purchased Debt (Charged Off Consumer Debt Purchased on or after January 1,2014)",110858330,2025-08-29 00:00:00.000,Acknowledgment of Satisfaction of Judgment,2,848667421956729547719065136336646891,Post Judgment,PJ020,,
Collections,24CHLC00247,413524874617169216,"Collections Case - Purchased Debt (Charged Off Consumer Debt Purchased on or after January 1,2014)",111105859,2025-09-05 00:00:00.000,Writ - Return,2,821223871914200726989637040640168612,Writ,WRIT055,,
Collections,24CHLC00758,349547058771139840,"Collections Case - Purchased Debt (Charged Off Consumer Debt Purchased on or after January 1,2014)",97888570,2024-01-09 00:00:00.000,Complaint,2,1172599541006170365029180001334601479,Complaint,COM040,complaint_24chlc00758_97888570,https://drive.google.com/file/d/1eZSKprmRD8cvbGm6WY31lOzcfvLCuV32/view?usp=drivesdk
Collections,24CHLC00758,349547058771139840,"Collections Case - Purchased Debt (Charged Off Consumer Debt Purchased on or after January 1,2014)",97888571,2024-01-09 00:00:00.000,Declaration in Support of Bus. & Prof. Code 6322.1(c)(1),2,479523753517259741115088257548738349,Declaration,DEC075,declaration_24chlc00758_97888571,
Collections,24CHLC00758,349547058771139840,"Collections Case - Purchased Debt (Charged Off Consumer Debt Purchased on or after January 1,2014)",97888572,2024-01-09 00:00:00.000,Civil Case Cover Sheet,2,211051768179530499199299503899825680,Miscellaneous,MISC020,,
Collections,24CHLC00758,349547058771139840,"Collections Case - Purchased Debt (Charged Off Consumer Debt Purchased on or after January 1,2014)",97888573,2024-01-09 00:00:00.000,Summons,2,863306614754299282729766305498497304,Issuance,ISS030,,
Collections,24CHLC00758,349547058771139840,"Collections Case - Purchased Debt (Charged Off Consumer Debt Purchased on or after January 1,2014)",97888574,2024-01-09 00:00:00.000,"Order to Show Cause Hearing/Case Management Review (Cal. Rules of Court, rule 3.740)",2,140781512584001513213687230394601871,Order to Show Cause,OSC030,,
Collections,24CHLC00758,349547058771139840,"Collections Case - Purchased Debt (Charged Off Consumer Debt Purchased on or after January 1,2014)",97888575,2024-01-09 00:00:00.000,Notice of Case Assignment - Limited Civil Case,2,622220387189322140451879583393510283,Notice,NTC040L,,
Collections,24CHLC00758,349547058771139840,"Collections Case - Purchased Debt (Charged Off Consumer Debt Purchased on or after January 1,2014)",98678284,2024-02-16 00:00:00.000,Proof of Service by Substituted Service,2,1037275308242887560732585178221673759,Proof of Service,POS160,,
Collections,24CHLC00758,349547058771139840,"Collections Case - Purchased Debt (Charged Off Consumer Debt Purchased on or after January 1,2014)",103710585,2024-10-15 00:00:00.000,Request for Entry of Default / Judgment,2,605009803206073748839383819970608636,Request,REQ080,request_for_default_judgment_24chlc00758_103710585,https://drive.google.com/file/d/18OTC-s20YAZOyLObUgznmtNZLcgYZiuZ/view?usp=drivesdk
Collections,24CHLC00758,349547058771139840,"Collections Case - Purchased Debt (Charged Off Consumer Debt Purchased on or after January 1,2014)",103710586,2024-10-15 00:00:00.000,Declaration of Costs - CCP 1033,2,833677613553318060060393485932184565,Costs,CST010,declaration_24chlc00758_103710586,
Collections,24CHLC00758,349547058771139840,"Collections Case - Purchased Debt (Charged Off Consumer Debt Purchased on or after January 1,2014)",103710589,2024-10-15 00:00:00.000,Declaration Pursuant to 585 CCP in Support of Default Judgment,2,225797711800423398478417169976743402,Declaration,DEC071,declaration_24chlc00758_103710589,https://drive.google.com/file/d/1ttkGTOnd5pWIw0jAEnlAi2UfEONyLc-L/view?usp=drivesdk
Collections,24CHLC00758,349547058771139840,"Collections Case - Purchased Debt (Charged Off Consumer Debt Purchased on or after January 1,2014)",103710590,2024-10-15 00:00:00.000,Request for Dismissal,2,730894637915370624877390070191307998,Request,REQ070,,
Collections,24CHLC00758,349547058771139840,"Collections Case - Purchased Debt (Charged Off Consumer Debt Purchased on or after January 1,2014)",103710588,2024-10-17 00:00:00.000,Judgment,2,800488041638585801595425917424101674,Judgment,JUD015,,
Collections,24CHLC01551,72565073594334832,"Collections Case - Purchased Debt (Charged Off Consumer Debt Purchased on or after January 1,2014)",98089310,2024-01-18 00:00:00.000,Complaint,2,1256759404447203369704803532076740462,Complaint,COM040,complaint_24chlc01551_98089310,https://drive.google.com/file/d/1MLryJcuW3Fzhv3GLNKYn6I9YL6JFPFfY/view?usp=drivesdk
Collections,24CHLC01551,72565073594334832,"Collections Case - Purchased Debt (Charged Off Consumer Debt Purchased on or after January 1,2014)",98089311,2024-01-18 00:00:00.000,Summons,2,350121141052728049096358555315028968,Issuance,ISS030,,
Collections,24CHLC01551,72565073594334832,"Collections Case - Purchased Debt (Charged Off Consumer Debt Purchased on or after January 1,2014)",98089312,2024-01-18 00:00:00.000,Declaration in Support of Bus. & Prof. Code 6322.1(c)(1),2,1210715713448768552009956203075163837,Declaration,DEC075,declaration_24chlc01551_98089312,
Collections,24CHLC01551,72565073594334832,"Collections Case - Purchased Debt (Charged Off Consumer Debt Purchased on or after January 1,2014)",98089313,2024-01-18 00:00:00.000,Civil Case Cover Sheet,2,1157775918022917288744558997822878567,Miscellaneous,MISC020,,
Collections,24CHLC01551,72565073594334832,"Collections Case - Purchased Debt (Charged Off Consumer Debt Purchased on or after January 1,2014)",98089315,2024-01-18 00:00:00.000,"Order to Show Cause Hearing/Case Management Review (Cal. Rules of Court, rule 3.740)",2,464089233210951342084306229918320328,Order to Show Cause,OSC030,,
Collections,24CHLC01551,72565073594334832,"Collections Case - Purchased Debt (Charged Off Consumer Debt Purchased on or after January 1,2014)",98089317,2024-01-18 00:00:00.000,Notice of Case Assignment - Limited Civil Case,2,317654194239287284992244893939447670,Notice,NTC040L,,
Collections,24CHLC01551,72565073594334832,"Collections Case - Purchased Debt (Charged Off Consumer Debt Purchased on or after January 1,2014)",98558368,2024-02-09 00:00:00.000,Proof of Personal Service,2,444863443893194115270400302995946673,Proof of Service,POS110,,
Collections,24CHLC01551,72565073594334832,"Collections Case - Purchased Debt (Charged Off Consumer Debt Purchased on or after January 1,2014)",101308678,2024-06-20 00:00:00.000,Request for Entry of Default / Judgment,2,379071406832128844088522824722397356,Request,REQ080,request_for_default_judgment_24chlc01551_101308678,https://drive.google.com/file/d/1ovquBr36ylezlrs61OcFZmaQzuDPaepQ/view?usp=drivesdk
Collections,24CHLC01551,72565073594334832,"Collections Case - Purchased Debt (Charged Off Consumer Debt Purchased on or after January 1,2014)",101308680,2024-06-20 00:00:00.000,Declaration (name extension),2,138097639418083569102134204463872538,Declaration,DEC010,declaration_24chlc01551_101308680,https://drive.google.com/file/d/17hk48j6BKx_uwRoq2MgeV0oig8LKeWSw/view?usp=drivesdk
Collections,24CHLC01551,72565073594334832,"Collections Case - Purchased Debt (Charged Off Consumer Debt Purchased on or after January 1,2014)",101308681,2024-06-20 00:00:00.000,Summary of the Case,2,932477719895710934344343815957854861,Miscellaneous,MISC145,,
Collections,24CHLC01551,72565073594334832,"Collections Case - Purchased Debt (Charged Off Consumer Debt Purchased on or after January 1,2014)",101308682,2024-06-20 00:00:00.000,Declaration re: Attorney's Fees,2,122165146273780334967021671332970713,Declaration,DEC080,declaration_24chlc01551_101308682,
Collections,24CHLC01551,72565073594334832,"Collections Case - Purchased Debt (Charged Off Consumer Debt Purchased on or after January 1,2014)",101308683,2024-06-20 00:00:00.000,Declaration of Costs - CCP 1033,2,1163128303377190344642128958009187104,Costs,CST010,declaration_24chlc01551_101308683,
Collections,24CHLC01551,72565073594334832,"Collections Case - Purchased Debt (Charged Off Consumer Debt Purchased on or after January 1,2014)",101308684,2024-06-20 00:00:00.000,Request for Dismissal,2,707146687416656434202544500278383263,Request,REQ070,,
Collections,24CHLC01551,72565073594334832,"Collections Case - Purchased Debt (Charged Off Consumer Debt Purchased on or after January 1,2014)",101308679,2024-06-26 00:00:00.000,Judgment,2,343901812872539885327213439787796257,Judgment,JUD015,,
Collections,24CHLC01551,72565073594334832,"Collections Case - Purchased Debt (Charged Off Consumer Debt Purchased on or after January 1,2014)",103784323,2024-10-18 00:00:00.000,Writ of Execution,2,445221269412669880058165838001822197,Writ,WRIT030,,
Collections,24CHLC01551,72565073594334832,"Collections Case - Purchased Debt (Charged Off Consumer Debt Purchased on or after January 1,2014)",103784324,2024-10-18 00:00:00.000,"Memorandum of Costs After Judgment, Acknowledgment of Credit, and Declaration of Accrued Interest",2,235237017283127280367102958757093077,Costs,CST040,declaration_24chlc01551_103784324,
Collections,24CHLC01551,72565073594334832,"Collections Case - Purchased Debt (Charged Off Consumer Debt Purchased on or after January 1,2014)",106787759,2025-03-07 00:00:00.000,Declaration (name extension),2,693555231673192002879664816403720917,Declaration,DEC010,declaration_24chlc01551_106787759,https://drive.google.com/file/d/1IwekoJrYCtmlJQHgM_bkJlxbbFZoe5LV/view?usp=drivesdk
Collections,24CHLC01551,72565073594334832,"Collections Case - Purchased Debt (Charged Off Consumer Debt Purchased on or after January 1,2014)",107395671,2025-04-03 00:00:00.000,Acknowledgment of Satisfaction of Judgment,2,977141700722390974450760576236462290,Post Judgment,PJ020,,
Collections,24CHLC01551,72565073594334832,"Collections Case - Purchased Debt (Charged Off Consumer Debt Purchased on or after January 1,2014)",107395672,2025-04-03 00:00:00.000,Proof of Service by Mail,2,1177920016103512503643948573639182594,Proof of Service,POS150,,
Collections,24CHLC01551,72565073594334832,"Collections Case - Purchased Debt (Charged Off Consumer Debt Purchased on or after January 1,2014)",108091770,2025-05-01 00:00:00.000,Writ - Return,2,574787397427327149512716471993178052,Writ,WRIT055,,
Collections,24CHLC01976,649896798553987200,"Collections Case - Purchased Debt (Charged Off Consumer Debt Purchased on or after January 1,2014)",98148901,2024-01-19 00:00:00.000,Complaint,2,57759197734202333626206677893134875,Complaint,COM040,complaint_24chlc01976_98148901,https://drive.google.com/file/d/1_tZfBhI_uMJD3TGJn7FS5LD5qhBszcs7/view?usp=drivesdk
Collections,24CHLC01976,649896798553987200,"Collections Case - Purchased Debt (Charged Off Consumer Debt Purchased on or after January 1,2014)",98148902,2024-01-19 00:00:00.000,Civil Case Cover Sheet,2,478668711675817314501239219998494862,Miscellaneous,MISC020,,
Collections,24CHLC01976,649896798553987200,"Collections Case - Purchased Debt (Charged Off Consumer Debt Purchased on or after January 1,2014)",98148903,2024-01-19 00:00:00.000,Summons,2,106754514239541524643373711095020101,Issuance,ISS030,,
Collections,24CHLC01976,649896798553987200,"Collections Case - Purchased Debt (Charged Off Consumer Debt Purchased on or after January 1,2014)",98148904,2024-01-19 00:00:00.000,Declaration (name extension),2,795216173738128358717072644042981214,Declaration,DEC010,declaration_24chlc01976_98148904,https://drive.google.com/file/d/1vp0Eagx-J4GQEVATgohNdOoJpIRrL-p4/view?usp=drivesdk
Collections,24CHLC01976,649896798553987200,"Collections Case - Purchased Debt (Charged Off Consumer Debt Purchased on or after January 1,2014)",98148905,2024-01-19 00:00:00.000,"Order to Show Cause Hearing/Case Management Review (Cal. Rules of Court, rule 3.740)",2,928711245638585934204180779775516998,Order to Show Cause,OSC030,,
Collections,24CHLC01976,649896798553987200,"Collections Case - Purchased Debt (Charged Off Consumer Debt Purchased on or after January 1,2014)",98148907,2024-01-19 00:00:00.000,Notice of Case Assignment - Limited Civil Case,2,909048851910476801592336085180116580,Notice,NTC040L,,
Collections,24CHLC01976,649896798553987200,"Collections Case - Purchased Debt (Charged Off Consumer Debt Purchased on or after January 1,2014)",98358505,2024-01-31 00:00:00.000,Proof of Personal Service,2,584530320088540126799003537430085200,Proof of Service,POS110,,
Collections,24CHLC01976,649896798553987200,"Collections Case - Purchased Debt (Charged Off Consumer Debt Purchased on or after January 1,2014)",101097566,2024-06-11 00:00:00.000,Request for Entry of Default / Judgment,2,469968524714019264565592603466998864,Request,REQ080,request_for_default_judgment_24chlc01976_101097566,https://drive.google.com/file/d/1kbSjdV-4nVYzorIf68ImQwfiuhQUHAiK/view?usp=drivesdk
Collections,24CHLC01976,649896798553987200,"Collections Case - Purchased Debt (Charged Off Consumer Debt Purchased on or after January 1,2014)",101097569,2024-06-11 00:00:00.000,Declaration (name extension),2,1163468784699636310317203412136416731,Declaration,DEC010,declaration_24chlc01976_101097569,https://drive.google.com/file/d/18VkPTsKHqMCn1nWboXD3DTGnHaPWAvxs/view?usp=drivesdk
Collections,24CHLC01976,649896798553987200,"Collections Case - Purchased Debt (Charged Off Consumer Debt Purchased on or after January 1,2014)",101097570,2024-06-11 00:00:00.000,Declaration (name extension),2,1212643634300146652407600399016585057,Declaration,DEC010,declaration_24chlc01976_101097570,https://drive.google.com/file/d/103F7U-4K9JRSF1VkG8hjUdEZWjTCCXRh/view?usp=drivesdk
Collections,24CHLC01976,649896798553987200,"Collections Case - Purchased Debt (Charged Off Consumer Debt Purchased on or after January 1,2014)",101097571,2024-06-11 00:00:00.000,Request for Dismissal,2,710047871628215160604746599713740031,Request,REQ070,,
Collections,24CHLC01976,649896798553987200,"Collections Case - Purchased Debt (Charged Off Consumer Debt Purchased on or after January 1,2014)",101097572,2024-06-11 00:00:00.000,Declaration of Costs - CCP 1033,2,65654472445585551906723585399395390,Costs,CST010,declaration_24chlc01976_101097572,
Collections,24CHLC01976,649896798553987200,"Collections Case - Purchased Debt (Charged Off Consumer Debt Purchased on or after January 1,2014)",101097573,2024-06-11 00:00:00.000,Declaration (name extension),2,941634647172330774876676258940707673,Declaration,DEC010,declaration_24chlc01976_101097573,https://drive.google.com/file/d/1QO1tcAuA1PTKlrPPhq7fa_e4J7sQDODq/view?usp=drivesdk
Collections,24CHLC01976,649896798553987200,"Collections Case - Purchased Debt (Charged Off Consumer Debt Purchased on or after January 1,2014)",101097568,2024-06-14 00:00:00.000,Judgment,2,492451157703947778549073861752252837,Judgment,JUD015,,
Collections,24CHLC01976,649896798553987200,"Collections Case - Purchased Debt (Charged Off Consumer Debt Purchased on or after January 1,2014)",105629619,2025-01-16 00:00:00.000,Writ of Execution,2,1249978888243836949998611524135813166,Writ,WRIT030,,
Collections,24CHLC01976,649896798553987200,"Collections Case - Purchased Debt (Charged Off Consumer Debt Purchased on or after January 1,2014)",105629620,2025-01-16 00:00:00.000,"Memorandum of Costs After Judgment, Acknowledgment of Credit, and Declaration of Accrued Interest",2,1140754238152012297150676228477112860,Costs,CST040,declaration_24chlc01976_105629620,
Collections,24CHLC01976,649896798553987200,"Collections Case - Purchased Debt (Charged Off Consumer Debt Purchased on or after January 1,2014)",108523885,2025-05-22 00:00:00.000,Declaration (name extension),2,874923064722557576551673381125633185,Declaration,DEC010,declaration_24chlc01976_108523885,https://drive.google.com/file/d/1DDNaIYrWXiqvDwjdBF5mYy0-y0oBtXIC/view?usp=drivesdk
Collections,24CHLC03202,475827347655232960,"Collections Case - Purchased Debt (Charged Off Consumer Debt Purchased on or after January 1,2014)",98379413,2024-02-01 00:00:00.000,Complaint,2,221160625409556956279712579872425154,Complaint,COM040,complaint_24chlc03202_98379413,https://drive.google.com/file/d/1DmYh83rDxEEb30c0Qm6tfeao1SG4Q-qR/view?usp=drivesdk
Collections,24CHLC03202,475827347655232960,"Collections Case - Purchased Debt (Charged Off Consumer Debt Purchased on or after January 1,2014)",98379414,2024-02-01 00:00:00.000,Summons,2,151963888325293565538426906025095401,Issuance,ISS030,,
Collections,24CHLC03202,475827347655232960,"Collections Case - Purchased Debt (Charged Off Consumer Debt Purchased on or after January 1,2014)",98379415,2024-02-01 00:00:00.000,Civil Case Cover Sheet,2,1260560577316537524502581226450455411,Miscellaneous,MISC020,,
Collections,24CHLC03202,475827347655232960,"Collections Case - Purchased Debt (Charged Off Consumer Debt Purchased on or after January 1,2014)",98379416,2024-02-01 00:00:00.000,"Order to Show Cause Hearing/Case Management Review (Cal. Rules of Court, rule 3.740)",2,738127867665900934477448758296120495,Order to Show Cause,OSC030,,
Collections,24CHLC03202,475827347655232960,"Collections Case - Purchased Debt (Charged Off Consumer Debt Purchased on or after January 1,2014)",98379417,2024-02-01 00:00:00.000,Notice of Case Assignment - Limited Civil Case,2,772083347922276499754977750545983036,Notice,NTC040L,,
Collections,24CHLC03202,475827347655232960,"Collections Case - Purchased Debt (Charged Off Consumer Debt Purchased on or after January 1,2014)",99555727,2024-03-28 00:00:00.000,Proof of Personal Service,2,641887562890276119983988520953053386,Proof of Service,POS110,,
Collections,24CHLC03202,475827347655232960,"Collections Case - Purchased Debt (Charged Off Consumer Debt Purchased on or after January 1,2014)",100516048,2024-05-14 00:00:00.000,Request for Entry of Default / Judgment,2,1252373026909718288984037051269568343,Request,REQ080,request_for_default_judgment_24chlc03202_100516048,https://drive.google.com/file/d/1uZNGBeDgJL5MFsKcVxXL6dMHhGKG0W2E/view?usp=drivesdk
Collections,24CHLC03202,475827347655232960,"Collections Case - Purchased Debt (Charged Off Consumer Debt Purchased on or after January 1,2014)",100516049,2024-05-14 00:00:00.000,Declaration (name extension),2,387027344791875986466614532202779874,Declaration,DEC010,declaration_24chlc03202_100516049,https://drive.google.com/file/d/1qsOkja29CywMQAiohXWitCZHZNBHGvoJ/view?usp=drivesdk
Collections,24CHLC03202,475827347655232960,"Collections Case - Purchased Debt (Charged Off Consumer Debt Purchased on or after January 1,2014)",100516051,2024-05-14 00:00:00.000,Declaration (name extension),2,145943446033737503095858245168426687,Declaration,DEC010,declaration_24chlc03202_100516051,https://drive.google.com/file/d/1BbAKUpC87DO1gddiIRxiwZOjFNzqmS5G/view?usp=drivesdk
Collections,24CHLC03202,475827347655232960,"Collections Case - Purchased Debt (Charged Off Consumer Debt Purchased on or after January 1,2014)",100516050,2024-05-17 00:00:00.000,Default Judgment,2,1181138035477548021417880070217486844,Judgment,JUD020,,
Collections,24CHLC04065,554475857485830080,"Collections Case - Purchased Debt (Charged Off Consumer Debt Purchased on or after January 1,2014)",98531768,2024-02-08 00:00:00.000,Complaint,2,790914506532552143212128969925620779,Complaint,COM040,complaint_24chlc04065_98531768,https://drive.google.com/file/d/1_fh0q5m51Ln8LJI-HLrmLVdT8m7ovQsp/view?usp=drivesdk
Collections,24CHLC04065,554475857485830080,"Collections Case - Purchased Debt (Charged Off Consumer Debt Purchased on or after January 1,2014)",98531769,2024-02-08 00:00:00.000,Civil Case Cover Sheet,2,996038396759650750497060048692904336,Miscellaneous,MISC020,,
Collections,24CHLC04065,554475857485830080,"Collections Case - Purchased Debt (Charged Off Consumer Debt Purchased on or after January 1,2014)",98531770,2024-02-08 00:00:00.000,Declaration in Support of Bus. & Prof. Code 6322.1(c)(1),2,418776146152266009570493423348322002,Declaration,DEC075,declaration_24chlc04065_98531770,
Collections,24CHLC04065,554475857485830080,"Collections Case - Purchased Debt (Charged Off Consumer Debt Purchased on or after January 1,2014)",98531771,2024-02-08 00:00:00.000,Summons,2,998619799079570141035625321347113753,Issuance,ISS030,,
Collections,24CHLC04065,554475857485830080,"Collections Case - Purchased Debt (Charged Off Consumer Debt Purchased on or after January 1,2014)",98531772,2024-02-08 00:00:00.000,Declaration (name extension),2,140564599274944328258979848795217557,Declaration,DEC010,declaration_24chlc04065_98531772,https://drive.google.com/file/d/1YHLYg5HQWAcBYNlKd9p70wpMQt8Pn4k8/view?usp=drivesdk
Collections,24CHLC04065,554475857485830080,"Collections Case - Purchased Debt (Charged Off Consumer Debt Purchased on or after January 1,2014)",98531773,2024-02-08 00:00:00.000,"Order to Show Cause Hearing/Case Management Review (Cal. Rules of Court, rule 3.740)",2,786357558520083937702382125294701637,Order to Show Cause,OSC030,,
Collections,24CHLC04065,554475857485830080,"Collections Case - Purchased Debt (Charged Off Consumer Debt Purchased on or after January 1,2014)",98531774,2024-02-08 00:00:00.000,Notice of Case Assignment - Limited Civil Case,2,307258737394080190933302629023475063,Notice,NTC040L,,
Collections,24CHLC04065,554475857485830080,"Collections Case - Purchased Debt (Charged Off Consumer Debt Purchased on or after January 1,2014)",98702729,2024-02-20 00:00:00.000,Proof of Personal Service,2,719222674958020641579696966663784345,Proof of Service,POS110,,
Collections,24CHLC04065,554475857485830080,"Collections Case - Purchased Debt (Charged Off Consumer Debt Purchased on or after January 1,2014)",99783222,2024-04-09 00:00:00.000,Request for Entry of Default / Judgment,2,1208359098819268500213420891849428442,Request,REQ080,request_for_default_judgment_24chlc04065_99783222,https://drive.google.com/file/d/1ayeeET5BBEszfiark0FOat3Rp3pR4U4E/view?usp=drivesdk
Collections,24CHLC04065,554475857485830080,"Collections Case - Purchased Debt (Charged Off Consumer Debt Purchased on or after January 1,2014)",99783224,2024-04-09 00:00:00.000,Declaration re: Attorney's Fees,2,36864979185626167437982046651272018,Declaration,DEC080,declaration_24chlc04065_99783224,
Collections,24CHLC04065,554475857485830080,"Collections Case - Purchased Debt (Charged Off Consumer Debt Purchased on or after January 1,2014)",99783225,2024-04-09 00:00:00.000,Declaration (name extension),2,920137169627803087749311813326682867,Declaration,DEC010,declaration_24chlc04065_99783225,https://drive.google.com/file/d/1gGDeh7s83lfvGk4njNR-dTkXYUy1XE3W/view?usp=drivesdk
Collections,24CHLC04065,554475857485830080,"Collections Case - Purchased Debt (Charged Off Consumer Debt Purchased on or after January 1,2014)",99783226,2024-04-09 00:00:00.000,Declaration (name extension),2,199775238423499072187265969143354072,Declaration,DEC010,declaration_24chlc04065_99783226,https://drive.google.com/file/d/1AO_mjs1SZmMrJDkjCtYP7_1nY7FO5wtJ/view?usp=drivesdk
Collections,24CHLC04065,554475857485830080,"Collections Case - Purchased Debt (Charged Off Consumer Debt Purchased on or after January 1,2014)",99783227,2024-04-09 00:00:00.000,Declaration (name extension),2,1102201941434658641787629873415254145,Declaration,DEC010,declaration_24chlc04065_99783227,https://drive.google.com/file/d/1SlyeFcC7pT2Ca7yPlDJbfXvBFb22h7FO/view?usp=drivesdk
Collections,24CHLC04065,554475857485830080,"Collections Case - Purchased Debt (Charged Off Consumer Debt Purchased on or after January 1,2014)",99783228,2024-04-09 00:00:00.000,Request for Dismissal,2,963052344675152256812337559303471354,Request,REQ070,,
Collections,24CHLC04065,554475857485830080,"Collections Case - Purchased Debt (Charged Off Consumer Debt Purchased on or after January 1,2014)",99783223,2024-04-12 00:00:00.000,Default Judgment,2,263482197419193790656371674430769068,Judgment,JUD020,,
Collections,24CHLC04065,554475857485830080,"Collections Case - Purchased Debt (Charged Off Consumer Debt Purchased on or after January 1,2014)",108906887,2025-06-09 00:00:00.000,"Memorandum of Costs After Judgment, Acknowledgment of Credit, and Declaration of Accrued Interest",2,116686420099343836478836268647204255,Costs,CST040,declaration_24chlc04065_108906887,
Collections,24CHLC04065,554475857485830080,"Collections Case - Purchased Debt (Charged Off Consumer Debt Purchased on or after January 1,2014)",108906886,2025-06-10 00:00:00.000,Writ of Execution,2,693897383420885697937500506906195743,Writ,WRIT030,,
Collections,24CHLC04065,554475857485830080,"Collections Case - Purchased Debt (Charged Off Consumer Debt Purchased on or after January 1,2014)",110283642,2025-08-06 00:00:00.000,Declaration (name extension),2,69411894888471209177827659832439907,Declaration,DEC010,declaration_24chlc04065_110283642,https://drive.google.com/file/d/1pIVhZuwarZ8EO022mHreqFnf4e6txjHC/view?usp=drivesdk
Collections,24CHLC04302,45645591640308360,"Collections Case - Purchased Debt (Charged Off Consumer Debt Purchased on or after January 1,2014)",98568492,2024-02-08 00:00:00.000,Complaint,2,1299076661499266796212060031004451108,Complaint,COM040,complaint_24chlc04302_98568492,https://drive.google.com/file/d/1F6g7m8oUO7ecKU8adSK0qgGP6Kaviqnj/view?usp=drivesdk
Collections,24CHLC04302,45645591640308360,"Collections Case - Purchased Debt (Charged Off Consumer Debt Purchased on or after January 1,2014)",98568493,2024-02-08 00:00:00.000,Summons,2,443540885966475215537352198305742436,Issuance,ISS030,,
Collections,24CHLC04302,45645591640308360,"Collections Case - Purchased Debt (Charged Off Consumer Debt Purchased on or after January 1,2014)",98568494,2024-02-08 00:00:00.000,Civil Case Cover Sheet,2,993959776341282278417391686088435081,Miscellaneous,MISC020,,
Collections,24CHLC04302,45645591640308360,"Collections Case - Purchased Debt (Charged Off Consumer Debt Purchased on or after January 1,2014)",98568495,2024-02-08 00:00:00.000,"Order to Show Cause Hearing/Case Management Review (Cal. Rules of Court, rule 3.740)",2,1280915412036402466937824388512548724,Order to Show Cause,OSC030,,
Collections,24CHLC04302,45645591640308360,"Collections Case - Purchased Debt (Charged Off Consumer Debt Purchased on or after January 1,2014)",98568496,2024-02-08 00:00:00.000,Notice of Case Assignment - Limited Civil Case,2,109887794524098767013622089181455111,Notice,NTC040L,,
Collections,24CHLC04302,45645591640308360,"Collections Case - Purchased Debt (Charged Off Consumer Debt Purchased on or after January 1,2014)",98801731,2024-02-22 00:00:00.000,Proof of Service by Substituted Service,2,1036811813026365566279405733646441221,Proof of Service,POS160,,
Collections,24CHLC04302,45645591640308360,"Collections Case - Purchased Debt (Charged Off Consumer Debt Purchased on or after January 1,2014)",101700749,2024-07-10 00:00:00.000,Request for Entry of Default / Judgment,2,768041296605215328268775377140001400,Request,REQ080,request_for_default_judgment_24chlc04302_101700749,https://drive.google.com/file/d/1KCeW5HLZaRtE8KA6iaN5QpYTmX9vz1Xg/view?usp=drivesdk
Collections,24CHLC04302,45645591640308360,"Collections Case - Purchased Debt (Charged Off Consumer Debt Purchased on or after January 1,2014)",101700750,2024-07-10 00:00:00.000,Declaration Pursuant to 585 CCP in Support of Default Judgment,2,760755566807698002458899811560019663,Declaration,DEC071,declaration_24chlc04302_101700750,https://drive.google.com/file/d/1oj19X1yZ-W8gOj-NcxAS6vJ4J2kf7B7z/view?usp=drivesdk
Collections,24CHLC04302,45645591640308360,"Collections Case - Purchased Debt (Charged Off Consumer Debt Purchased on or after January 1,2014)",101700752,2024-07-10 00:00:00.000,Declaration of Costs - CCP 1033,2,628498827151604728913933806056830197,Costs,CST010,declaration_24chlc04302_101700752,
Collections,24CHLC04302,45645591640308360,"Collections Case - Purchased Debt (Charged Off Consumer Debt Purchased on or after January 1,2014)",101700753,2024-07-10 00:00:00.000,Request for Dismissal,2,327497465114008416654366658528817649,Request,REQ070,,
Collections,24CHLC04302,45645591640308360,"Collections Case - Purchased Debt (Charged Off Consumer Debt Purchased on or after January 1,2014)",101700751,2024-07-11 00:00:00.000,Default Judgment,2,1026890246718498528881276878720670962,Judgment,JUD020,,
Collections,24CHLC04659,566857298126848000,"Collections Case - Purchased Debt (Charged Off Consumer Debt Purchased on or after January 1,2014)",98624135,2024-02-09 00:00:00.000,Complaint,2,552703887585147510138832642197411860,Complaint,COM040,complaint_24chlc04659_98624135,https://drive.google.com/file/d/12rt6zSo-obsc9f9aTpLZP8EDHwxwDGG_/view?usp=drivesdk
Collections,24CHLC04659,566857298126848000,"Collections Case - Purchased Debt (Charged Off Consumer Debt Purchased on or after January 1,2014)",98624136,2024-02-09 00:00:00.000,Civil Case Cover Sheet,2,473855268729890416142360045863970565,Miscellaneous,MISC020,,
Collections,24CHLC04659,566857298126848000,"Collections Case - Purchased Debt (Charged Off Consumer Debt Purchased on or after January 1,2014)",98624137,2024-02-09 00:00:00.000,Summons,2,573134274429862762293254937086403384,Issuance,ISS030,,
Collections,24CHLC04659,566857298126848000,"Collections Case - Purchased Debt (Charged Off Consumer Debt Purchased on or after January 1,2014)",98624138,2024-02-09 00:00:00.000,Declaration in Support of Bus. & Prof. Code 6322.1(c)(1),2,1128197719615162399466161241062849936,Declaration,DEC075,declaration_24chlc04659_98624138,
Collections,24CHLC04659,566857298126848000,"Collections Case - Purchased Debt (Charged Off Consumer Debt Purchased on or after January 1,2014)",98624139,2024-02-09 00:00:00.000,"Order to Show Cause Hearing/Case Management Review (Cal. Rules of Court, rule 3.740)",2,195381380912232809770443708129962003,Order to Show Cause,OSC030,,
Collections,24CHLC04659,566857298126848000,"Collections Case - Purchased Debt (Charged Off Consumer Debt Purchased on or after January 1,2014)",98624140,2024-02-09 00:00:00.000,Notice of Case Assignment - Limited Civil Case,2,936552985060873851551865104874983180,Notice,NTC040L,,
Collections,24CHLC04659,566857298126848000,"Collections Case - Purchased Debt (Charged Off Consumer Debt Purchased on or after January 1,2014)",98705245,2024-02-20 00:00:00.000,Proof of Personal Service,2,326654491374685001496095013532967634,Proof of Service,POS110,,
Collections,24CHLC04659,566857298126848000,"Collections Case - Purchased Debt (Charged Off Consumer Debt Purchased on or after January 1,2014)",101649298,2024-07-05 00:00:00.000,Request for Dismissal,2,1108741111927498388602258761084303024,Request,REQ070,,
Collections,24CHLC04659,566857298126848000,"Collections Case - Purchased Debt (Charged Off Consumer Debt Purchased on or after January 1,2014)",101649299,2024-07-05 00:00:00.000,Declaration (name extension),2,693851326007412114507137626928194953,Declaration,DEC010,declaration_24chlc04659_101649299,https://drive.google.com/file/d/1TNFDnd6d9qCsH25spuWJBDMscQ1i7bo5/view?usp=drivesdk
Collections,24CHLC04659,566857298126848000,"Collections Case - Purchased Debt (Charged Off Consumer Debt Purchased on or after January 1,2014)",101649300,2024-07-05 00:00:00.000,Declaration (name extension),2,234557888219453042116070639439673856,Declaration,DEC010,declaration_24chlc04659_101649300,https://drive.google.com/file/d/1w3nAwKElQs5fkhKY-q03Ex-qgi5v7tCJ/view?usp=drivesdk
Collections,24CHLC04659,566857298126848000,"Collections Case - Purchased Debt (Charged Off Consumer Debt Purchased on or after January 1,2014)",101649302,2024-07-05 00:00:00.000,Request for Entry of Default / Judgment,2,939949368890845889119525205527105206,Request,REQ080,request_for_default_judgment_24chlc04659_101649302,https://drive.google.com/file/d/1ncRQMy9EgXXRRI2VtTwcZMLtOxGkU8xv/view?usp=drivesdk
Collections,24CHLC04659,566857298126848000,"Collections Case - Purchased Debt (Charged Off Consumer Debt Purchased on or after January 1,2014)",101649303,2024-07-11 00:00:00.000,Default Judgment,2,196823537004140467319990759800621831,Judgment,JUD020,,
Collections,24CHLC04686,362694641451340480,"Collections Case - Purchased Debt (Charged Off Consumer Debt Purchased on or after January 1,2014)",98628964,2024-02-08 00:00:00.000,Complaint,2,1010336228666068050126767209183704045,Complaint,COM040,complaint_24chlc04686_98628964,https://drive.google.com/file/d/1ZGIXYyGp8zJs__x2h1t09EaqCHtZxWx6/view?usp=drivesdk
Collections,24CHLC04686,362694641451340480,"Collections Case - Purchased Debt (Charged Off Consumer Debt Purchased on or after January 1,2014)",98628965,2024-02-08 00:00:00.000,Civil Case Cover Sheet,2,103758619791234394883576310186455125,Miscellaneous,MISC020,,
Collections,24CHLC04686,362694641451340480,"Collections Case - Purchased Debt (Charged Off Consumer Debt Purchased on or after January 1,2014)",98628966,2024-02-08 00:00:00.000,Summons,2,125208568910970992478367160933859948,Issuance,ISS030,,
Collections,24CHLC04686,362694641451340480,"Collections Case - Purchased Debt (Charged Off Consumer Debt Purchased on or after January 1,2014)",98628967,2024-02-08 00:00:00.000,"Order to Show Cause Hearing/Case Management Review (Cal. Rules of Court, rule 3.740)",2,327407074949789339707733101126085859,Order to Show Cause,OSC030,,
Collections,24CHLC04686,362694641451340480,"Collections Case - Purchased Debt (Charged Off Consumer Debt Purchased on or after January 1,2014)",98628968,2024-02-08 00:00:00.000,Notice of Case Assignment - Limited Civil Case,2,1317546012237150144601690875991526432,Notice,NTC040L,,
Collections,24CHLC04686,362694641451340480,"Collections Case - Purchased Debt (Charged Off Consumer Debt Purchased on or after January 1,2014)",99018521,2024-03-04 00:00:00.000,Proof of Service by Substituted Service,2,170695255388691871862673778167637274,Proof of Service,POS160,,
Collections,24CHLC04686,362694641451340480,"Collections Case - Purchased Debt (Charged Off Consumer Debt Purchased on or after January 1,2014)",101656992,2024-07-08 00:00:00.000,Request for Entry of Default / Judgment,2,1211188043495791114575419219840184123,Request,REQ080,request_for_default_judgment_24chlc04686_101656992,https://drive.google.com/file/d/10KrJv2lsPcXMDI5vXJB8pUR6u1jlEnlZ/view?usp=drivesdk
Collections,24CHLC04686,362694641451340480,"Collections Case - Purchased Debt (Charged Off Consumer Debt Purchased on or after January 1,2014)",101656994,2024-07-08 00:00:00.000,Declaration Pursuant to 585 CCP in Support of Default Judgment,2,233753570949859478059656560677845566,Declaration,DEC071,declaration_24chlc04686_101656994,https://drive.google.com/file/d/1ocojAC427pTn7tCt1YiCI-tgQD3hQ6SU/view?usp=drivesdk
Collections,24CHLC04686,362694641451340480,"Collections Case - Purchased Debt (Charged Off Consumer Debt Purchased on or after January 1,2014)",101656995,2024-07-08 00:00:00.000,Declaration of Costs - CCP 1033,2,832547269240553865889950803969108176,Costs,CST010,declaration_24chlc04686_101656995,
Collections,24CHLC04686,362694641451340480,"Collections Case - Purchased Debt (Charged Off Consumer Debt Purchased on or after January 1,2014)",101656996,2024-07-08 00:00:00.000,Request for Dismissal,2,51731600316895000884772587201631519,Request,REQ070,,
Collections,24CHLC04686,362694641451340480,"Collections Case - Purchased Debt (Charged Off Consumer Debt Purchased on or after January 1,2014)",101656993,2024-07-11 00:00:00.000,Default Judgment,2,740845889217059216137224968923227126,Judgment,JUD020,,
Collections,24CHLC05915,121189605893826128,"Collections Case - Purchased Debt (Charged Off Consumer Debt Purchased on or after January 1,2014)",98801868,2024-02-20 00:00:00.000,Complaint,2,820053150205912347787739803761781970,Complaint,COM040,complaint_24chlc05915_98801868,https://drive.google.com/file/d/1kXlVKOHy-MK6S8YHtkIvbrCoA6J6TEAG/view?usp=drivesdk
Collections,24CHLC05915,121189605893826128,"Collections Case - Purchased Debt (Charged Off Consumer Debt Purchased on or after January 1,2014)",98801869,2024-02-20 00:00:00.000,Civil Case Cover Sheet,2,945094673179516481221265545099522089,Miscellaneous,MISC020,,
Collections,24CHLC05915,121189605893826128,"Collections Case - Purchased Debt (Charged Off Consumer Debt Purchased on or after January 1,2014)",98801870,2024-02-20 00:00:00.000,Summons,2,358300937470885937994128652009970279,Issuance,ISS030,,
Collections,24CHLC05915,121189605893826128,"Collections Case - Purchased Debt (Charged Off Consumer Debt Purchased on or after January 1,2014)",98801871,2024-02-20 00:00:00.000,Declaration in Support of Bus. & Prof. Code 6322.1(c)(1),2,524058045690935404848060424588544067,Declaration,DEC075,declaration_24chlc05915_98801871,
Collections,24CHLC05915,121189605893826128,"Collections Case - Purchased Debt (Charged Off Consumer Debt Purchased on or after January 1,2014)",98801872,2024-02-20 00:00:00.000,Declaration (name extension),2,856720166606633097297934787444352459,Declaration,DEC010,declaration_24chlc05915_98801872,https://drive.google.com/file/d/1w4pQjBPDt7iZP6RugAUTK4QAvnlAxfZn/view?usp=drivesdk
Collections,24CHLC05915,121189605893826128,"Collections Case - Purchased Debt (Charged Off Consumer Debt Purchased on or after January 1,2014)",98801873,2024-02-20 00:00:00.000,"Order to Show Cause Hearing/Case Management Review (Cal. Rules of Court, rule 3.740)",2,1213158786566454665259700799514079027,Order to Show Cause,OSC030,,
Collections,24CHLC05915,121189605893826128,"Collections Case - Purchased Debt (Charged Off Consumer Debt Purchased on or after January 1,2014)",98801874,2024-02-20 00:00:00.000,Notice of Case Assignment - Limited Civil Case,2,495944410878909656280572087168493395,Notice,NTC040L,,
Collections,24CHLC05915,121189605893826128,"Collections Case - Purchased Debt (Charged Off Consumer Debt Purchased on or after January 1,2014)",99035905,2024-03-05 00:00:00.000,Declaration (name extension),2,229934620385409884816233158704651398,Declaration,DEC010,declaration_24chlc05915_99035905,https://drive.google.com/file/d/1WyUwKR14Mjt2ainc_tHoWyVOwoGBNymq/view?usp=drivesdk
Collections,24CHLC05915,121189605893826128,"Collections Case - Purchased Debt (Charged Off Consumer Debt Purchased on or after January 1,2014)",99460278,2024-03-22 00:00:00.000,Proof of Service by Substituted Service,2,1321925985718660506222816728498517106,Proof of Service,POS160,,
Collections,24CHLC05915,121189605893826128,"Collections Case - Purchased Debt (Charged Off Consumer Debt Purchased on or after January 1,2014)",99547675,2024-03-28 00:00:00.000,Proof of Service by Substituted Service,2,239231912751657186469819802548748664,Proof of Service,POS160,,
Collections,24CHLC05915,121189605893826128,"Collections Case - Purchased Debt (Charged Off Consumer Debt Purchased on or after January 1,2014)",103374829,2024-09-30 00:00:00.000,Request for Entry of Default / Judgment,2,898555232527172485015246606155703966,Request,REQ080,request_for_default_judgment_24chlc05915_103374829,https://drive.google.com/file/d/1dogBFlILImMSxFdPLXtcpekfcJlitqfN/view?usp=drivesdk
Collections,24CHLC05915,121189605893826128,"Collections Case - Purchased Debt (Charged Off Consumer Debt Purchased on or after January 1,2014)",103374831,2024-09-30 00:00:00.000,Declaration (name extension),2,561662018598501571697729554121674639,Declaration,DEC010,declaration_24chlc05915_103374831,https://drive.google.com/file/d/1NRJKAJqvVsDl6M2RrMwT4f3kI8_nVppG/view?usp=drivesdk
Collections,24CHLC05915,121189605893826128,"Collections Case - Purchased Debt (Charged Off Consumer Debt Purchased on or after January 1,2014)",103374832,2024-09-30 00:00:00.000,Declaration (name extension),2,269030529111583968408607966603359087,Declaration,DEC010,declaration_24chlc05915_103374832,https://drive.google.com/file/d/17M7RDfmxE8i-KcEouPNyTSBhY9pvvUJp/view?usp=drivesdk
Collections,24CHLC05915,121189605893826128,"Collections Case - Purchased Debt (Charged Off Consumer Debt Purchased on or after January 1,2014)",103374833,2024-09-30 00:00:00.000,Declaration (name extension),2,496436821431949418308982932889080770,Declaration,DEC010,declaration_24chlc05915_103374833,https://drive.google.com/file/d/1KA24hV208d67HacPU97vnNZSw0qI3cGn/view?usp=drivesdk
Collections,24CHLC05915,121189605893826128,"Collections Case - Purchased Debt (Charged Off Consumer Debt Purchased on or after January 1,2014)",103374834,2024-09-30 00:00:00.000,Declaration of Costs - CCP 1033,2,39649342467799694749260408761025313,Costs,CST010,declaration_24chlc05915_103374834,
Collections,24CHLC05915,121189605893826128,"Collections Case - Purchased Debt (Charged Off Consumer Debt Purchased on or after January 1,2014)",103374835,2024-09-30 00:00:00.000,Request for Dismissal,2,1183858587974782693486042580751910275,Request,REQ070,,
Collections,24CHLC05915,121189605893826128,"Collections Case - Purchased Debt (Charged Off Consumer Debt Purchased on or after January 1,2014)",103374830,2024-10-10 00:00:00.000,Judgment,2,1265369925380326338464749789673875025,Judgment,JUD015,,
Collections,24CHLC05915,121189605893826128,"Collections Case - Purchased Debt (Charged Off Consumer Debt Purchased on or after January 1,2014)",108476421,2025-05-19 00:00:00.000,"Memorandum of Costs After Judgment, Acknowledgment of Credit, and Declaration of Accrued Interest",2,891439222142717535429215648679642578,Costs,CST040,declaration_24chlc05915_108476421,
Collections,24CHLC05915,121189605893826128,"Collections Case - Purchased Debt (Charged Off Consumer Debt Purchased on or after January 1,2014)",108476420,2025-05-21 00:00:00.000,Writ of Execution,2,367915734805030111259696825300916739,Writ,WRIT030,,
Collections,24CHLC06017,1413700849163903,"Collections Case - Purchased Debt (Charged Off Consumer Debt Purchased on or after January 1,2014)",98810560,2024-02-21 00:00:00.000,Complaint,2,1228097433014007864037350291749765944,Complaint,COM040,complaint_24chlc06017_98810560,https://drive.google.com/file/d/1Only5W9PiG1Skohf2gj52vmNS87TH9jO/view?usp=drivesdk
Collections,24CHLC06017,1413700849163903,"Collections Case - Purchased Debt (Charged Off Consumer Debt Purchased on or after January 1,2014)",98810561,2024-02-21 00:00:00.000,Declaration (name extension),2,514382773763332389806194173640563057,Declaration,DEC010,declaration_24chlc06017_98810561,https://drive.google.com/file/d/1a0bMjIe-T_B2BbgucEmabU8CIucPTBUO/view?usp=drivesdk
Collections,24CHLC06017,1413700849163903,"Collections Case - Purchased Debt (Charged Off Consumer Debt Purchased on or after January 1,2014)",98810562,2024-02-21 00:00:00.000,Declaration in Support of Bus. & Prof. Code 6322.1(c)(1),2,1070470222473285856925024376243164440,Declaration,DEC075,declaration_24chlc06017_98810562,
Collections,24CHLC06017,1413700849163903,"Collections Case - Purchased Debt (Charged Off Consumer Debt Purchased on or after January 1,2014)",98810563,2024-02-21 00:00:00.000,Summons,2,493710690549723002407677056088707527,Issuance,ISS030,,
Collections,24CHLC06017,1413700849163903,"Collections Case - Purchased Debt (Charged Off Consumer Debt Purchased on or after January 1,2014)",98810564,2024-02-21 00:00:00.000,Civil Case Cover Sheet,2,333794623925293482572021134413901727,Miscellaneous,MISC020,,
Collections,24CHLC06017,1413700849163903,"Collections Case - Purchased Debt (Charged Off Consumer Debt Purchased on or after January 1,2014)",98810566,2024-02-21 00:00:00.000,"Order to Show Cause Hearing/Case Management Review (Cal. Rules of Court, rule 3.740)",2,19352644677834956930062205132490601,Order to Show Cause,OSC030,,
Collections,24CHLC06017,1413700849163903,"Collections Case - Purchased Debt (Charged Off Consumer Debt Purchased on or after January 1,2014)",98810568,2024-02-21 00:00:00.000,Notice of Case Assignment - Limited Civil Case,2,194427193350606719681578800790135257,Notice,NTC040L,,
Collections,24CHLC06017,1413700849163903,"Collections Case - Purchased Debt (Charged Off Consumer Debt Purchased on or after January 1,2014)",99147222,2024-03-11 00:00:00.000,Proof of Personal Service,2,946787558413479131151582732835833056,Proof of Service,POS110,,
Collections,24CHLC06017,1413700849163903,"Collections Case - Purchased Debt (Charged Off Consumer Debt Purchased on or after January 1,2014)",100676453,2024-05-22 00:00:00.000,Request for Entry of Default / Judgment,2,224991183033564071523216588981081112,Request,REQ080,request_for_default_judgment_24chlc06017_100676453,https://drive.google.com/file/d/17Xze-NlK28l-wNaekLsHJCX5uNijXFXj/view?usp=drivesdk
Collections,24CHLC06017,1413700849163903,"Collections Case - Purchased Debt (Charged Off Consumer Debt Purchased on or after January 1,2014)",100676456,2024-05-22 00:00:00.000,Declaration (name extension),2,353718867285279511409368814917354055,Declaration,DEC010,declaration_24chlc06017_100676456,https://drive.google.com/file/d/14YyfP4Cz5kYX_rH3xdXzlLMtCARkwsG7/view?usp=drivesdk
Collections,24CHLC06017,1413700849163903,"Collections Case - Purchased Debt (Charged Off Consumer Debt Purchased on or after January 1,2014)",100676457,2024-05-22 00:00:00.000,Declaration (name extension),2,854778537055929635565391253847670634,Declaration,DEC010,declaration_24chlc06017_100676457,https://drive.google.com/file/d/1-R3vI_QB68Mma-ett1a1iLbNBVnb1t-M/view?usp=drivesdk
Collections,24CHLC06017,1413700849163903,"Collections Case - Purchased Debt (Charged Off Consumer Debt Purchased on or after January 1,2014)",100676458,2024-05-22 00:00:00.000,Declaration of Costs - CCP 1033,2,814506938159275804429590281445262541,Costs,CST010,declaration_24chlc06017_100676458,
Collections,24CHLC06017,1413700849163903,"Collections Case - Purchased Debt (Charged Off Consumer Debt Purchased on or after January 1,2014)",100676459,2024-05-22 00:00:00.000,Declaration re: Attorney's Fees,2,1091027778829151223076507214210352352,Declaration,DEC080,declaration_24chlc06017_100676459,
Collections,24CHLC06017,1413700849163903,"Collections Case - Purchased Debt (Charged Off Consumer Debt Purchased on or after January 1,2014)",100676460,2024-05-22 00:00:00.000,Request for Dismissal,2,1317321238195772422318268222862452081,Request,REQ070,,
Collections,24CHLC06017,1413700849163903,"Collections Case - Purchased Debt (Charged Off Consumer Debt Purchased on or after January 1,2014)",100676455,2024-05-28 00:00:00.000,Judgment,2,1233736218912827056266959400141167770,Judgment,JUD015,,
Collections,24CHLC06017,1413700849163903,"Collections Case - Purchased Debt (Charged Off Consumer Debt Purchased on or after January 1,2014)",108854453,2025-06-05 00:00:00.000,"Memorandum of Costs After Judgment, Acknowledgment of Credit, and Declaration of Accrued Interest",2,883777632373121265364882930301074316,Costs,CST040,declaration_24chlc06017_108854453,
Collections,24CHLC06017,1413700849163903,"Collections Case - Purchased Debt (Charged Off Consumer Debt Purchased on or after January 1,2014)",108854452,2025-06-06 00:00:00.000,Writ of Execution,2,1018862853118717735238440454890663244,Writ,WRIT030,,
Collections,24CHLC06145,1066093970633160192,"Collections Case - Purchased Debt (Charged Off Consumer Debt Purchased on or after January 1,2014)",98831628,2024-02-20 00:00:00.000,Complaint,2,90951696671899672385103513701743686,Complaint,COM040,complaint_24chlc06145_98831628,https://drive.google.com/file/d/1neWMrOhAqgeh3Uz_B_sg79qpghLjjsQu/view?usp=drivesdk
Collections,24CHLC06145,1066093970633160192,"Collections Case - Purchased Debt (Charged Off Consumer Debt Purchased on or after January 1,2014)",98831629,2024-02-20 00:00:00.000,Civil Case Cover Sheet,2,1050730192881422537755958955592293446,Miscellaneous,MISC020,,
Collections,24CHLC06145,1066093970633160192,"Collections Case - Purchased Debt (Charged Off Consumer Debt Purchased on or after January 1,2014)",98831630,2024-02-20 00:00:00.000,Declaration in Support of Bus. & Prof. Code 6322.1(c)(1),2,518040222144465239242134804361627159,Declaration,DEC075,declaration_24chlc06145_98831630,
Collections,24CHLC06145,1066093970633160192,"Collections Case - Purchased Debt (Charged Off Consumer Debt Purchased on or after January 1,2014)",98831631,2024-02-20 00:00:00.000,Summons,2,537556382774361492609493804778878057,Issuance,ISS030,,
Collections,24CHLC06145,1066093970633160192,"Collections Case - Purchased Debt (Charged Off Consumer Debt Purchased on or after January 1,2014)",98831633,2024-02-20 00:00:00.000,"Order to Show Cause Hearing/Case Management Review (Cal. Rules of Court, rule 3.740)",2,672959919875994802336889779589172087,Order to Show Cause,OSC030,,
Collections,24CHLC06145,1066093970633160192,"Collections Case - Purchased Debt (Charged Off Consumer Debt Purchased on or after January 1,2014)",98831634,2024-02-20 00:00:00.000,Notice of Case Assignment - Limited Civil Case,2,857279644538186659329109930680437182,Notice,NTC040L,,
Collections,24CHLC06145,1066093970633160192,"Collections Case - Purchased Debt (Charged Off Consumer Debt Purchased on or after January 1,2014)",99429556,2024-03-22 00:00:00.000,Proof of Personal Service,2,804431039581584792888142579103446504,Proof of Service,POS110,,
Collections,24CHLC06145,1066093970633160192,"Collections Case - Purchased Debt (Charged Off Consumer Debt Purchased on or after January 1,2014)",100508322,2024-05-14 00:00:00.000,Request for Entry of Default / Judgment,2,651664636192982579093309114520594335,Request,REQ080,request_for_default_judgment_24chlc06145_100508322,https://drive.google.com/file/d/135pLnpdULGSEv5I2J5uj2CEHCmpJ1imH/view?usp=drivesdk
Collections,24CHLC06145,1066093970633160192,"Collections Case - Purchased Debt (Charged Off Consumer Debt Purchased on or after January 1,2014)",100508323,2024-05-14 00:00:00.000,Declaration (name extension),2,232898889406729013406757582606246854,Declaration,DEC010,declaration_24chlc06145_100508323,https://drive.google.com/file/d/1B5OWtjOjGXdUhZh7ZdUVfs2kZGQ5zjXD/view?usp=drivesdk
Collections,24CHLC06145,1066093970633160192,"Collections Case - Purchased Debt (Charged Off Consumer Debt Purchased on or after January 1,2014)",100508324,2024-05-14 00:00:00.000,Declaration (name extension),2,1030496198308348975403178723407467489,Declaration,DEC010,declaration_24chlc06145_100508324,https://drive.google.com/file/d/1Kv0N1nGA830YqnL9Rl_THc1aiOcaoxsx/view?usp=drivesdk
Collections,24CHLC06145,1066093970633160192,"Collections Case - Purchased Debt (Charged Off Consumer Debt Purchased on or after January 1,2014)",100508325,2024-05-17 00:00:00.000,Default Judgment,2,1160530204563119213721329700449360372,Judgment,JUD020,,
Collections,24CHLC07173,159610062119394720,"Collections Case - Purchased Debt (Charged Off Consumer Debt Purchased on or after January 1,2014)",98947586,2024-02-29 00:00:00.000,Complaint,2,827943009760046017043252010144778707,Complaint,COM040,complaint_24chlc07173_98947586,https://drive.google.com/file/d/1bpTeunFKM3h49Tlfbk6NAlyyB_tGb-ha/view?usp=drivesdk
Collections,24CHLC07173,159610062119394720,"Collections Case - Purchased Debt (Charged Off Consumer Debt Purchased on or after January 1,2014)",98947587,2024-02-29 00:00:00.000,Civil Case Cover Sheet,2,106366601912756173553483964762401205,Miscellaneous,MISC020,,
Collections,24CHLC07173,159610062119394720,"Collections Case - Purchased Debt (Charged Off Consumer Debt Purchased on or after January 1,2014)",98947588,2024-02-29 00:00:00.000,Summons,2,350665104610776776094341330206377394,Issuance,ISS030,,
Collections,24CHLC07173,159610062119394720,"Collections Case - Purchased Debt (Charged Off Consumer Debt Purchased on or after January 1,2014)",98947589,2024-02-29 00:00:00.000,Declaration in Support of Bus. & Prof. Code 6322.1(c)(1),2,961148147548385448578742477254291208,Declaration,DEC075,declaration_24chlc07173_98947589,
Collections,24CHLC07173,159610062119394720,"Collections Case - Purchased Debt (Charged Off Consumer Debt Purchased on or after January 1,2014)",98947590,2024-02-29 00:00:00.000,Declaration (name extension),2,915870232472196481214579336182581445,Declaration,DEC010,declaration_24chlc07173_98947590,https://drive.google.com/file/d/1-K8pfXfnfNTgCT2Zk9VfEXL8KSDTEdeW/view?usp=drivesdk
Collections,24CHLC07173,159610062119394720,"Collections Case - Purchased Debt (Charged Off Consumer Debt Purchased on or after January 1,2014)",98947591,2024-02-29 00:00:00.000,"Order to Show Cause Hearing/Case Management Review (Cal. Rules of Court, rule 3.740)",2,40939247978835546051342059335196945,Order to Show Cause,OSC030,,
Collections,24CHLC07173,159610062119394720,"Collections Case - Purchased Debt (Charged Off Consumer Debt Purchased on or after January 1,2014)",98947592,2024-02-29 00:00:00.000,Notice of Case Assignment - Limited Civil Case,2,812154488862676273464094495883611220,Notice,NTC040L,,
Collections,24CHLC07173,159610062119394720,"Collections Case - Purchased Debt (Charged Off Consumer Debt Purchased on or after January 1,2014)",99570255,2024-03-28 00:00:00.000,Declaration (name extension),2,605098552993093741272517787735998629,Declaration,DEC010,declaration_24chlc07173_99570255,https://drive.google.com/file/d/1XgOzmjGE76WMDS_n_jNPQS9u2relIkMM/view?usp=drivesdk
Collections,24CHLC07173,159610062119394720,"Collections Case - Purchased Debt (Charged Off Consumer Debt Purchased on or after January 1,2014)",99773075,2024-04-09 00:00:00.000,Proof of Personal Service,2,784905280385283238182628786327368877,Proof of Service,POS110,,
Collections,24CHLC07173,159610062119394720,"Collections Case - Purchased Debt (Charged Off Consumer Debt Purchased on or after January 1,2014)",103006536,2024-09-12 00:00:00.000,Request for Dismissal,2,764410176057845238286007888456475297,Request,REQ070,,
Collections,24CHLC07173,159610062119394720,"Collections Case - Purchased Debt (Charged Off Consumer Debt Purchased on or after January 1,2014)",103006538,2024-09-12 00:00:00.000,Declaration (name extension),2,1012204731405530218251737137079250862,Declaration,DEC010,declaration_24chlc07173_103006538,https://drive.google.com/file/d/1T1AaPEaweU_PXTuAtU0H4xPg3uOs70nb/view?usp=drivesdk
Collections,24CHLC07173,159610062119394720,"Collections Case - Purchased Debt (Charged Off Consumer Debt Purchased on or after January 1,2014)",103006539,2024-09-12 00:00:00.000,Declaration (name extension),2,186865403762072845001118155905275645,Declaration,DEC010,declaration_24chlc07173_103006539,https://drive.google.com/file/d/1sdTV9CZRiRB0WkHtM4dEV8t5rFpvmrxD/view?usp=drivesdk
Collections,24CHLC07173,159610062119394720,"Collections Case - Purchased Debt (Charged Off Consumer Debt Purchased on or after January 1,2014)",103006540,2024-09-12 00:00:00.000,Request for Entry of Default / Judgment,2,1125013187347803390618397209393293693,Request,REQ080,request_for_default_judgment_24chlc07173_103006540,https://drive.google.com/file/d/1DNI7KaHYU9b845M7OO253ujZ5nGi8RAj/view?usp=drivesdk
Collections,24CHLC07173,159610062119394720,"Collections Case - Purchased Debt (Charged Off Consumer Debt Purchased on or after January 1,2014)",103006537,2024-10-01 00:00:00.000,Default Judgment,2,540386454781839536627904071422069800,Judgment,JUD020,,
Collections,24CHLC07173,159610062119394720,"Collections Case - Purchased Debt (Charged Off Consumer Debt Purchased on or after January 1,2014)",106884978,2025-03-12 00:00:00.000,Abstract of Judgment - Civil and Small Claims,2,342944880114901532806447667470208940,Post Judgment,PJ010,,
Collections,24CHLC08148,747602387704234880,"Collections Case - Purchased Debt (Charged Off Consumer Debt Purchased on or after January 1,2014)",99095692,2024-03-07 00:00:00.000,Complaint,2,926017619368186179932642442857330423,Complaint,COM040,complaint_24chlc08148_99095692,https://drive.google.com/file/d/1J_CDT0SjY5VD6yIWGW9rkYxGzvB2LYow/view?usp=drivesdk
Collections,24CHLC08148,747602387704234880,"Collections Case - Purchased Debt (Charged Off Consumer Debt Purchased on or after January 1,2014)",99095693,2024-03-07 00:00:00.000,Summons,2,860763648416404056275508150749549814,Issuance,ISS030,,
Collections,24CHLC08148,747602387704234880,"Collections Case - Purchased Debt (Charged Off Consumer Debt Purchased on or after January 1,2014)",99095694,2024-03-07 00:00:00.000,Civil Case Cover Sheet,2,93675813247690939380636264486837333,Miscellaneous,MISC020,,
Collections,24CHLC08148,747602387704234880,"Collections Case - Purchased Debt (Charged Off Consumer Debt Purchased on or after January 1,2014)",99095695,2024-03-07 00:00:00.000,"Order to Show Cause Hearing/Case Management Review (Cal. Rules of Court, rule 3.740)",2,6983155055540262743356394921326210,Order to Show Cause,OSC030,,
Collections,24CHLC08148,747602387704234880,"Collections Case - Purchased Debt (Charged Off Consumer Debt Purchased on or after January 1,2014)",99095696,2024-03-07 00:00:00.000,Notice of Case Assignment - Limited Civil Case,2,163409340452107877388206286414262776,Notice,NTC040L,,
Collections,24CHLC08148,747602387704234880,"Collections Case - Purchased Debt (Charged Off Consumer Debt Purchased on or after January 1,2014)",100283402,2024-05-02 00:00:00.000,Proof of Service by Substituted Service,2,103731011669873886375052571899839856,Proof of Service,POS160,,
Collections,24CHLC08148,747602387704234880,"Collections Case - Purchased Debt (Charged Off Consumer Debt Purchased on or after January 1,2014)",101106671,2024-06-11 00:00:00.000,Request for Entry of Default / Judgment,2,1118407092162411710965976401923855033,Request,REQ080,request_for_default_judgment_24chlc08148_101106671,https://drive.google.com/file/d/1CaGeikGvkjld9AtSd1DHOFAPc7QDpk66/view?usp=drivesdk
Collections,24CHLC08148,747602387704234880,"Collections Case - Purchased Debt (Charged Off Consumer Debt Purchased on or after January 1,2014)",101106673,2024-06-11 00:00:00.000,Declaration (name extension),2,662251797421850264164239994303877244,Declaration,DEC010,declaration_24chlc08148_101106673,https://drive.google.com/file/d/1Zq5ZQN1T8SkwqKRdSvnvPbU6DjVX9VTX/view?usp=drivesdk
Collections,24CHLC08148,747602387704234880,"Collections Case - Purchased Debt (Charged Off Consumer Debt Purchased on or after January 1,2014)",101106674,2024-06-11 00:00:00.000,Declaration (name extension),2,340614063090047951668154794232922999,Declaration,DEC010,declaration_24chlc08148_101106674,https://drive.google.com/file/d/1KKlvGxWFQ5BfnNAcxeXj086SZiinq203/view?usp=drivesdk
Collections,24CHLC08148,747602387704234880,"Collections Case - Purchased Debt (Charged Off Consumer Debt Purchased on or after January 1,2014)",101106672,2024-06-25 00:00:00.000,Default Judgment,2,79363172106261641334777152507143381,Judgment,JUD020,,
Collections,24CHLC10451,864646314171438848,"Collections Case - Purchased Debt (Charged Off Consumer Debt Purchased on or after January 1,2014)",99438679,2024-03-20 00:00:00.000,Complaint,2,730923024728889701150772858617779891,Complaint,COM040,complaint_24chlc10451_99438679,https://drive.google.com/file/d/1hFySSTOLtMyCCfRPvKzE_Z7vLNnnbLDI/view?usp=drivesdk
Collections,24CHLC10451,864646314171438848,"Collections Case - Purchased Debt (Charged Off Consumer Debt Purchased on or after January 1,2014)",99438680,2024-03-20 00:00:00.000,Summons,2,466320733334130719394258877625327965,Issuance,ISS030,,
Collections,24CHLC10451,864646314171438848,"Collections Case - Purchased Debt (Charged Off Consumer Debt Purchased on or after January 1,2014)",99438681,2024-03-20 00:00:00.000,Civil Case Cover Sheet,2,417064971272833061992446838750018158,Miscellaneous,MISC020,,
Collections,24CHLC10451,864646314171438848,"Collections Case - Purchased Debt (Charged Off Consumer Debt Purchased on or after January 1,2014)",99438682,2024-03-20 00:00:00.000,"Order to Show Cause Hearing/Case Management Review (Cal. Rules of Court, rule 3.740)",2,1223999001951433699094388784770701895,Order to Show Cause,OSC030,,
Collections,24CHLC10451,864646314171438848,"Collections Case - Purchased Debt (Charged Off Consumer Debt Purchased on or after January 1,2014)",99438683,2024-03-20 00:00:00.000,Notice of Case Assignment - Limited Civil Case,2,1209326495211712127286836912685413658,Notice,NTC040L,,
Collections,24CHLC10451,864646314171438848,"Collections Case - Purchased Debt (Charged Off Consumer Debt Purchased on or after January 1,2014)",100094093,2024-04-23 00:00:00.000,Proof of Personal Service,2,249397666485343489590438273727738219,Proof of Service,POS110,,
Collections,24CHLC10451,864646314171438848,"Collections Case - Purchased Debt (Charged Off Consumer Debt Purchased on or after January 1,2014)",101268501,2024-06-20 00:00:00.000,Request for Entry of Default / Judgment,2,1237636172333865921786597532040425417,Request,REQ080,request_for_default_judgment_24chlc10451_101268501,https://drive.google.com/file/d/1G7FIXUzKXVMgrsunGOdmhxs1d_91toc7/view?usp=drivesdk
Collections,24CHLC10451,864646314171438848,"Collections Case - Purchased Debt (Charged Off Consumer Debt Purchased on or after January 1,2014)",101268502,2024-06-20 00:00:00.000,Declaration of Costs - CCP 1033,2,922087900725129829158524194272161937,Costs,CST010,declaration_24chlc10451_101268502,
Collections,24CHLC10451,864646314171438848,"Collections Case - Purchased Debt (Charged Off Consumer Debt Purchased on or after January 1,2014)",101268503,2024-06-20 00:00:00.000,Declaration Pursuant to 585 CCP in Support of Default Judgment,2,94130271039656749503069863180998049,Declaration,DEC071,declaration_24chlc10451_101268503,https://drive.google.com/file/d/13KVEK3_Ey1WiQ6SoniEvsu6RhdnQF6cV/view?usp=drivesdk
Collections,24CHLC10451,864646314171438848,"Collections Case - Purchased Debt (Charged Off Consumer Debt Purchased on or after January 1,2014)",101268505,2024-06-20 00:00:00.000,Request for Dismissal,2,892335962012251422027503369855647839,Request,REQ070,,
Collections,24CHLC10451,864646314171438848,"Collections Case - Purchased Debt (Charged Off Consumer Debt Purchased on or after January 1,2014)",101268504,2024-07-02 00:00:00.000,Judgment,2,952372264632640896381583664557907226,Judgment,JUD015,,
Collections,24CHLC10451,864646314171438848,"Collections Case - Purchased Debt (Charged Off Consumer Debt Purchased on or after January 1,2014)",103705426,2024-10-15 00:00:00.000,Writ of Execution,2,986022688520518565410429112940305514,Writ,WRIT030,,
Collections,24CHLC10451,864646314171438848,"Collections Case - Purchased Debt (Charged Off Consumer Debt Purchased on or after January 1,2014)",103705427,2024-10-15 00:00:00.000,"Memorandum of Costs After Judgment, Acknowledgment of Credit, and Declaration of Accrued Interest",2,1248219626679084659995170760446725350,Costs,CST040,declaration_24chlc10451_103705427,
Collections,24CHLC10482,1148626860080167424,"Collections Case - Purchased Debt (Charged Off Consumer Debt Purchased on or after January 1,2014)",99440712,2024-03-20 00:00:00.000,Complaint,2,417315054056975669210359599524949296,Complaint,COM040,complaint_24chlc10482_99440712,https://drive.google.com/file/d/1Nn0IWm9A111Rm82PSO0aa3mpUAFs0uxt/view?usp=drivesdk
Collections,24CHLC10482,1148626860080167424,"Collections Case - Purchased Debt (Charged Off Consumer Debt Purchased on or after January 1,2014)",99440713,2024-03-20 00:00:00.000,Declaration (name extension),2,752741447529006082021501231051099900,Declaration,DEC010,declaration_24chlc10482_99440713,https://drive.google.com/file/d/14lKZ85nzN43tW03fTmPXtJNU2YgFu1Sa/view?usp=drivesdk
Collections,24CHLC10482,1148626860080167424,"Collections Case - Purchased Debt (Charged Off Consumer Debt Purchased on or after January 1,2014)",99440714,2024-03-20 00:00:00.000,Summons,2,1206634751138147830248985175034255264,Issuance,ISS030,,
Collections,24CHLC10482,1148626860080167424,"Collections Case - Purchased Debt (Charged Off Consumer Debt Purchased on or after January 1,2014)",99440715,2024-03-20 00:00:00.000,Civil Case Cover Sheet,2,369612629714444779820947610374340079,Miscellaneous,MISC020,,
Collections,24CHLC10482,1148626860080167424,"Collections Case - Purchased Debt (Charged Off Consumer Debt Purchased on or after January 1,2014)",99440716,2024-03-20 00:00:00.000,"Order to Show Cause Hearing/Case Management Review (Cal. Rules of Court, rule 3.740)",2,336389506900853643155810852216700669,Order to Show Cause,OSC030,,
Collections,24CHLC10482,1148626860080167424,"Collections Case - Purchased Debt (Charged Off Consumer Debt Purchased on or after January 1,2014)",99440717,2024-03-20 00:00:00.000,Notice of Case Assignment - Limited Civil Case,2,279693289067403712867282992304276578,Notice,NTC040L,,
Collections,24CHLC10482,1148626860080167424,"Collections Case - Purchased Debt (Charged Off Consumer Debt Purchased on or after January 1,2014)",99677066,2024-04-03 00:00:00.000,Proof of Personal Service,2,289543559988938853206759226061255361,Proof of Service,POS110,,
Collections,24CHLC10482,1148626860080167424,"Collections Case - Purchased Debt (Charged Off Consumer Debt Purchased on or after January 1,2014)",101086950,2024-06-11 00:00:00.000,Request for Entry of Default / Judgment,2,1178881101119061014895921645337988070,Request,REQ080,request_for_default_judgment_24chlc10482_101086950,https://drive.google.com/file/d/1OtwjOX6qQBvI6PT03FLY2frbquLBSswI/view?usp=drivesdk
Collections,24CHLC10482,1148626860080167424,"Collections Case - Purchased Debt (Charged Off Consumer Debt Purchased on or after January 1,2014)",101086951,2024-06-11 00:00:00.000,Declaration (name extension),2,770031510103513132374203571752988044,Declaration,DEC010,declaration_24chlc10482_101086951,https://drive.google.com/file/d/1WrrnsBmKhYA9IyLtIATbg4dA5lEEpQJf/view?usp=drivesdk
Collections,24CHLC10482,1148626860080167424,"Collections Case - Purchased Debt (Charged Off Consumer Debt Purchased on or after January 1,2014)",101086952,2024-06-11 00:00:00.000,Declaration (name extension),2,659794225524447364958332041340644633,Declaration,DEC010,declaration_24chlc10482_101086952,https://drive.google.com/file/d/1b0tB11xEHS-idnCldfBnAw0hisnNvS05/view?usp=drivesdk
Collections,24CHLC10482,1148626860080167424,"Collections Case - Purchased Debt (Charged Off Consumer Debt Purchased on or after January 1,2014)",101086953,2024-06-11 00:00:00.000,Declaration re: Attorney's Fees,2,728898351557866840784490582698880025,Declaration,DEC080,declaration_24chlc10482_101086953,
Collections,24CHLC10482,1148626860080167424,"Collections Case - Purchased Debt (Charged Off Consumer Debt Purchased on or after January 1,2014)",101086954,2024-06-11 00:00:00.000,Request for Dismissal,2,76430727921852209951265823438955609,Request,REQ070,,
Collections,24CHLC10482,1148626860080167424,"Collections Case - Purchased Debt (Charged Off Consumer Debt Purchased on or after January 1,2014)",103130627,2024-09-17 00:00:00.000,Request for Entry of Default / Judgment,2,1319901444539063006829521190012850584,Request,REQ080,request_for_default_judgment_24chlc10482_103130627,
Collections,24CHLC10482,1148626860080167424,"Collections Case - Purchased Debt (Charged Off Consumer Debt Purchased on or after January 1,2014)",103130628,2024-09-17 00:00:00.000,Declaration re: Attorney's Fees,2,697951750968409135410233087589639805,Declaration,DEC080,declaration_24chlc10482_103130628,
Collections,24CHLC10482,1148626860080167424,"Collections Case - Purchased Debt (Charged Off Consumer Debt Purchased on or after January 1,2014)",103130629,2024-09-17 00:00:00.000,Declaration (name extension),2,422290914057209141314742806212623776,Declaration,DEC010,declaration_24chlc10482_103130629,https://drive.google.com/file/d/1ZeMALtqzZxGsCauZDeNP3L9q5azv1EXj/view?usp=drivesdk
Collections,24CHLC10482,1148626860080167424,"Collections Case - Purchased Debt (Charged Off Consumer Debt Purchased on or after January 1,2014)",103130632,2024-09-17 00:00:00.000,Declaration (name extension),2,1311673987446589145652145666188493576,Declaration,DEC010,declaration_24chlc10482_103130632,https://drive.google.com/file/d/1e1avPP4HBf-bIFQntdiRucLGeNPE2Mgw/view?usp=drivesdk
Collections,24CHLC10482,1148626860080167424,"Collections Case - Purchased Debt (Charged Off Consumer Debt Purchased on or after January 1,2014)",103130631,2024-09-20 00:00:00.000,Order (name extension),2,165620130716202081296661529289119894,Order,ORD010,,
Collections,24CHLC10482,1148626860080167424,"Collections Case - Purchased Debt (Charged Off Consumer Debt Purchased on or after January 1,2014)",103130630,2024-10-02 00:00:00.000,Judgment,2,342655709973026951584913580624490790,Judgment,JUD015,,
Collections,24CHLC12895,389881639624985088,"Collections Case - Purchased Debt (Charged Off Consumer Debt Purchased on or after January 1,2014)",99770285,2024-04-08 00:00:00.000,Complaint,2,1094888716029269227456473896273417422,Complaint,COM040,complaint_24chlc12895_99770285,https://drive.google.com/file/d/1AELbLszPCIIVYQ6kQdu4o2TeUo3PJgYA/view?usp=drivesdk
Collections,24CHLC12895,389881639624985088,"Collections Case - Purchased Debt (Charged Off Consumer Debt Purchased on or after January 1,2014)",99770286,2024-04-08 00:00:00.000,Civil Case Cover Sheet,2,911503944026190893257364913513793602,Miscellaneous,MISC020,,
Collections,24CHLC12895,389881639624985088,"Collections Case - Purchased Debt (Charged Off Consumer Debt Purchased on or after January 1,2014)",99770287,2024-04-08 00:00:00.000,Summons,2,1163326183849847186773482622536484238,Issuance,ISS030,,
Collections,24CHLC12895,389881639624985088,"Collections Case - Purchased Debt (Charged Off Consumer Debt Purchased on or after January 1,2014)",99770288,2024-04-08 00:00:00.000,Declaration (name extension),2,968688139059005348507151843390030895,Declaration,DEC010,declaration_24chlc12895_99770288,https://drive.google.com/file/d/1zZ1OopuSS53K5FRCwiFzLPS2Opx4vho2/view?usp=drivesdk
Collections,24CHLC12895,389881639624985088,"Collections Case - Purchased Debt (Charged Off Consumer Debt Purchased on or after January 1,2014)",99770289,2024-04-08 00:00:00.000,"Order to Show Cause Hearing/Case Management Review (Cal. Rules of Court, rule 3.740)",2,928084898856463004812747241947604550,Order to Show Cause,OSC030,,
Collections,24CHLC12895,389881639624985088,"Collections Case - Purchased Debt (Charged Off Consumer Debt Purchased on or after January 1,2014)",99770290,2024-04-08 00:00:00.000,Notice of Case Assignment - Limited Civil Case,2,228317616137983395493952158039783840,Notice,NTC040L,,
Collections,24CHLC12895,389881639624985088,"Collections Case - Purchased Debt (Charged Off Consumer Debt Purchased on or after January 1,2014)",100122387,2024-04-25 00:00:00.000,Proof of Service by Substituted Service,2,409035007828095788688129384153398709,Proof of Service,POS160,,
Collections,24CHLC12895,389881639624985088,"Collections Case - Purchased Debt (Charged Off Consumer Debt Purchased on or after January 1,2014)",100307704,2024-05-03 00:00:00.000,Notice of Rejection - Pleadings,2,170908407035117667738592686317565052,Rejections,REJ100,,
Collections,24CHLC12895,389881639624985088,"Collections Case - Purchased Debt (Charged Off Consumer Debt Purchased on or after January 1,2014)",101527154,2024-07-01 00:00:00.000,Request for Entry of Default / Judgment,2,839649831371104471184809651207481743,Request,REQ080,request_for_default_judgment_24chlc12895_101527154,https://drive.google.com/file/d/1FGICHoX1F49ipJZUwPXMjjGn2aLxpzbE/view?usp=drivesdk
Collections,24CHLC12895,389881639624985088,"Collections Case - Purchased Debt (Charged Off Consumer Debt Purchased on or after January 1,2014)",101527156,2024-07-01 00:00:00.000,Request for Dismissal,2,598869439198732526143566768770706945,Request,REQ070,,
Collections,24CHLC12895,389881639624985088,"Collections Case - Purchased Debt (Charged Off Consumer Debt Purchased on or after January 1,2014)",101527157,2024-07-01 00:00:00.000,Declaration re: Attorney's Fees,2,548167298130793364286764963169381357,Declaration,DEC080,declaration_24chlc12895_101527157,
Collections,24CHLC12895,389881639624985088,"Collections Case - Purchased Debt (Charged Off Consumer Debt Purchased on or after January 1,2014)",101527158,2024-07-01 00:00:00.000,Declaration of Costs - CCP 1033,2,229624127201659896787968004846070123,Costs,CST010,declaration_24chlc12895_101527158,
Collections,24CHLC12895,389881639624985088,"Collections Case - Purchased Debt (Charged Off Consumer Debt Purchased on or after January 1,2014)",101527159,2024-07-01 00:00:00.000,Declaration (name extension),2,80034032664194485699559548018855393,Declaration,DEC010,declaration_24chlc12895_101527159,https://drive.google.com/file/d/1SIm_70E0XphnIXgHURAPAQ2wVixk723q/view?usp=drivesdk
Collections,24CHLC12895,389881639624985088,"Collections Case - Purchased Debt (Charged Off Consumer Debt Purchased on or after January 1,2014)",101527160,2024-07-01 00:00:00.000,Declaration (name extension),2,737987399692839890449650045589645624,Declaration,DEC010,declaration_24chlc12895_101527160,https://drive.google.com/file/d/1wcJKeOaMNFasFR7kFwYxyq-V8uJX155E/view?usp=drivesdk
Collections,24CHLC12895,389881639624985088,"Collections Case - Purchased Debt (Charged Off Consumer Debt Purchased on or after January 1,2014)",101527155,2024-07-11 00:00:00.000,Judgment,2,774474288978823128357299070388611273,Judgment,JUD015,,
Collections,24CHLC13721,802928971402441856,"Collections Case - Purchased Debt (Charged Off Consumer Debt Purchased on or after January 1,2014)",99851734,2024-04-11 00:00:00.000,Complaint,2,1152002367563946154790244431428120249,Complaint,COM040,complaint_24chlc13721_99851734,https://drive.google.com/file/d/1u0tYs9nRjWPd6TkylOTZPqBMmdB4X8nV/view?usp=drivesdk
Collections,24CHLC13721,802928971402441856,"Collections Case - Purchased Debt (Charged Off Consumer Debt Purchased on or after January 1,2014)",99851735,2024-04-11 00:00:00.000,Civil Case Cover Sheet,2,446283599836913247571034239281978246,Miscellaneous,MISC020,,
Collections,24CHLC13721,802928971402441856,"Collections Case - Purchased Debt (Charged Off Consumer Debt Purchased on or after January 1,2014)",99851736,2024-04-11 00:00:00.000,Summons,2,162303431745385754293030939827427956,Issuance,ISS030,,
Collections,24CHLC13721,802928971402441856,"Collections Case - Purchased Debt (Charged Off Consumer Debt Purchased on or after January 1,2014)",99851737,2024-04-11 00:00:00.000,Declaration in Support of Bus. & Prof. Code 6322.1(c)(1),2,252932219828922886429565312666962374,Declaration,DEC075,declaration_24chlc13721_99851737,
Collections,24CHLC13721,802928971402441856,"Collections Case - Purchased Debt (Charged Off Consumer Debt Purchased on or after January 1,2014)",99851739,2024-04-11 00:00:00.000,"Order to Show Cause Hearing/Case Management Review (Cal. Rules of Court, rule 3.740)",2,894687456808452498230381730217961021,Order to Show Cause,OSC030,,
Collections,24CHLC13721,802928971402441856,"Collections Case - Purchased Debt (Charged Off Consumer Debt Purchased on or after January 1,2014)",99851742,2024-04-11 00:00:00.000,Notice of Case Assignment - Limited Civil Case,2,406896160608557544243100654110631885,Notice,NTC040L,,
Collections,24CHLC13721,802928971402441856,"Collections Case - Purchased Debt (Charged Off Consumer Debt Purchased on or after January 1,2014)",100824084,2024-05-29 00:00:00.000,Proof of Personal Service,2,1305453220324175032013216175853228417,Proof of Service,POS110,,
Collections,24CHLC13721,802928971402441856,"Collections Case - Purchased Debt (Charged Off Consumer Debt Purchased on or after January 1,2014)",103138183,2024-09-19 00:00:00.000,Request for Entry of Default / Judgment,2,1251817444795430454863332858287055802,Request,REQ080,request_for_default_judgment_24chlc13721_103138183,https://drive.google.com/file/d/1vGeADOW3SQM3f01mxOv_h5ZIdHGKbi_p/view?usp=drivesdk
Collections,24CHLC13721,802928971402441856,"Collections Case - Purchased Debt (Charged Off Consumer Debt Purchased on or after January 1,2014)",103138184,2024-09-19 00:00:00.000,Request for Dismissal,2,55972805703255287627504109451207446,Request,REQ070,,
Collections,24CHLC13721,802928971402441856,"Collections Case - Purchased Debt (Charged Off Consumer Debt Purchased on or after January 1,2014)",103138185,2024-09-19 00:00:00.000,Declaration of Costs - CCP 1033,2,562147063731070859832626751645109511,Costs,CST010,declaration_24chlc13721_103138185,
Collections,24CHLC13721,802928971402441856,"Collections Case - Purchased Debt (Charged Off Consumer Debt Purchased on or after January 1,2014)",103138186,2024-09-19 00:00:00.000,Declaration re: Attorney's Fees,2,748995180455106927386158230122163401,Declaration,DEC080,declaration_24chlc13721_103138186,
Collections,24CHLC13721,802928971402441856,"Collections Case - Purchased Debt (Charged Off Consumer Debt Purchased on or after January 1,2014)",103138187,2024-09-19 00:00:00.000,Summary of the Case,2,663822906505851843205473258608913302,Miscellaneous,MISC145,,
Collections,24CHLC13721,802928971402441856,"Collections Case - Purchased Debt (Charged Off Consumer Debt Purchased on or after January 1,2014)",103138188,2024-09-19 00:00:00.000,Declaration (name extension),2,638662516963059485568699734705773320,Declaration,DEC010,declaration_24chlc13721_103138188,https://drive.google.com/file/d/1yvacg2LxFf7b1HHeycTdwCEcYCWGnzcn/view?usp=drivesdk
Collections,24CHLC13721,802928971402441856,"Collections Case - Purchased Debt (Charged Off Consumer Debt Purchased on or after January 1,2014)",103138189,2024-10-03 00:00:00.000,Default Judgment,2,868704455252303172509631675120277280,Judgment,JUD020,,
Collections,24CHLC14300,978923321772166912,"Collections Case - Purchased Debt (Charged Off Consumer Debt Purchased on or after January 1,2014)",99942672,2024-04-16 00:00:00.000,Complaint,2,112736393048386319889989732017576845,Complaint,COM040,complaint_24chlc14300_99942672,https://drive.google.com/file/d/11bEBwNbxUYrgthQ0aIAhsY-th7oOK_EV/view?usp=drivesdk
Collections,24CHLC14300,978923321772166912,"Collections Case - Purchased Debt (Charged Off Consumer Debt Purchased on or after January 1,2014)",99942673,2024-04-16 00:00:00.000,Summons,2,52445902496451847324245239257653435,Issuance,ISS030,,
Collections,24CHLC14300,978923321772166912,"Collections Case - Purchased Debt (Charged Off Consumer Debt Purchased on or after January 1,2014)",99942674,2024-04-16 00:00:00.000,Civil Case Cover Sheet,2,1088376286435866857847194416828718518,Miscellaneous,MISC020,,
Collections,24CHLC14300,978923321772166912,"Collections Case - Purchased Debt (Charged Off Consumer Debt Purchased on or after January 1,2014)",99942675,2024-04-16 00:00:00.000,"Order to Show Cause Hearing/Case Management Review (Cal. Rules of Court, rule 3.740)",2,1290081250475900075932534426496535429,Order to Show Cause,OSC030,,
Collections,24CHLC14300,978923321772166912,"Collections Case - Purchased Debt (Charged Off Consumer Debt Purchased on or after January 1,2014)",99942676,2024-04-16 00:00:00.000,Notice of Case Assignment - Limited Civil Case,2,106073167112207897691168682001446118,Notice,NTC040L,,
Collections,24CHLC14300,978923321772166912,"Collections Case - Purchased Debt (Charged Off Consumer Debt Purchased on or after January 1,2014)",100317860,2024-05-03 00:00:00.000,Proof of Service by Substituted Service,2,1198759435333552377079550570397663733,Proof of Service,POS160,,
Collections,24CHLC14300,978923321772166912,"Collections Case - Purchased Debt (Charged Off Consumer Debt Purchased on or after January 1,2014)",101705587,2024-07-10 00:00:00.000,Declaration Pursuant to 585 CCP in Support of Default Judgment,2,1089588628005408658094888311476919717,Declaration,DEC071,declaration_24chlc14300_101705587,https://drive.google.com/file/d/15Jc_i_nadXC87z1g2tUVLNSOQirQmHo4/view?usp=drivesdk
Collections,24CHLC14300,978923321772166912,"Collections Case - Purchased Debt (Charged Off Consumer Debt Purchased on or after January 1,2014)",101705589,2024-07-10 00:00:00.000,Request for Dismissal,2,1077833112533203330160836408802109110,Request,REQ070,,
Collections,24CHLC14300,978923321772166912,"Collections Case - Purchased Debt (Charged Off Consumer Debt Purchased on or after January 1,2014)",101705590,2024-07-10 00:00:00.000,Request for Entry of Default / Judgment,2,607239431422786600017716885154363196,Request,REQ080,request_for_default_judgment_24chlc14300_101705590,https://drive.google.com/file/d/18hANUYajt8oAuPqx-hm77yZEcs_PAjFr/view?usp=drivesdk
Collections,24CHLC14300,978923321772166912,"Collections Case - Purchased Debt (Charged Off Consumer Debt Purchased on or after January 1,2014)",101705591,2024-07-10 00:00:00.000,Declaration of Costs - CCP 1033,2,805132301465807901851885437754666859,Costs,CST010,declaration_24chlc14300_101705591,
Collections,24CHLC14300,978923321772166912,"Collections Case - Purchased Debt (Charged Off Consumer Debt Purchased on or after January 1,2014)",101705588,2024-07-11 00:00:00.000,Judgment,2,586305354710466927603261355523779285,Judgment,JUD015,,
Collections,24CHLC16339,331467577288303680,"Collections Case - Purchased Debt (Charged Off Consumer Debt Purchased on or after January 1,2014)",100296998,2024-05-03 00:00:00.000,Complaint,2,703663010363465172019310976406757268,Complaint,COM040,complaint_24chlc16339_100296998,https://drive.google.com/file/d/1jc01uMVJW-TAo6ZtrJep8QvbNGpt4cvC/view?usp=drivesdk
Collections,24CHLC16339,331467577288303680,"Collections Case - Purchased Debt (Charged Off Consumer Debt Purchased on or after January 1,2014)",100296999,2024-05-03 00:00:00.000,Declaration (name extension),2,861962758490174797081206038453440181,Declaration,DEC010,declaration_24chlc16339_100296999,https://drive.google.com/file/d/1fUz4FC5OmQtCssHWgjLNEZm18RoY70tz/view?usp=drivesdk
Collections,24CHLC16339,331467577288303680,"Collections Case - Purchased Debt (Charged Off Consumer Debt Purchased on or after January 1,2014)",100297000,2024-05-03 00:00:00.000,Summons,2,538294940094369101047546341451916589,Issuance,ISS030,,
Collections,24CHLC16339,331467577288303680,"Collections Case - Purchased Debt (Charged Off Consumer Debt Purchased on or after January 1,2014)",100297001,2024-05-03 00:00:00.000,Declaration in Support of Bus. & Prof. Code 6322.1(c)(1),2,1216104763489833652915703143489249747,Declaration,DEC075,declaration_24chlc16339_100297001,
Collections,24CHLC16339,331467577288303680,"Collections Case - Purchased Debt (Charged Off Consumer Debt Purchased on or after January 1,2014)",100297002,2024-05-03 00:00:00.000,Civil Case Cover Sheet,2,174248598448325186236139366302990962,Miscellaneous,MISC020,,
Collections,24CHLC16339,331467577288303680,"Collections Case - Purchased Debt (Charged Off Consumer Debt Purchased on or after January 1,2014)",100297003,2024-05-03 00:00:00.000,"Order to Show Cause Hearing/Case Management Review (Cal. Rules of Court, rule 3.740)",2,836796067681792692386531594249618529,Order to Show Cause,OSC030,,
Collections,24CHLC16339,331467577288303680,"Collections Case - Purchased Debt (Charged Off Consumer Debt Purchased on or after January 1,2014)",100297004,2024-05-03 00:00:00.000,Notice of Case Assignment - Limited Civil Case,2,998643451499583738271097677699680821,Notice,NTC040L,,
Collections,24CHLC16339,331467577288303680,"Collections Case - Purchased Debt (Charged Off Consumer Debt Purchased on or after January 1,2014)",100429084,2024-05-09 00:00:00.000,Proof of Personal Service,2,71163894163614527689927339405101103,Proof of Service,POS110,,
Collections,24CHLC16339,331467577288303680,"Collections Case - Purchased Debt (Charged Off Consumer Debt Purchased on or after January 1,2014)",103525924,2024-10-07 00:00:00.000,Request for Entry of Default / Judgment,2,1027369819485676007414900232390251824,Request,REQ080,request_for_default_judgment_24chlc16339_103525924,https://drive.google.com/file/d/13QSaRUxo1cM7OPsdGpOVuwZFdFKWqzEG/view?usp=drivesdk
Collections,24CHLC16339,331467577288303680,"Collections Case - Purchased Debt (Charged Off Consumer Debt Purchased on or after January 1,2014)",103525925,2024-10-07 00:00:00.000,Declaration (name extension),2,577115195284900995525825569950834162,Declaration,DEC010,declaration_24chlc16339_103525925,https://drive.google.com/file/d/1zhemmY9pyVeX0xs-PpqG-ykK-Ks_D1N1/view?usp=drivesdk
Collections,24CHLC16339,331467577288303680,"Collections Case - Purchased Debt (Charged Off Consumer Debt Purchased on or after January 1,2014)",103525926,2024-10-07 00:00:00.000,Declaration (name extension),2,54399246976409381523650023790193528,Declaration,DEC010,declaration_24chlc16339_103525926,https://drive.google.com/file/d/1pIN44l2V78Wf2b_Hbb23G469V-Gp80J5/view?usp=drivesdk
Collections,24CHLC16339,331467577288303680,"Collections Case - Purchased Debt (Charged Off Consumer Debt Purchased on or after January 1,2014)",103525927,2024-10-07 00:00:00.000,Declaration of Costs - CCP 1033,2,328764716612895123450971299718927440,Costs,CST010,declaration_24chlc16339_103525927,
Collections,24CHLC16339,331467577288303680,"Collections Case - Purchased Debt (Charged Off Consumer Debt Purchased on or after January 1,2014)",103525928,2024-10-07 00:00:00.000,Request for Dismissal,2,1075513234099322079775829901487198310,Request,REQ070,,
Collections,24CHLC16339,331467577288303680,"Collections Case - Purchased Debt (Charged Off Consumer Debt Purchased on or after January 1,2014)",103525930,2024-10-07 00:00:00.000,Declaration (name extension),2,118285585545542560575576460033976636,Declaration,DEC010,declaration_24chlc16339_103525930,https://drive.google.com/file/d/1FDQeh03MfmALzH8bneWskCxVvkfgr4X2/view?usp=drivesdk
Collections,24CHLC16339,331467577288303680,"Collections Case - Purchased Debt (Charged Off Consumer Debt Purchased on or after January 1,2014)",103525929,2024-10-15 00:00:00.000,Judgment,2,382416812874125156494658909990965742,Judgment,JUD015,,
Collections,24CHLC16339,331467577288303680,"Collections Case - Purchased Debt (Charged Off Consumer Debt Purchased on or after January 1,2014)",110814890,2025-08-26 00:00:00.000,"Memorandum of Costs After Judgment, Acknowledgment of Credit, and Declaration of Accrued Interest",2,714862306015203537358779645115864387,Costs,CST040,declaration_24chlc16339_110814890,
Collections,24CHLC16339,331467577288303680,"Collections Case - Purchased Debt (Charged Off Consumer Debt Purchased on or after January 1,2014)",110814889,2025-08-28 00:00:00.000,Writ of Execution,2,182781114572484707416211107263846432,Writ,WRIT030,,
Collections,24CHLC16361,662854941624568576,"Collections Case - Purchased Debt (Charged Off Consumer Debt Purchased on or after January 1,2014)",100299156,2024-05-03 00:00:00.000,Complaint,2,558785305811507507764107090258834470,Complaint,COM040,complaint_24chlc16361_100299156,https://drive.google.com/file/d/1p_gskA7jyIcioRav7IbtYuMpVzaSrzi4/view?usp=drivesdk
Collections,24CHLC16361,662854941624568576,"Collections Case - Purchased Debt (Charged Off Consumer Debt Purchased on or after January 1,2014)",100299157,2024-05-03 00:00:00.000,Civil Case Cover Sheet,2,812636574915825810230364183323268657,Miscellaneous,MISC020,,
Collections,24CHLC16361,662854941624568576,"Collections Case - Purchased Debt (Charged Off Consumer Debt Purchased on or after January 1,2014)",100299158,2024-05-03 00:00:00.000,Declaration in Support of Bus. & Prof. Code 6322.1(c)(1),2,809778966374841339563349020359933273,Declaration,DEC075,declaration_24chlc16361_100299158,
Collections,24CHLC16361,662854941624568576,"Collections Case - Purchased Debt (Charged Off Consumer Debt Purchased on or after January 1,2014)",100299159,2024-05-03 00:00:00.000,Summons,2,196701124227750200940194187459385553,Issuance,ISS030,,
Collections,24CHLC16361,662854941624568576,"Collections Case - Purchased Debt (Charged Off Consumer Debt Purchased on or after January 1,2014)",100299160,2024-05-03 00:00:00.000,Declaration (name extension),2,474685304563360953156788541517258672,Declaration,DEC010,declaration_24chlc16361_100299160,https://drive.google.com/file/d/1J9VAWj0y9_g3achuzgZ4teH-0yMmauig/view?usp=drivesdk
Collections,24CHLC16361,662854941624568576,"Collections Case - Purchased Debt (Charged Off Consumer Debt Purchased on or after January 1,2014)",100299162,2024-05-03 00:00:00.000,"Order to Show Cause Hearing/Case Management Review (Cal. Rules of Court, rule 3.740)",2,789076278504639629614092602395441196,Order to Show Cause,OSC030,,
Collections,24CHLC16361,662854941624568576,"Collections Case - Purchased Debt (Charged Off Consumer Debt Purchased on or after January 1,2014)",100299163,2024-05-03 00:00:00.000,Notice of Case Assignment - Limited Civil Case,2,1201077054724313365735164570811833315,Notice,NTC040L,,
Collections,24CHLC16361,662854941624568576,"Collections Case - Purchased Debt (Charged Off Consumer Debt Purchased on or after January 1,2014)",100354344,2024-05-06 00:00:00.000,Proof of Personal Service,2,276767793495176290865716241292064204,Proof of Service,POS110,,
Collections,24CHLC16361,662854941624568576,"Collections Case - Purchased Debt (Charged Off Consumer Debt Purchased on or after January 1,2014)",103526481,2024-10-07 00:00:00.000,Request for Entry of Default / Judgment,2,1253711204943889663339596275741147181,Request,REQ080,request_for_default_judgment_24chlc16361_103526481,https://drive.google.com/file/d/1WVwBnj4yOaDt-WqRpxW6w_63zg2apFa2/view?usp=drivesdk
Collections,24CHLC16361,662854941624568576,"Collections Case - Purchased Debt (Charged Off Consumer Debt Purchased on or after January 1,2014)",103526482,2024-10-07 00:00:00.000,Declaration (name extension),2,260091628342779808316375253761681856,Declaration,DEC010,declaration_24chlc16361_103526482,https://drive.google.com/file/d/1d1Kf3aJkqaD-Qde-4Qe51XmrBg8EbWn5/view?usp=drivesdk
Collections,24CHLC16361,662854941624568576,"Collections Case - Purchased Debt (Charged Off Consumer Debt Purchased on or after January 1,2014)",103526483,2024-10-07 00:00:00.000,Declaration (name extension),2,82648567958104474488303982281829070,Declaration,DEC010,declaration_24chlc16361_103526483,https://drive.google.com/file/d/13E2ID6clS7ZqFSJ33zVz7D-0C3N4ktPF/view?usp=drivesdk
Collections,24CHLC16361,662854941624568576,"Collections Case - Purchased Debt (Charged Off Consumer Debt Purchased on or after January 1,2014)",103526484,2024-10-07 00:00:00.000,Declaration of Costs - CCP 1033,2,154678747959113840062200990407062089,Costs,CST010,declaration_24chlc16361_103526484,
Collections,24CHLC16361,662854941624568576,"Collections Case - Purchased Debt (Charged Off Consumer Debt Purchased on or after January 1,2014)",103526485,2024-10-07 00:00:00.000,Request for Dismissal,2,953351813128513566043003450646811997,Request,REQ070,,
Collections,24CHLC16361,662854941624568576,"Collections Case - Purchased Debt (Charged Off Consumer Debt Purchased on or after January 1,2014)",103526487,2024-10-07 00:00:00.000,Declaration (name extension),2,543547215099716921694994161779569450,Declaration,DEC010,declaration_24chlc16361_103526487,https://drive.google.com/file/d/1-RP_Sr5dmgV1J-i_IYT6Kk3RP-iD2LJ_/view?usp=drivesdk
Collections,24CHLC16361,662854941624568576,"Collections Case - Purchased Debt (Charged Off Consumer Debt Purchased on or after January 1,2014)",103526486,2024-10-15 00:00:00.000,Judgment,2,1266370355514455875251631653310323653,Judgment,JUD015,,
Collections,24CHLC16468,217068111822118720,"Collections Case - Purchased Debt (Charged Off Consumer Debt Purchased on or after January 1,2014)",100320503,2024-05-03 00:00:00.000,Complaint,2,735787875344554936201445015700178092,Complaint,COM040,complaint_24chlc16468_100320503,https://drive.google.com/file/d/16B3mKyw0O8lPm4OmMMV9p7okQWRhlDu_/view?usp=drivesdk
Collections,24CHLC16468,217068111822118720,"Collections Case - Purchased Debt (Charged Off Consumer Debt Purchased on or after January 1,2014)",100320504,2024-05-03 00:00:00.000,Summons,2,253161300186969484330545006987719839,Issuance,ISS030,,
Collections,24CHLC16468,217068111822118720,"Collections Case - Purchased Debt (Charged Off Consumer Debt Purchased on or after January 1,2014)",100320505,2024-05-03 00:00:00.000,Civil Case Cover Sheet,2,548442384090792173348036252985950281,Miscellaneous,MISC020,,
Collections,24CHLC16468,217068111822118720,"Collections Case - Purchased Debt (Charged Off Consumer Debt Purchased on or after January 1,2014)",100320506,2024-05-03 00:00:00.000,Declaration (name extension),2,798347527225588668612770280264006496,Declaration,DEC010,declaration_24chlc16468_100320506,https://drive.google.com/file/d/1xEDki1gcEBA-os8f4ooOI0d58ucS7Ccq/view?usp=drivesdk
Collections,24CHLC16468,217068111822118720,"Collections Case - Purchased Debt (Charged Off Consumer Debt Purchased on or after January 1,2014)",100320507,2024-05-03 00:00:00.000,Declaration in Support of Bus. & Prof. Code 6322.1(c)(1),2,916329458518289698880591467653886258,Declaration,DEC075,declaration_24chlc16468_100320507,
Collections,24CHLC16468,217068111822118720,"Collections Case - Purchased Debt (Charged Off Consumer Debt Purchased on or after January 1,2014)",100320508,2024-05-03 00:00:00.000,"Order to Show Cause Hearing/Case Management Review (Cal. Rules of Court, rule 3.740)",2,1199158294726886276974522992872086241,Order to Show Cause,OSC030,,
Collections,24CHLC16468,217068111822118720,"Collections Case - Purchased Debt (Charged Off Consumer Debt Purchased on or after January 1,2014)",100320509,2024-05-03 00:00:00.000,Notice of Case Assignment - Limited Civil Case,2,1246323088025975352010362096941736907,Notice,NTC040L,,
Collections,24CHLC16468,217068111822118720,"Collections Case - Purchased Debt (Charged Off Consumer Debt Purchased on or after January 1,2014)",100411009,2024-05-09 00:00:00.000,Proof of Personal Service,2,1051724181669630537439031054003198713,Proof of Service,POS110,,
Collections,24CHLC16468,217068111822118720,"Collections Case - Purchased Debt (Charged Off Consumer Debt Purchased on or after January 1,2014)",102305989,2024-08-09 00:00:00.000,Request for Entry of Default / Judgment,2,430811241034129766665428684103867264,Request,REQ080,request_for_default_judgment_24chlc16468_102305989,https://drive.google.com/file/d/1ld4LCH7pHVOyP5oFGRHTpEErU4OKBVp9/view?usp=drivesdk
Collections,24CHLC16468,217068111822118720,"Collections Case - Purchased Debt (Charged Off Consumer Debt Purchased on or after January 1,2014)",102305991,2024-08-09 00:00:00.000,Declaration (name extension),2,794760296014878680606535062663492337,Declaration,DEC010,declaration_24chlc16468_102305991,https://drive.google.com/file/d/1yzHfMmlauKoiyOBPkTbcee1RT_k3RHXg/view?usp=drivesdk
Collections,24CHLC16468,217068111822118720,"Collections Case - Purchased Debt (Charged Off Consumer Debt Purchased on or after January 1,2014)",102305992,2024-08-09 00:00:00.000,Declaration (name extension),2,639228732481388858721649761734505134,Declaration,DEC010,declaration_24chlc16468_102305992,https://drive.google.com/file/d/1zbV71RRntVTMeHFtevCjM7iQEYTBRH34/view?usp=drivesdk
Collections,24CHLC16468,217068111822118720,"Collections Case - Purchased Debt (Charged Off Consumer Debt Purchased on or after January 1,2014)",102305993,2024-08-09 00:00:00.000,Declaration re: Attorney's Fees,2,50890438568223371511675029542053735,Declaration,DEC080,declaration_24chlc16468_102305993,
Collections,24CHLC16468,217068111822118720,"Collections Case - Purchased Debt (Charged Off Consumer Debt Purchased on or after January 1,2014)",102305994,2024-08-09 00:00:00.000,Declaration of Costs - CCP 1033,2,1123546447491991270783068213669826367,Costs,CST010,declaration_24chlc16468_102305994,
Collections,24CHLC16468,217068111822118720,"Collections Case - Purchased Debt (Charged Off Consumer Debt Purchased on or after January 1,2014)",102305995,2024-08-09 00:00:00.000,Request for Dismissal,2,485139346892327987459720303089083343,Request,REQ070,,
Collections,24CHLC16468,217068111822118720,"Collections Case - Purchased Debt (Charged Off Consumer Debt Purchased on or after January 1,2014)",102305990,2024-09-09 00:00:00.000,Judgment,2,820513242615380200502922242352300059,Judgment,JUD015,,
Collections,24CHLC17961,956312403240751104,"Collections Case - Purchased Debt (Charged Off Consumer Debt Purchased on or after January 1,2014)",100531904,2024-05-15 00:00:00.000,Complaint,2,966235092659912041822238145498782187,Complaint,COM040,complaint_24chlc17961_100531904,https://drive.google.com/file/d/1njzy2wcBFEh7IGuk8hs8n42ZwUvnV8sQ/view?usp=drivesdk
Collections,24CHLC17961,956312403240751104,"Collections Case - Purchased Debt (Charged Off Consumer Debt Purchased on or after January 1,2014)",100531905,2024-05-15 00:00:00.000,Declaration in Support of Bus. & Prof. Code 6322.1(c)(1),2,1141957072061566896069309068845812453,Declaration,DEC075,declaration_24chlc17961_100531905,
Collections,24CHLC17961,956312403240751104,"Collections Case - Purchased Debt (Charged Off Consumer Debt Purchased on or after January 1,2014)",100531906,2024-05-15 00:00:00.000,Civil Case Cover Sheet,2,281429956465440020887919500858050603,Miscellaneous,MISC020,,
Collections,24CHLC17961,956312403240751104,"Collections Case - Purchased Debt (Charged Off Consumer Debt Purchased on or after January 1,2014)",100531907,2024-05-15 00:00:00.000,Summons,2,1143391795359210594771178602919717348,Issuance,ISS030,,
Collections,24CHLC17961,956312403240751104,"Collections Case - Purchased Debt (Charged Off Consumer Debt Purchased on or after January 1,2014)",100531908,2024-05-15 00:00:00.000,"Order to Show Cause Hearing/Case Management Review (Cal. Rules of Court, rule 3.740)",2,814471519486399299264468974145367502,Order to Show Cause,OSC030,,
Collections,24CHLC17961,956312403240751104,"Collections Case - Purchased Debt (Charged Off Consumer Debt Purchased on or after January 1,2014)",100531909,2024-05-15 00:00:00.000,Notice of Case Assignment - Limited Civil Case,2,714520651327167159637832685492992533,Notice,NTC040L,,
Collections,24CHLC17961,956312403240751104,"Collections Case - Purchased Debt (Charged Off Consumer Debt Purchased on or after January 1,2014)",101138709,2024-06-12 00:00:00.000,Proof of Personal Service,2,1003013078207959959792443500884496158,Proof of Service,POS110,,
Collections,24CHLC17961,956312403240751104,"Collections Case - Purchased Debt (Charged Off Consumer Debt Purchased on or after January 1,2014)",108479700,2025-05-21 00:00:00.000,Minute Order,2,281270654732223944809585928268039029,Rulings,RUL010,,
Collections,24CHLC17961,956312403240751104,"Collections Case - Purchased Debt (Charged Off Consumer Debt Purchased on or after January 1,2014)",108686307,2025-05-29 00:00:00.000,"Declaration of Interest, Costs and Attorney Fees",2,877858246926535121939953925068593915,Costs,CST020,declaration_24chlc17961_108686307,
Collections,24CHLC17961,956312403240751104,"Collections Case - Purchased Debt (Charged Off Consumer Debt Purchased on or after January 1,2014)",108686308,2025-05-29 00:00:00.000,Declaration Pursuant to 585 CCP in Support of Default Judgment,2,607277359418674203633693944607322984,Declaration,DEC071,declaration_24chlc17961_108686308,https://drive.google.com/file/d/1nO1sisjqmP3RVBwDRjXs5WGKVxStFzzJ/view?usp=drivesdk
Collections,24CHLC17961,956312403240751104,"Collections Case - Purchased Debt (Charged Off Consumer Debt Purchased on or after January 1,2014)",108686309,2025-05-29 00:00:00.000,Request for Entry of Default / Judgment,2,1195584854771383366154434815448369233,Request,REQ080,request_for_default_judgment_24chlc17961_108686309,https://drive.google.com/file/d/1EK91BDzopDYZcUKkLZb8k0Rz-L6-s9iH/view?usp=drivesdk
Collections,24CHLC17961,956312403240751104,"Collections Case - Purchased Debt (Charged Off Consumer Debt Purchased on or after January 1,2014)",108686306,2025-06-11 00:00:00.000,Default Judgment,2,943601898467773052076559480528741705,Judgment,JUD020,,
Collections,24CHLC18203,885196495534109568,"Collections Case - Purchased Debt (Charged Off Consumer Debt Purchased on or after January 1,2014)",100565361,2024-05-15 00:00:00.000,Complaint,2,69767018158215706323678500393447764,Complaint,COM040,complaint_24chlc18203_100565361,https://drive.google.com/file/d/1sRKMd8SP6jeevCGdPEJTOD0_K7-rM0XD/view?usp=drivesdk
Collections,24CHLC18203,885196495534109568,"Collections Case - Purchased Debt (Charged Off Consumer Debt Purchased on or after January 1,2014)",100565362,2024-05-15 00:00:00.000,Declaration (name extension),2,231274023834469060451314871685545188,Declaration,DEC010,declaration_24chlc18203_100565362,https://drive.google.com/file/d/1pCDlEsFO_-nAhT4Sq7PpJSKBwINqybxa/view?usp=drivesdk
Collections,24CHLC18203,885196495534109568,"Collections Case - Purchased Debt (Charged Off Consumer Debt Purchased on or after January 1,2014)",100565363,2024-05-15 00:00:00.000,Summons,2,484356750378533883736782704176280395,Issuance,ISS030,,
Collections,24CHLC18203,885196495534109568,"Collections Case - Purchased Debt (Charged Off Consumer Debt Purchased on or after January 1,2014)",100565364,2024-05-15 00:00:00.000,Civil Case Cover Sheet,2,888884866557798317143240122066803280,Miscellaneous,MISC020,,
Collections,24CHLC18203,885196495534109568,"Collections Case - Purchased Debt (Charged Off Consumer Debt Purchased on or after January 1,2014)",100565365,2024-05-15 00:00:00.000,"Order to Show Cause Hearing/Case Management Review (Cal. Rules of Court, rule 3.740)",2,605575126570520669332258921301046159,Order to Show Cause,OSC030,,
Collections,24CHLC18203,885196495534109568,"Collections Case - Purchased Debt (Charged Off Consumer Debt Purchased on or after January 1,2014)",100565366,2024-05-15 00:00:00.000,Notice of Case Assignment - Limited Civil Case,2,795154109067822547804906197156255719,Notice,NTC040L,,
Collections,24CHLC18203,885196495534109568,"Collections Case - Purchased Debt (Charged Off Consumer Debt Purchased on or after January 1,2014)",100737540,2024-05-23 00:00:00.000,Proof of Personal Service,2,683989150722693939891726108114294443,Proof of Service,POS110,,
Collections,24CHLC18203,885196495534109568,"Collections Case - Purchased Debt (Charged Off Consumer Debt Purchased on or after January 1,2014)",107090545,2025-03-19 00:00:00.000,Request for Dismissal,2,878247591763163619045376196978531471,Request,REQ070,,
Collections,24CHLC18203,885196495534109568,"Collections Case - Purchased Debt (Charged Off Consumer Debt Purchased on or after January 1,2014)",107090546,2025-03-19 00:00:00.000,Declaration (name extension),2,359619799306141974868349604720923625,Declaration,DEC010,declaration_24chlc18203_107090546,https://drive.google.com/file/d/1q4sJXH2KqkMgi__Xph_WLI1UU4GFwWB-/view?usp=drivesdk
Collections,24CHLC18203,885196495534109568,"Collections Case - Purchased Debt (Charged Off Consumer Debt Purchased on or after January 1,2014)",107090547,2025-03-19 00:00:00.000,Declaration (name extension),2,735959019326904011693573149401452282,Declaration,DEC010,declaration_24chlc18203_107090547,https://drive.google.com/file/d/14a5vwQDt0UKuzzf77dyIopLax0SHfNXR/view?usp=drivesdk
Collections,24CHLC18203,885196495534109568,"Collections Case - Purchased Debt (Charged Off Consumer Debt Purchased on or after January 1,2014)",107090549,2025-03-19 00:00:00.000,Request for Entry of Default / Judgment,2,802431799946481917417326489856199667,Request,REQ080,request_for_default_judgment_24chlc18203_107090549,https://drive.google.com/file/d/19cu-pgR6-TZsjotCJl0yPQZMS50pL-d3/view?usp=drivesdk
Collections,24CHLC18203,885196495534109568,"Collections Case - Purchased Debt (Charged Off Consumer Debt Purchased on or after January 1,2014)",107090548,2025-04-03 00:00:00.000,Default Judgment,2,186855869648747620130782325614495081,Judgment,JUD020,,
Collections,24CHLC18697,1012356314892544256,"Collections Case - Purchased Debt (Charged Off Consumer Debt Purchased on or after January 1,2014)",100625462,2024-05-20 00:00:00.000,Complaint,2,206803444611271611281908362234255271,Complaint,COM040,complaint_24chlc18697_100625462,https://drive.google.com/file/d/1o2QYsVfw3cKfJu22LFXwO7E_io2LhFEC/view?usp=drivesdk
Collections,24CHLC18697,1012356314892544256,"Collections Case - Purchased Debt (Charged Off Consumer Debt Purchased on or after January 1,2014)",100625463,2024-05-20 00:00:00.000,Declaration (name extension),2,824434956875117096925353756577763483,Declaration,DEC010,declaration_24chlc18697_100625463,https://drive.google.com/file/d/1sb-Js0pIlKBWs_3CHPW3xRdJM4IHEPT6/view?usp=drivesdk
Collections,24CHLC18697,1012356314892544256,"Collections Case - Purchased Debt (Charged Off Consumer Debt Purchased on or after January 1,2014)",100625464,2024-05-20 00:00:00.000,Civil Case Cover Sheet,2,203345130331494691477644174965544217,Miscellaneous,MISC020,,
Collections,24CHLC18697,1012356314892544256,"Collections Case - Purchased Debt (Charged Off Consumer Debt Purchased on or after January 1,2014)",100625465,2024-05-20 00:00:00.000,Summons,2,83161146993117131006062495722173357,Issuance,ISS030,,
Collections,24CHLC18697,1012356314892544256,"Collections Case - Purchased Debt (Charged Off Consumer Debt Purchased on or after January 1,2014)",100625466,2024-05-20 00:00:00.000,"Order to Show Cause Hearing/Case Management Review (Cal. Rules of Court, rule 3.740)",2,495489555948288868595457499887287687,Order to Show Cause,OSC030,,
Collections,24CHLC18697,1012356314892544256,"Collections Case - Purchased Debt (Charged Off Consumer Debt Purchased on or after January 1,2014)",100625467,2024-05-20 00:00:00.000,Notice of Case Assignment - Limited Civil Case,2,878707381988055883826347165057546121,Notice,NTC040L,,
Collections,24CHLC18697,1012356314892544256,"Collections Case - Purchased Debt (Charged Off Consumer Debt Purchased on or after January 1,2014)",101001570,2024-06-06 00:00:00.000,Declaration (name extension),2,298919195662079047447726195121370118,Declaration,DEC010,declaration_24chlc18697_101001570,https://drive.google.com/file/d/1ppSgjWEu0hirVu419WsOrYtnB5l6NJsM/view?usp=drivesdk
Collections,24CHLC18697,1012356314892544256,"Collections Case - Purchased Debt (Charged Off Consumer Debt Purchased on or after January 1,2014)",103207730,2024-09-23 00:00:00.000,Declaration (name extension),2,638793806915439934628405643883265135,Declaration,DEC010,declaration_24chlc18697_103207730,https://drive.google.com/file/d/1vYSwRyPTq4auZESPk1G6wi0W-o9uOEBe/view?usp=drivesdk
Collections,24CHLC18697,1012356314892544256,"Collections Case - Purchased Debt (Charged Off Consumer Debt Purchased on or after January 1,2014)",103624910,2024-10-11 00:00:00.000,Proof of Personal Service,2,423307016642134862050669197606300253,Proof of Service,POS110,,
Collections,24CHLC18697,1012356314892544256,"Collections Case - Purchased Debt (Charged Off Consumer Debt Purchased on or after January 1,2014)",107971655,2025-04-28 00:00:00.000,Request for Entry of Default / Judgment,2,314745934594081673586266568263545467,Request,REQ080,request_for_default_judgment_24chlc18697_107971655,https://drive.google.com/file/d/1NvcjolVXV8R1QOT-yVCGKX8dmageXV5B/view?usp=drivesdk
Collections,24CHLC18697,1012356314892544256,"Collections Case - Purchased Debt (Charged Off Consumer Debt Purchased on or after January 1,2014)",107971657,2025-04-28 00:00:00.000,Declaration (name extension),2,65401305051410179176741987110562920,Declaration,DEC010,declaration_24chlc18697_107971657,https://drive.google.com/file/d/1E40TMrk4pK6YDfsGX5JP-wiTVedbTXid/view?usp=drivesdk
Collections,24CHLC18697,1012356314892544256,"Collections Case - Purchased Debt (Charged Off Consumer Debt Purchased on or after January 1,2014)",107971658,2025-04-28 00:00:00.000,Declaration (name extension),2,813768243544723486732231341726950987,Declaration,DEC010,declaration_24chlc18697_107971658,https://drive.google.com/file/d/1gdZ_OgkQpt0DbVkr1nfs__33EDHNac4R/view?usp=drivesdk
Collections,24CHLC18697,1012356314892544256,"Collections Case - Purchased Debt (Charged Off Consumer Debt Purchased on or after January 1,2014)",107971659,2025-04-28 00:00:00.000,Request for Dismissal,2,470332916777746319118141259587464548,Request,REQ070,,
Collections,24CHLC18697,1012356314892544256,"Collections Case - Purchased Debt (Charged Off Consumer Debt Purchased on or after January 1,2014)",107971660,2025-04-28 00:00:00.000,Declaration (name extension),2,557528901772906967671661669608311924,Declaration,DEC010,declaration_24chlc18697_107971660,https://drive.google.com/file/d/1dYhY2UG1OVHrbdE0s0VRNtZYbojbBkqx/view?usp=drivesdk
Collections,24CHLC18697,1012356314892544256,"Collections Case - Purchased Debt (Charged Off Consumer Debt Purchased on or after January 1,2014)",107971661,2025-04-28 00:00:00.000,Declaration (name extension),2,432211077656763222451324793468066475,Declaration,DEC010,declaration_24chlc18697_107971661,https://drive.google.com/file/d/155ewH_OWSD4WGD8Q1q8g5SYvnP8ASBUC/view?usp=drivesdk
Collections,24CHLC18697,1012356314892544256,"Collections Case - Purchased Debt (Charged Off Consumer Debt Purchased on or after January 1,2014)",107971662,2025-05-02 00:00:00.000,Default Judgment,2,281088233274916825574932773570088404,Judgment,JUD020,,
Collections,24CHLC18885,522436069326387584,"Collections Case - Purchased Debt (Charged Off Consumer Debt Purchased on or after January 1,2014)",100649649,2024-05-20 00:00:00.000,Complaint,2,552566309133071887677821511542146432,Complaint,COM040,complaint_24chlc18885_100649649,https://drive.google.com/file/d/1Z5xSSmtDgZ9O4HFDgEKdr1WY7lcuso7V/view?usp=drivesdk
Collections,24CHLC18885,522436069326387584,"Collections Case - Purchased Debt (Charged Off Consumer Debt Purchased on or after January 1,2014)",100649650,2024-05-20 00:00:00.000,Civil Case Cover Sheet,2,771726397771780865559086120846031942,Miscellaneous,MISC020,,
Collections,24CHLC18885,522436069326387584,"Collections Case - Purchased Debt (Charged Off Consumer Debt Purchased on or after January 1,2014)",100649651,2024-05-20 00:00:00.000,Declaration in Support of Bus. & Prof. Code 6322.1(c)(1),2,243745864050893065682270860257868363,Declaration,DEC075,declaration_24chlc18885_100649651,
Collections,24CHLC18885,522436069326387584,"Collections Case - Purchased Debt (Charged Off Consumer Debt Purchased on or after January 1,2014)",100649652,2024-05-20 00:00:00.000,Summons,2,338528225353130422226873716843894757,Issuance,ISS030,,
Collections,24CHLC18885,522436069326387584,"Collections Case - Purchased Debt (Charged Off Consumer Debt Purchased on or after January 1,2014)",100649653,2024-05-20 00:00:00.000,"Order to Show Cause Hearing/Case Management Review (Cal. Rules of Court, rule 3.740)",2,1200590864165311865661728565247195929,Order to Show Cause,OSC030,,
Collections,24CHLC18885,522436069326387584,"Collections Case - Purchased Debt (Charged Off Consumer Debt Purchased on or after January 1,2014)",100649654,2024-05-20 00:00:00.000,Notice of Case Assignment - Limited Civil Case,2,757040880198354643199669020888354570,Notice,NTC040L,,
Collections,24CHLC18885,522436069326387584,"Collections Case - Purchased Debt (Charged Off Consumer Debt Purchased on or after January 1,2014)",101239380,2024-06-18 00:00:00.000,Proof of Service by Substituted Service,2,1090877339180070077437293313190079584,Proof of Service,POS160,,
Collections,24CHLC18885,522436069326387584,"Collections Case - Purchased Debt (Charged Off Consumer Debt Purchased on or after January 1,2014)",103138529,2024-09-17 00:00:00.000,Request for Dismissal,2,866328790408226865802439638908606802,Request,REQ070,,
Collections,24CHLC18885,522436069326387584,"Collections Case - Purchased Debt (Charged Off Consumer Debt Purchased on or after January 1,2014)",103138531,2024-09-17 00:00:00.000,Request for Entry of Default / Judgment,2,935737873191665645860564969100267867,Request,REQ080,request_for_default_judgment_24chlc18885_103138531,https://drive.google.com/file/d/1kv3klbRBVdTy9ikTfzKF75P-GQLxL90w/view?usp=drivesdk
Collections,24CHLC18885,522436069326387584,"Collections Case - Purchased Debt (Charged Off Consumer Debt Purchased on or after January 1,2014)",103138532,2024-09-17 00:00:00.000,Declaration (name extension),2,554613885764109986129956845703693577,Declaration,DEC010,declaration_24chlc18885_103138532,https://drive.google.com/file/d/12Z6cNGFRkCDnqgV1EJ0YU6FtcreObJqw/view?usp=drivesdk
Collections,24CHLC18885,522436069326387584,"Collections Case - Purchased Debt (Charged Off Consumer Debt Purchased on or after January 1,2014)",103138533,2024-09-17 00:00:00.000,Declaration (name extension),2,1303454872224087877195125574959376076,Declaration,DEC010,declaration_24chlc18885_103138533,https://drive.google.com/file/d/1cdj0mRPH_ayXVuBS1PJ_TbqyCoozpK0p/view?usp=drivesdk
Collections,24CHLC18885,522436069326387584,"Collections Case - Purchased Debt (Charged Off Consumer Debt Purchased on or after January 1,2014)",103138530,2024-10-07 00:00:00.000,Default Judgment,2,859835357693326288568902096544907120,Judgment,JUD020,,
Collections,24CHLC20761,87612878317822880,"Collections Case - Purchased Debt (Charged Off Consumer Debt Purchased on or after January 1,2014)",100873720,2024-05-31 00:00:00.000,Complaint,2,275714005365926291858759826167905190,Complaint,COM040,complaint_24chlc20761_100873720,https://drive.google.com/file/d/1Ae6QL8ARl_iejkDjiJfIDSyUngKT-bhi/view?usp=drivesdk
Collections,24CHLC20761,87612878317822880,"Collections Case - Purchased Debt (Charged Off Consumer Debt Purchased on or after January 1,2014)",100873721,2024-05-31 00:00:00.000,Declaration (name extension),2,748880315102519063304252348973649111,Declaration,DEC010,declaration_24chlc20761_100873721,https://drive.google.com/file/d/19g_ThCUEvvG8icwBPUeH_tocX9z-0g4n/view?usp=drivesdk
Collections,24CHLC20761,87612878317822880,"Collections Case - Purchased Debt (Charged Off Consumer Debt Purchased on or after January 1,2014)",100873722,2024-05-31 00:00:00.000,Civil Case Cover Sheet,2,15021150636873580543161561778243703,Miscellaneous,MISC020,,
Collections,24CHLC20761,87612878317822880,"Collections Case - Purchased Debt (Charged Off Consumer Debt Purchased on or after January 1,2014)",100873723,2024-05-31 00:00:00.000,Declaration in Support of Bus. & Prof. Code 6322.1(c)(1),2,1014632633348995967228498930408525958,Declaration,DEC075,declaration_24chlc20761_100873723,
Collections,24CHLC20761,87612878317822880,"Collections Case - Purchased Debt (Charged Off Consumer Debt Purchased on or after January 1,2014)",100873724,2024-05-31 00:00:00.000,Summons,2,714501408261876880677751718963751531,Issuance,ISS030,,
Collections,24CHLC20761,87612878317822880,"Collections Case - Purchased Debt (Charged Off Consumer Debt Purchased on or after January 1,2014)",100873725,2024-05-31 00:00:00.000,"Order to Show Cause Hearing/Case Management Review (Cal. Rules of Court, rule 3.740)",2,1229401518562548713128685790661428771,Order to Show Cause,OSC030,,
Collections,24CHLC20761,87612878317822880,"Collections Case - Purchased Debt (Charged Off Consumer Debt Purchased on or after January 1,2014)",100873726,2024-05-31 00:00:00.000,Notice of Case Assignment - Limited Civil Case,2,416936185598849892791736414282463732,Notice,NTC040L,,
Collections,24CHLC20761,87612878317822880,"Collections Case - Purchased Debt (Charged Off Consumer Debt Purchased on or after January 1,2014)",101031058,2024-06-07 00:00:00.000,Proof of Personal Service,2,712508065649956205047235929331226808,Proof of Service,POS110,,
Collections,24CHLC20761,87612878317822880,"Collections Case - Purchased Debt (Charged Off Consumer Debt Purchased on or after January 1,2014)",104136529,2024-11-04 00:00:00.000,Request for Entry of Default / Judgment,2,1079788884658365662057187026271047026,Request,REQ080,request_for_default_judgment_24chlc20761_104136529,https://drive.google.com/file/d/1NyQ9AVDKX2UlQjh2kT_B_vzfcAxLSngY/view?usp=drivesdk
Collections,24CHLC20761,87612878317822880,"Collections Case - Purchased Debt (Charged Off Consumer Debt Purchased on or after January 1,2014)",104136531,2024-11-04 00:00:00.000,Notice of Rejection Default/Clerk's Judgment,2,1315719786457322603839610368133200680,Administrative,REJ030,,
Collections,24CHLC20761,87612878317822880,"Collections Case - Purchased Debt (Charged Off Consumer Debt Purchased on or after January 1,2014)",104136532,2024-11-04 00:00:00.000,Declaration Pursuant to 585 CCP in Support of Default Judgment,2,1229430989073133853835947708316238425,Declaration,DEC071,declaration_24chlc20761_104136532,https://drive.google.com/file/d/107SP91U3JFZl5vIUWUu3gk6TLeTyqPjZ/view?usp=drivesdk
Collections,24CHLC20761,87612878317822880,"Collections Case - Purchased Debt (Charged Off Consumer Debt Purchased on or after January 1,2014)",104136533,2024-11-04 00:00:00.000,Request for Dismissal,2,682593485388224738758770789795139634,Request,REQ070,,
Collections,24CHLC20761,87612878317822880,"Collections Case - Purchased Debt (Charged Off Consumer Debt Purchased on or after January 1,2014)",104136534,2024-11-04 00:00:00.000,Declaration re: Attorney's Fees,2,1014091139260339816368241580040358454,Declaration,DEC080,declaration_24chlc20761_104136534,
Collections,24CHLC20761,87612878317822880,"Collections Case - Purchased Debt (Charged Off Consumer Debt Purchased on or after January 1,2014)",104136535,2024-11-04 00:00:00.000,Declaration (name extension),2,903754500143639149484383183051639322,Declaration,DEC010,declaration_24chlc20761_104136535,https://drive.google.com/file/d/1quEKhHkKlyN2CrP6I00Ow9hVgjJsCRq9/view?usp=drivesdk
Collections,24CHLC20761,87612878317822880,"Collections Case - Purchased Debt (Charged Off Consumer Debt Purchased on or after January 1,2014)",104136536,2024-11-04 00:00:00.000,Declaration (name extension),2,803978346972164285654748064731792639,Declaration,DEC010,declaration_24chlc20761_104136536,https://drive.google.com/file/d/19aJQI0xgOUVFJKoQ35NfBQtqvbAgMp0O/view?usp=drivesdk
Collections,24CHLC20761,87612878317822880,"Collections Case - Purchased Debt (Charged Off Consumer Debt Purchased on or after January 1,2014)",108814518,2025-06-05 00:00:00.000,Notice of Settlement of Entire Case,2,652833824513304049894520485400425237,Notice,NTC340,,
Collections,24CHLC20761,87612878317822880,"Collections Case - Purchased Debt (Charged Off Consumer Debt Purchased on or after January 1,2014)",108838960,2025-06-06 00:00:00.000,Minute Order,2,1291610012267006258196560007386085230,Rulings,RUL010,,
Collections,24CHLC20761,87612878317822880,"Collections Case - Purchased Debt (Charged Off Consumer Debt Purchased on or after January 1,2014)",108868288,2025-06-09 00:00:00.000,Order to Show Cause re: Dismissal (Settlement),2,1224399136703407150836672194920693877,Order to Show Cause,OSC040,,
Collections,24CHLC20761,87612878317822880,"Collections Case - Purchased Debt (Charged Off Consumer Debt Purchased on or after January 1,2014)",108868312,2025-06-09 00:00:00.000,Clerks Certificate of Service By Electronic Service,2,793502360901428590425643568653166762,Certificate,CERT055,,
Collections,24CHLC20761,87612878317822880,"Collections Case - Purchased Debt (Charged Off Consumer Debt Purchased on or after January 1,2014)",110183527,2025-08-04 00:00:00.000,Minute Order,2,653549429087006036352624917541629497,Rulings,RUL010,,
Collections,24CHLC20761,87612878317822880,"Collections Case - Purchased Debt (Charged Off Consumer Debt Purchased on or after January 1,2014)",110858468,2025-08-29 00:00:00.000,Notice (name extension),2,1066177194341552043886204740234674484,Notice,NTC010,,
Collections,24CHLC20925,529955197617441984,"Collections Case - Purchased Debt (Charged Off Consumer Debt Purchased on or after January 1,2014)",100911770,2024-06-03 00:00:00.000,Complaint,2,9350706493720419272697621163568837,Complaint,COM040,complaint_24chlc20925_100911770,https://drive.google.com/file/d/1EJqYgA7M8hqIJckAEOvLwWkFYiXc73yE/view?usp=drivesdk
Collections,24CHLC20925,529955197617441984,"Collections Case - Purchased Debt (Charged Off Consumer Debt Purchased on or after January 1,2014)",100911771,2024-06-03 00:00:00.000,Civil Case Cover Sheet,2,928523824659556962562501398822312279,Miscellaneous,MISC020,,
Collections,24CHLC20925,529955197617441984,"Collections Case - Purchased Debt (Charged Off Consumer Debt Purchased on or after January 1,2014)",100911772,2024-06-03 00:00:00.000,Summons,2,794334012024933018849342171553915178,Issuance,ISS030,,
Collections,24CHLC20925,529955197617441984,"Collections Case - Purchased Debt (Charged Off Consumer Debt Purchased on or after January 1,2014)",100911773,2024-06-03 00:00:00.000,Declaration (name extension),2,73556808833681572611791203914666935,Declaration,DEC010,declaration_24chlc20925_100911773,https://drive.google.com/file/d/1Yk0SQExOJioe2PujUQN9QxbZaZMvkdQ8/view?usp=drivesdk
Collections,24CHLC20925,529955197617441984,"Collections Case - Purchased Debt (Charged Off Consumer Debt Purchased on or after January 1,2014)",100911774,2024-06-03 00:00:00.000,"Order to Show Cause Hearing/Case Management Review (Cal. Rules of Court, rule 3.740)",2,331734386901020649736598118868933534,Order to Show Cause,OSC030,,
Collections,24CHLC20925,529955197617441984,"Collections Case - Purchased Debt (Charged Off Consumer Debt Purchased on or after January 1,2014)",100911775,2024-06-03 00:00:00.000,Notice of Case Assignment - Limited Civil Case,2,849397639250319615417589573938500409,Notice,NTC040L,,
Collections,24CHLC20925,529955197617441984,"Collections Case - Purchased Debt (Charged Off Consumer Debt Purchased on or after January 1,2014)",101045113,2024-06-10 00:00:00.000,Proof of Personal Service,2,1300908140941419233159975121835995435,Proof of Service,POS110,,
Collections,24CHLC20925,529955197617441984,"Collections Case - Purchased Debt (Charged Off Consumer Debt Purchased on or after January 1,2014)",102352517,2024-08-13 00:00:00.000,Request for Entry of Default / Judgment,2,211369890302965404192666234470600482,Request,REQ080,request_for_default_judgment_24chlc20925_102352517,https://drive.google.com/file/d/1vO-DZpHPo3Pw6JP7UsuvvXIuGR0GaFmZ/view?usp=drivesdk
Collections,24CHLC20925,529955197617441984,"Collections Case - Purchased Debt (Charged Off Consumer Debt Purchased on or after January 1,2014)",102352518,2024-08-13 00:00:00.000,Declaration (name extension),2,1015609526483096599491875406621064171,Declaration,DEC010,declaration_24chlc20925_102352518,https://drive.google.com/file/d/1lVWu85r3fGCFsNYD4kVr69YCYYSBTDUj/view?usp=drivesdk
Collections,24CHLC20925,529955197617441984,"Collections Case - Purchased Debt (Charged Off Consumer Debt Purchased on or after January 1,2014)",102352520,2024-08-13 00:00:00.000,Declaration re: Attorney's Fees,2,739497437064882171869190309597886195,Declaration,DEC080,declaration_24chlc20925_102352520,
Collections,24CHLC20925,529955197617441984,"Collections Case - Purchased Debt (Charged Off Consumer Debt Purchased on or after January 1,2014)",102352521,2024-08-13 00:00:00.000,Declaration (name extension),2,309780498840327411370406153188384831,Declaration,DEC010,declaration_24chlc20925_102352521,https://drive.google.com/file/d/16eFdBkexrBnQ1afaaQQHG3zg1ZxmiX-a/view?usp=drivesdk
Collections,24CHLC20925,529955197617441984,"Collections Case - Purchased Debt (Charged Off Consumer Debt Purchased on or after January 1,2014)",102352522,2024-08-13 00:00:00.000,Request for Dismissal,2,854249740409330259927881262516559208,Request,REQ070,,
Collections,24CHLC20925,529955197617441984,"Collections Case - Purchased Debt (Charged Off Consumer Debt Purchased on or after January 1,2014)",102352523,2024-08-13 00:00:00.000,Declaration of Costs - CCP 1033,2,1245148449646728684946804677187240264,Costs,CST010,declaration_24chlc20925_102352523,
Collections,24CHLC20925,529955197617441984,"Collections Case - Purchased Debt (Charged Off Consumer Debt Purchased on or after January 1,2014)",102352519,2024-09-10 00:00:00.000,Judgment,2,1294928122372576028050665293291611252,Judgment,JUD015,,
Collections,24CHLC21063,667347934886767488,"Collections Case - Purchased Debt (Charged Off Consumer Debt Purchased on or after January 1,2014)",100925148,2024-06-03 00:00:00.000,Complaint,2,1198990560702133138044274587706792574,Complaint,COM040,complaint_24chlc21063_100925148,https://drive.google.com/file/d/16mbmVyu82BC5dzcVV8a3JfqBq9-Ju159/view?usp=drivesdk
Collections,24CHLC21063,667347934886767488,"Collections Case - Purchased Debt (Charged Off Consumer Debt Purchased on or after January 1,2014)",100925149,2024-06-03 00:00:00.000,Declaration in Support of Bus. & Prof. Code 6322.1(c)(1),2,618581980982795750890116430272737327,Declaration,DEC075,declaration_24chlc21063_100925149,
Collections,24CHLC21063,667347934886767488,"Collections Case - Purchased Debt (Charged Off Consumer Debt Purchased on or after January 1,2014)",100925150,2024-06-03 00:00:00.000,Summons,2,851582621887774204525217990023971556,Issuance,ISS030,,
Collections,24CHLC21063,667347934886767488,"Collections Case - Purchased Debt (Charged Off Consumer Debt Purchased on or after January 1,2014)",100925151,2024-06-03 00:00:00.000,Civil Case Cover Sheet,2,1056234598755341486426621744121060070,Miscellaneous,MISC020,,
Collections,24CHLC21063,667347934886767488,"Collections Case - Purchased Debt (Charged Off Consumer Debt Purchased on or after January 1,2014)",100925153,2024-06-03 00:00:00.000,"Order to Show Cause Hearing/Case Management Review (Cal. Rules of Court, rule 3.740)",2,1181020123517377778105638299284087066,Order to Show Cause,OSC030,,
Collections,24CHLC21063,667347934886767488,"Collections Case - Purchased Debt (Charged Off Consumer Debt Purchased on or after January 1,2014)",100925158,2024-06-03 00:00:00.000,Notice of Case Assignment - Limited Civil Case,2,1105324892899753446135819656534908228,Notice,NTC040L,,
Collections,24CHLC21063,667347934886767488,"Collections Case - Purchased Debt (Charged Off Consumer Debt Purchased on or after January 1,2014)",101217176,2024-06-17 00:00:00.000,Proof of Personal Service,2,601528663431251041007709060375696052,Proof of Service,POS110,,
Collections,24CHLC21063,667347934886767488,"Collections Case - Purchased Debt (Charged Off Consumer Debt Purchased on or after January 1,2014)",103721995,2024-10-15 00:00:00.000,Request for Entry of Default / Judgment,2,1006898429761905310075457752378712315,Request,REQ080,request_for_default_judgment_24chlc21063_103721995,https://drive.google.com/file/d/1Qrw0QxzLWq_cZDisBxSM6uyb_cxXWKea/view?usp=drivesdk
Collections,24CHLC21063,667347934886767488,"Collections Case - Purchased Debt (Charged Off Consumer Debt Purchased on or after January 1,2014)",103721996,2024-10-15 00:00:00.000,Request for Dismissal,2,76985958110982402856263060539436102,Request,REQ070,,
Collections,24CHLC21063,667347934886767488,"Collections Case - Purchased Debt (Charged Off Consumer Debt Purchased on or after January 1,2014)",103721999,2024-10-15 00:00:00.000,Declaration of Costs - CCP 1033,2,981136291647831864729983709471467056,Costs,CST010,declaration_24chlc21063_103721999,
Collections,24CHLC21063,667347934886767488,"Collections Case - Purchased Debt (Charged Off Consumer Debt Purchased on or after January 1,2014)",103722001,2024-10-15 00:00:00.000,Declaration Pursuant to 585 CCP in Support of Default Judgment,2,407137696143407673522891436754429642,Declaration,DEC071,declaration_24chlc21063_103722001,https://drive.google.com/file/d/1ne9aXqNr3rxd8U4Cp9e7J9rGLVc9vfJC/view?usp=drivesdk
Collections,24CHLC21063,667347934886767488,"Collections Case - Purchased Debt (Charged Off Consumer Debt Purchased on or after January 1,2014)",103721998,2024-10-18 00:00:00.000,Judgment,2,1316047776686824991247220494814418,Judgment,JUD015,,
Collections,24CHLC21063,667347934886767488,"Collections Case - Purchased Debt (Charged Off Consumer Debt Purchased on or after January 1,2014)",107002799,2025-03-17 00:00:00.000,"Memorandum of Costs After Judgment, Acknowledgment of Credit, and Declaration of Accrued Interest",2,1233892243663771018667407977235156362,Costs,CST040,declaration_24chlc21063_107002799,
Collections,24CHLC21063,667347934886767488,"Collections Case - Purchased Debt (Charged Off Consumer Debt Purchased on or after January 1,2014)",107002798,2025-03-18 00:00:00.000,Writ of Execution,2,519199201116241675687692240249509466,Writ,WRIT030,,
Collections,24CHLC21143,596861270787397632,"Collections Case - Purchased Debt (Charged Off Consumer Debt Purchased on or after January 1,2014)",100934799,2024-06-03 00:00:00.000,Complaint,2,262302670690528227713314833342874640,Complaint,COM040,complaint_24chlc21143_100934799,https://drive.google.com/file/d/1gjh48K4T4ElQr0na1Xnxtg8itQEj270d/view?usp=drivesdk
Collections,24CHLC21143,596861270787397632,"Collections Case - Purchased Debt (Charged Off Consumer Debt Purchased on or after January 1,2014)",100934800,2024-06-03 00:00:00.000,Summons,2,1187575288815541694308945064811282442,Issuance,ISS030,,
Collections,24CHLC21143,596861270787397632,"Collections Case - Purchased Debt (Charged Off Consumer Debt Purchased on or after January 1,2014)",100934801,2024-06-03 00:00:00.000,Civil Case Cover Sheet,2,394668031265798478313454056326700088,Miscellaneous,MISC020,,
Collections,24CHLC21143,596861270787397632,"Collections Case - Purchased Debt (Charged Off Consumer Debt Purchased on or after January 1,2014)",100934802,2024-06-03 00:00:00.000,"Order to Show Cause Hearing/Case Management Review (Cal. Rules of Court, rule 3.740)",2,177469641135466456578913580387234573,Order to Show Cause,OSC030,,
Collections,24CHLC21143,596861270787397632,"Collections Case - Purchased Debt (Charged Off Consumer Debt Purchased on or after January 1,2014)",100934803,2024-06-03 00:00:00.000,Notice of Case Assignment - Limited Civil Case,2,616032818272937137120950676270935923,Notice,NTC040L,,
Collections,24CHLC21143,596861270787397632,"Collections Case - Purchased Debt (Charged Off Consumer Debt Purchased on or after January 1,2014)",101586458,2024-07-05 00:00:00.000,Proof of Personal Service,2,999475347564220511892034627048438161,Proof of Service,POS110,,
Collections,24CHLC21143,596861270787397632,"Collections Case - Purchased Debt (Charged Off Consumer Debt Purchased on or after January 1,2014)",107479305,2025-04-07 00:00:00.000,Request for Entry of Default / Judgment,2,583216399831697121107770663079732430,Request,REQ080,request_for_default_judgment_24chlc21143_107479305,https://drive.google.com/file/d/1P-iVPL3iHYBiNUXxUevFqeikVdWJeIFg/view?usp=drivesdk
Collections,24CHLC21143,596861270787397632,"Collections Case - Purchased Debt (Charged Off Consumer Debt Purchased on or after January 1,2014)",107479306,2025-04-07 00:00:00.000,Request for Dismissal,2,1200610054466934170463581999804881403,Request,REQ070,,
Collections,24CHLC21143,596861270787397632,"Collections Case - Purchased Debt (Charged Off Consumer Debt Purchased on or after January 1,2014)",107479307,2025-04-07 00:00:00.000,Declaration of Costs - CCP 1033,2,205224584777644324396964124338685476,Costs,CST010,declaration_24chlc21143_107479307,
Collections,24CHLC21143,596861270787397632,"Collections Case - Purchased Debt (Charged Off Consumer Debt Purchased on or after January 1,2014)",107479309,2025-04-07 00:00:00.000,Declaration Pursuant to 585 CCP in Support of Default Judgment,2,1155931890430758059655939554807452203,Declaration,DEC071,declaration_24chlc21143_107479309,https://drive.google.com/file/d/1UkpvRSSciTCw1hSh9EPcRiqoD0NWsXFv/view?usp=drivesdk
Collections,24CHLC21143,596861270787397632,"Collections Case - Purchased Debt (Charged Off Consumer Debt Purchased on or after January 1,2014)",107479308,2025-04-22 00:00:00.000,Judgment,2,152490694249683412850562627087458313,Judgment,JUD015,,
Collections,24CHLC21757,970710731628333696,"Collections Case - Purchased Debt (Charged Off Consumer Debt Purchased on or after January 1,2014)",101034643,2024-06-07 00:00:00.000,Complaint,2,1070516515055859233369886321838896698,Complaint,COM040,complaint_24chlc21757_101034643,https://drive.google.com/file/d/1mw3htaL6c8MAMD5ZtxYfUYhiS6Z12M07/view?usp=drivesdk
Collections,24CHLC21757,970710731628333696,"Collections Case - Purchased Debt (Charged Off Consumer Debt Purchased on or after January 1,2014)",101034644,2024-06-07 00:00:00.000,Civil Case Cover Sheet,2,933011996528545087387158343796464073,Miscellaneous,MISC020,,
Collections,24CHLC21757,970710731628333696,"Collections Case - Purchased Debt (Charged Off Consumer Debt Purchased on or after January 1,2014)",101034645,2024-06-07 00:00:00.000,Declaration in Support of Bus. & Prof. Code 6322.1(c)(1),2,1271943907103220843320813733971278559,Declaration,DEC075,declaration_24chlc21757_101034645,
Collections,24CHLC21757,970710731628333696,"Collections Case - Purchased Debt (Charged Off Consumer Debt Purchased on or after January 1,2014)",101034646,2024-06-07 00:00:00.000,Summons,2,801464631084327203925165081498227933,Issuance,ISS030,,
Collections,24CHLC21757,970710731628333696,"Collections Case - Purchased Debt (Charged Off Consumer Debt Purchased on or after January 1,2014)",101034647,2024-06-07 00:00:00.000,Declaration (name extension),2,563041847895542839809400462227491625,Declaration,DEC010,declaration_24chlc21757_101034647,https://drive.google.com/file/d/1vlWwlUErwoGLL1kPvwhv6ED8r6l-zkB2/view?usp=drivesdk
Collections,24CHLC21757,970710731628333696,"Collections Case - Purchased Debt (Charged Off Consumer Debt Purchased on or after January 1,2014)",101034648,2024-06-07 00:00:00.000,"Order to Show Cause Hearing/Case Management Review (Cal. Rules of Court, rule 3.740)",2,529737320872031477419167125614448025,Order to Show Cause,OSC030,,
Collections,24CHLC21757,970710731628333696,"Collections Case - Purchased Debt (Charged Off Consumer Debt Purchased on or after January 1,2014)",101034652,2024-06-07 00:00:00.000,Notice of Case Assignment - Limited Civil Case,2,151293633499543822075901788750375488,Notice,NTC040L,,
Collections,24CHLC21757,970710731628333696,"Collections Case - Purchased Debt (Charged Off Consumer Debt Purchased on or after January 1,2014)",101354847,2024-06-24 00:00:00.000,Proof of Service by Substituted Service,2,992588518468541070453563354337011107,Proof of Service,POS160,,
Collections,24CHLC21757,970710731628333696,"Collections Case - Purchased Debt (Charged Off Consumer Debt Purchased on or after January 1,2014)",102747247,2024-08-29 00:00:00.000,Request for Entry of Default / Judgment,2,432761480476211567799480421254144780,Request,REQ080,request_for_default_judgment_24chlc21757_102747247,https://drive.google.com/file/d/1gWUEPRSWcOWQxykx9LNkU0EXTrqEipIZ/view?usp=drivesdk
Collections,24CHLC21757,970710731628333696,"Collections Case - Purchased Debt (Charged Off Consumer Debt Purchased on or after January 1,2014)",102747248,2024-08-29 00:00:00.000,Declaration (name extension),2,242993613693039418550186857683983057,Declaration,DEC010,declaration_24chlc21757_102747248,https://drive.google.com/file/d/1uDQQW7Bme_8HF7AAGfyQnACUH2hRmgzF/view?usp=drivesdk
Collections,24CHLC21757,970710731628333696,"Collections Case - Purchased Debt (Charged Off Consumer Debt Purchased on or after January 1,2014)",102747249,2024-08-29 00:00:00.000,Declaration (name extension),2,547852272687860195724363665841643710,Declaration,DEC010,declaration_24chlc21757_102747249,https://drive.google.com/file/d/1hDvccE29tVbAltUT5rsDzrSHyjv5ZqOf/view?usp=drivesdk
Collections,24CHLC21757,970710731628333696,"Collections Case - Purchased Debt (Charged Off Consumer Debt Purchased on or after January 1,2014)",102747251,2024-08-29 00:00:00.000,Declaration of Costs - CCP 1033,2,211847522176078893069455383790259355,Costs,CST010,declaration_24chlc21757_102747251,
Collections,24CHLC21757,970710731628333696,"Collections Case - Purchased Debt (Charged Off Consumer Debt Purchased on or after January 1,2014)",102747252,2024-08-29 00:00:00.000,Request for Dismissal,2,1322084794491077591952521977953045585,Request,REQ070,,
Collections,24CHLC21757,970710731628333696,"Collections Case - Purchased Debt (Charged Off Consumer Debt Purchased on or after January 1,2014)",102747253,2024-08-29 00:00:00.000,Declaration (name extension),2,915002046586668998329310284313013310,Declaration,DEC010,declaration_24chlc21757_102747253,https://drive.google.com/file/d/1KQKNheoK5Hgrj8f1gftRxnJjgCTJhOnv/view?usp=drivesdk
Collections,24CHLC21757,970710731628333696,"Collections Case - Purchased Debt (Charged Off Consumer Debt Purchased on or after January 1,2014)",102747254,2024-08-29 00:00:00.000,Declaration re: Attorney's Fees,2,188190093789372248453009322506599858,Declaration,DEC080,declaration_24chlc21757_102747254,
Collections,24CHLC21757,970710731628333696,"Collections Case - Purchased Debt (Charged Off Consumer Debt Purchased on or after January 1,2014)",102747250,2024-09-17 00:00:00.000,Judgment,2,1072137795740144327684686603819180050,Judgment,JUD015,,
Collections,24CHLC22235,895805132801417600,"Collections Case - Purchased Debt (Charged Off Consumer Debt Purchased on or after January 1,2014)",101098335,2024-06-11 00:00:00.000,Complaint,2,501992494348686307316197733626578247,Complaint,COM040,complaint_24chlc22235_101098335,https://drive.google.com/file/d/1uQYF8RpeCvvowGhEWwhkz8_Vv2nMQeLL/view?usp=drivesdk
Collections,24CHLC22235,895805132801417600,"Collections Case - Purchased Debt (Charged Off Consumer Debt Purchased on or after January 1,2014)",101098336,2024-06-11 00:00:00.000,Civil Case Cover Sheet,2,591632726139501052317992372913758610,Miscellaneous,MISC020,,
Collections,24CHLC22235,895805132801417600,"Collections Case - Purchased Debt (Charged Off Consumer Debt Purchased on or after January 1,2014)",101098337,2024-06-11 00:00:00.000,Summons,2,920148125621762621825328995647510390,Issuance,ISS030,,
Collections,24CHLC22235,895805132801417600,"Collections Case - Purchased Debt (Charged Off Consumer Debt Purchased on or after January 1,2014)",101098338,2024-06-11 00:00:00.000,Declaration in Support of Bus. & Prof. Code 6322.1(c)(1),2,1205652035235183517650729229558677145,Declaration,DEC075,declaration_24chlc22235_101098338,
Collections,24CHLC22235,895805132801417600,"Collections Case - Purchased Debt (Charged Off Consumer Debt Purchased on or after January 1,2014)",101098339,2024-06-11 00:00:00.000,Declaration (name extension),2,1247331658992206989438353655901127183,Declaration,DEC010,declaration_24chlc22235_101098339,https://drive.google.com/file/d/1DaXSa36-UERt2i1o-trU9DnlwjNgfBxG/view?usp=drivesdk
Collections,24CHLC22235,895805132801417600,"Collections Case - Purchased Debt (Charged Off Consumer Debt Purchased on or after January 1,2014)",101098340,2024-06-11 00:00:00.000,"Order to Show Cause Hearing/Case Management Review (Cal. Rules of Court, rule 3.740)",2,415657613161177378760859675438160097,Order to Show Cause,OSC030,,
Collections,24CHLC22235,895805132801417600,"Collections Case - Purchased Debt (Charged Off Consumer Debt Purchased on or after January 1,2014)",101098341,2024-06-11 00:00:00.000,Notice of Case Assignment - Limited Civil Case,2,866432469902004135672399109437587050,Notice,NTC040L,,
Collections,24CHLC22235,895805132801417600,"Collections Case - Purchased Debt (Charged Off Consumer Debt Purchased on or after January 1,2014)",101203562,2024-06-17 00:00:00.000,Proof of Personal Service,2,305243612865965972900078840357709796,Proof of Service,POS110,,
Collections,24CHLC22235,895805132801417600,"Collections Case - Purchased Debt (Charged Off Consumer Debt Purchased on or after January 1,2014)",103085211,2024-09-13 00:00:00.000,Request for Entry of Default / Judgment,2,789905499479428748173048052747955488,Request,REQ080,request_for_default_judgment_24chlc22235_103085211,https://drive.google.com/file/d/1M_O36pLbOVdJCObygl2yRonrSJAhYbz8/view?usp=drivesdk
Collections,24CHLC22235,895805132801417600,"Collections Case - Purchased Debt (Charged Off Consumer Debt Purchased on or after January 1,2014)",103085213,2024-09-13 00:00:00.000,Declaration of Costs - CCP 1033,2,1316622952134213563492417956956025216,Costs,CST010,declaration_24chlc22235_103085213,
Collections,24CHLC22235,895805132801417600,"Collections Case - Purchased Debt (Charged Off Consumer Debt Purchased on or after January 1,2014)",103085214,2024-09-13 00:00:00.000,Request for Dismissal,2,700520560123915977568398920001325067,Request,REQ070,,
Collections,24CHLC22235,895805132801417600,"Collections Case - Purchased Debt (Charged Off Consumer Debt Purchased on or after January 1,2014)",103085215,2024-09-13 00:00:00.000,Declaration (name extension),2,835946528898512388690085055960657902,Declaration,DEC010,declaration_24chlc22235_103085215,https://drive.google.com/file/d/1WgplZXvLxjCf24A2ZqwTrcOKywTcKlzL/view?usp=drivesdk
Collections,24CHLC22235,895805132801417600,"Collections Case - Purchased Debt (Charged Off Consumer Debt Purchased on or after January 1,2014)",103085216,2024-09-13 00:00:00.000,Declaration re: Attorney's Fees,2,917706981929644657887588827154753760,Declaration,DEC080,declaration_24chlc22235_103085216,
Collections,24CHLC22235,895805132801417600,"Collections Case - Purchased Debt (Charged Off Consumer Debt Purchased on or after January 1,2014)",103085217,2024-09-13 00:00:00.000,Judgment,2,631281910315766176208790160480628456,Judgment,JUD015,,
Collections,24CHLC22235,895805132801417600,"Collections Case - Purchased Debt (Charged Off Consumer Debt Purchased on or after January 1,2014)",103085218,2024-09-13 00:00:00.000,Declaration (name extension),2,563739756902534720103144807915151086,Declaration,DEC010,declaration_24chlc22235_103085218,https://drive.google.com/file/d/136ee-McKdevLHIOV3WeX_PVS415KFAr4/view?usp=drivesdk
Collections,24CHLC22235,895805132801417600,"Collections Case - Purchased Debt (Charged Off Consumer Debt Purchased on or after January 1,2014)",103085212,2024-09-17 00:00:00.000,Notice of Rejection Default/Clerk's Judgment,2,1258007695292565595939711199136704166,Administrative,REJ030,,
Collections,24CHLC22235,895805132801417600,"Collections Case - Purchased Debt (Charged Off Consumer Debt Purchased on or after January 1,2014)",105710770,2025-01-17 00:00:00.000,Request for Entry of Default / Judgment,2,292405662621027163399745646675779069,Request,REQ080,request_for_default_judgment_24chlc22235_105710770,
Collections,24CHLC22235,895805132801417600,"Collections Case - Purchased Debt (Charged Off Consumer Debt Purchased on or after January 1,2014)",105710771,2025-01-17 00:00:00.000,Request for Dismissal,2,709131147754009985639860929406880647,Request,REQ070,,
Collections,24CHLC22235,895805132801417600,"Collections Case - Purchased Debt (Charged Off Consumer Debt Purchased on or after January 1,2014)",105710772,2025-01-17 00:00:00.000,Declaration of Costs - CCP 1033,2,441924046962752947033185104406296087,Costs,CST010,declaration_24chlc22235_105710772,
Collections,24CHLC22235,895805132801417600,"Collections Case - Purchased Debt (Charged Off Consumer Debt Purchased on or after January 1,2014)",105710773,2025-01-17 00:00:00.000,Declaration re: Attorney's Fees,2,705984271791577509792480867330719137,Declaration,DEC080,declaration_24chlc22235_105710773,
Collections,24CHLC22235,895805132801417600,"Collections Case - Purchased Debt (Charged Off Consumer Debt Purchased on or after January 1,2014)",105710774,2025-01-17 00:00:00.000,Declaration (name extension),2,1201339359936247111930194760927870864,Declaration,DEC010,declaration_24chlc22235_105710774,https://drive.google.com/file/d/1ueERIujdE9UihKmGkpUoKC1US2oYO9mi/view?usp=drivesdk
Collections,24CHLC22235,895805132801417600,"Collections Case - Purchased Debt (Charged Off Consumer Debt Purchased on or after January 1,2014)",105710775,2025-01-17 00:00:00.000,Declaration (name extension),2,982566168263780111853795864271351616,Declaration,DEC010,declaration_24chlc22235_105710775,https://drive.google.com/file/d/1Mh6RnSQ2mrcVnNPE2TqAE0-2tAsa7neK/view?usp=drivesdk
Collections,24CHLC22235,895805132801417600,"Collections Case - Purchased Debt (Charged Off Consumer Debt Purchased on or after January 1,2014)",105710776,2025-02-03 00:00:00.000,Judgment,2,1177809438968459556989280378840249264,Judgment,JUD015,,
Collections,24CHLC24229,171364950941738528,"Collections Case - Purchased Debt (Charged Off Consumer Debt Purchased on or after January 1,2014)",101330173,2024-06-21 00:00:00.000,Complaint,2,419084012887843537502984914375445080,Complaint,COM040,complaint_24chlc24229_101330173,https://drive.google.com/file/d/1XnjQaJNde_yjwdu4yENABR9LAc2fpaDB/view?usp=drivesdk
Collections,24CHLC24229,171364950941738528,"Collections Case - Purchased Debt (Charged Off Consumer Debt Purchased on or after January 1,2014)",101330174,2024-06-21 00:00:00.000,Declaration in Support of Bus. & Prof. Code 6322.1(c)(1),2,536062794831305868871476151528878996,Declaration,DEC075,declaration_24chlc24229_101330174,
Collections,24CHLC24229,171364950941738528,"Collections Case - Purchased Debt (Charged Off Consumer Debt Purchased on or after January 1,2014)",101330175,2024-06-21 00:00:00.000,Summons,2,468586988451599362346502219961300959,Issuance,ISS030,,
Collections,24CHLC24229,171364950941738528,"Collections Case - Purchased Debt (Charged Off Consumer Debt Purchased on or after January 1,2014)",101330176,2024-06-21 00:00:00.000,Civil Case Cover Sheet,2,585502950253602994773568192414922133,Miscellaneous,MISC020,,
Collections,24CHLC24229,171364950941738528,"Collections Case - Purchased Debt (Charged Off Consumer Debt Purchased on or after January 1,2014)",101330177,2024-06-21 00:00:00.000,"Order to Show Cause Hearing/Case Management Review (Cal. Rules of Court, rule 3.740)",2,208188381057373895935621840652056345,Order to Show Cause,OSC030,,
Collections,24CHLC24229,171364950941738528,"Collections Case - Purchased Debt (Charged Off Consumer Debt Purchased on or after January 1,2014)",101330178,2024-06-21 00:00:00.000,Notice of Case Assignment - Limited Civil Case,2,712048592635322038692246923105867768,Notice,NTC040L,,
Collections,24CHLC24229,171364950941738528,"Collections Case - Purchased Debt (Charged Off Consumer Debt Purchased on or after January 1,2014)",101430542,2024-06-27 00:00:00.000,Proof of Personal Service,2,251833428528289103253527163063211238,Proof of Service,POS110,,
Collections,24CHLC24229,171364950941738528,"Collections Case - Purchased Debt (Charged Off Consumer Debt Purchased on or after January 1,2014)",103041136,2024-09-12 00:00:00.000,Request for Entry of Default / Judgment,2,1148154154825179645424006151495420055,Request,REQ080,request_for_default_judgment_24chlc24229_103041136,https://drive.google.com/file/d/14zvvXkVfg7ftiKpPM3I3kar-SM0l_jYe/view?usp=drivesdk
Collections,24CHLC24229,171364950941738528,"Collections Case - Purchased Debt (Charged Off Consumer Debt Purchased on or after January 1,2014)",103041139,2024-09-12 00:00:00.000,Declaration Pursuant to 585 CCP in Support of Default Judgment,2,1095384242520189221565641616122203067,Declaration,DEC071,declaration_24chlc24229_103041139,https://drive.google.com/file/d/1gLkXlkt6HtBm5RAl8lu05dXtf5p8WzKA/view?usp=drivesdk
Collections,24CHLC24229,171364950941738528,"Collections Case - Purchased Debt (Charged Off Consumer Debt Purchased on or after January 1,2014)",103041140,2024-09-12 00:00:00.000,Request for Dismissal,2,203272382721141705901127656239678220,Request,REQ070,,
Collections,24CHLC24229,171364950941738528,"Collections Case - Purchased Debt (Charged Off Consumer Debt Purchased on or after January 1,2014)",103041141,2024-09-12 00:00:00.000,Declaration of Costs - CCP 1033,2,1192257308194125037961447276498777845,Costs,CST010,declaration_24chlc24229_103041141,
Collections,24CHLC24229,171364950941738528,"Collections Case - Purchased Debt (Charged Off Consumer Debt Purchased on or after January 1,2014)",103041137,2024-09-26 00:00:00.000,Judgment,2,1102971866414876698433819588806086382,Judgment,JUD015,,
Collections,24CHLC24229,171364950941738528,"Collections Case - Purchased Debt (Charged Off Consumer Debt Purchased on or after January 1,2014)",106572856,2025-02-28 00:00:00.000,Acknowledgment of Satisfaction of Judgment,2,1144822565336530851731074299812051164,Post Judgment,PJ020,,
Collections,24CHLC24981,113576414065145808,"Collections Case - Purchased Debt (Charged Off Consumer Debt Purchased on or after January 1,2014)",101413683,2024-06-26 00:00:00.000,Complaint,2,167972297015217941043090857351367688,Complaint,COM040,complaint_24chlc24981_101413683,https://drive.google.com/file/d/18BliEJ8eZcY0c12KvaPWpzRx9rtQ653A/view?usp=drivesdk
Collections,24CHLC24981,113576414065145808,"Collections Case - Purchased Debt (Charged Off Consumer Debt Purchased on or after January 1,2014)",101413684,2024-06-26 00:00:00.000,Summons,2,211623154135899073437490558597798688,Issuance,ISS030,,
Collections,24CHLC24981,113576414065145808,"Collections Case - Purchased Debt (Charged Off Consumer Debt Purchased on or after January 1,2014)",101413685,2024-06-26 00:00:00.000,Civil Case Cover Sheet,2,945406617178517706063703077029075737,Miscellaneous,MISC020,,
Collections,24CHLC24981,113576414065145808,"Collections Case - Purchased Debt (Charged Off Consumer Debt Purchased on or after January 1,2014)",101413686,2024-06-26 00:00:00.000,Declaration in Support of Bus. & Prof. Code 6322.1(c)(1),2,959117509657878871946647713048948256,Declaration,DEC075,declaration_24chlc24981_101413686,
Collections,24CHLC24981,113576414065145808,"Collections Case - Purchased Debt (Charged Off Consumer Debt Purchased on or after January 1,2014)",101413688,2024-06-26 00:00:00.000,"Order to Show Cause Hearing/Case Management Review (Cal. Rules of Court, rule 3.740)",2,608324971889515706480313835737192982,Order to Show Cause,OSC030,,
Collections,24CHLC24981,113576414065145808,"Collections Case - Purchased Debt (Charged Off Consumer Debt Purchased on or after January 1,2014)",101413689,2024-06-26 00:00:00.000,Notice of Case Assignment - Limited Civil Case,2,994540328261814721606347884510557820,Notice,NTC040L,,
Collections,24CHLC24981,113576414065145808,"Collections Case - Purchased Debt (Charged Off Consumer Debt Purchased on or after January 1,2014)",101705003,2024-07-11 00:00:00.000,Proof of Personal Service,2,1143890241881768634487827871301825322,Proof of Service,POS110,,
Collections,24CHLC24981,113576414065145808,"Collections Case - Purchased Debt (Charged Off Consumer Debt Purchased on or after January 1,2014)",103099713,2024-09-17 00:00:00.000,Request for Dismissal,2,912088297156899565564293653429162127,Request,REQ070,,
Collections,24CHLC24981,113576414065145808,"Collections Case - Purchased Debt (Charged Off Consumer Debt Purchased on or after January 1,2014)",103099714,2024-09-17 00:00:00.000,Declaration (name extension),2,1140621720196662965911589016854323930,Declaration,DEC010,declaration_24chlc24981_103099714,https://drive.google.com/file/d/1pjFp_SOBYlsnKzeaT3BIxS6VSzLaywep/view?usp=drivesdk
Collections,24CHLC24981,113576414065145808,"Collections Case - Purchased Debt (Charged Off Consumer Debt Purchased on or after January 1,2014)",103099715,2024-09-17 00:00:00.000,Request for Entry of Default / Judgment,2,942471839892579233078042016083786755,Request,REQ080,request_for_default_judgment_24chlc24981_103099715,https://drive.google.com/file/d/1qa1NpzzUH9cy0W5YdstIv9FRuV7mu1ij/view?usp=drivesdk
Collections,24CHLC24981,113576414065145808,"Collections Case - Purchased Debt (Charged Off Consumer Debt Purchased on or after January 1,2014)",103099717,2024-09-17 00:00:00.000,Declaration (name extension),2,1167895013530356493589730654274149815,Declaration,DEC010,declaration_24chlc24981_103099717,https://drive.google.com/file/d/1GwrT8QBxuyEKNUGgf9KcJbT0Gbni7gbW/view?usp=drivesdk
Collections,24CHLC24981,113576414065145808,"Collections Case - Purchased Debt (Charged Off Consumer Debt Purchased on or after January 1,2014)",103099716,2024-10-03 00:00:00.000,Default Judgment,2,234333987400127181533810304094096814,Judgment,JUD020,,
Collections,24CHLC26400,1059180560749054464,"Collections Case - Purchased Debt (Charged Off Consumer Debt Purchased on or after January 1,2014)",101638891,2024-07-08 00:00:00.000,Complaint,2,388721564584280238155316295027866263,Complaint,COM040,complaint_24chlc26400_101638891,https://drive.google.com/file/d/1bTFKTwM3ysYjEbnErmpJxA51wdXPAjs0/view?usp=drivesdk
Collections,24CHLC26400,1059180560749054464,"Collections Case - Purchased Debt (Charged Off Consumer Debt Purchased on or after January 1,2014)",101638892,2024-07-08 00:00:00.000,Declaration in Support of Bus. & Prof. Code 6322.1(c)(1),2,320323037921823388706341416398018292,Declaration,DEC075,declaration_24chlc26400_101638892,
Collections,24CHLC26400,1059180560749054464,"Collections Case - Purchased Debt (Charged Off Consumer Debt Purchased on or after January 1,2014)",101638893,2024-07-08 00:00:00.000,Summons,2,945882484200995654991504303145535588,Issuance,ISS030,,
Collections,24CHLC26400,1059180560749054464,"Collections Case - Purchased Debt (Charged Off Consumer Debt Purchased on or after January 1,2014)",101638894,2024-07-08 00:00:00.000,Civil Case Cover Sheet,2,820502968306706403736834013670442801,Miscellaneous,MISC020,,
Collections,24CHLC26400,1059180560749054464,"Collections Case - Purchased Debt (Charged Off Consumer Debt Purchased on or after January 1,2014)",101638896,2024-07-08 00:00:00.000,"Order to Show Cause Hearing/Case Management Review (Cal. Rules of Court, rule 3.740)",2,1144428505489754766765971158363880731,Order to Show Cause,OSC030,,
Collections,24CHLC26400,1059180560749054464,"Collections Case - Purchased Debt (Charged Off Consumer Debt Purchased on or after January 1,2014)",101638897,2024-07-08 00:00:00.000,Notice of Case Assignment - Limited Civil Case,2,59489336563554165502826203803492069,Notice,NTC040L,,
Collections,24CHLC26400,1059180560749054464,"Collections Case - Purchased Debt (Charged Off Consumer Debt Purchased on or after January 1,2014)",101754705,2024-07-15 00:00:00.000,Proof of Personal Service,2,361772600492527984411991536973851457,Proof of Service,POS110,,
Collections,24CHLC26400,1059180560749054464,"Collections Case - Purchased Debt (Charged Off Consumer Debt Purchased on or after January 1,2014)",103315858,2024-09-25 00:00:00.000,Request for Entry of Default / Judgment,2,992824474176201439188976194896937479,Request,REQ080,request_for_default_judgment_24chlc26400_103315858,https://drive.google.com/file/d/1u00SurpMMrfkUqZ_6InWh0Xf5eOVOup6/view?usp=drivesdk
Collections,24CHLC26400,1059180560749054464,"Collections Case - Purchased Debt (Charged Off Consumer Debt Purchased on or after January 1,2014)",103315859,2024-09-25 00:00:00.000,Declaration of Costs - CCP 1033,2,743452770259387480637002618082471659,Costs,CST010,declaration_24chlc26400_103315859,
Collections,24CHLC26400,1059180560749054464,"Collections Case - Purchased Debt (Charged Off Consumer Debt Purchased on or after January 1,2014)",103315861,2024-09-25 00:00:00.000,Declaration Pursuant to 585 CCP in Support of Default Judgment,2,1281123944508547205933827325824428736,Declaration,DEC071,declaration_24chlc26400_103315861,https://drive.google.com/file/d/1goxHezNm3h67qrdMC2NIMhv-DohWs37y/view?usp=drivesdk
Collections,24CHLC26400,1059180560749054464,"Collections Case - Purchased Debt (Charged Off Consumer Debt Purchased on or after January 1,2014)",103315862,2024-09-25 00:00:00.000,Request for Dismissal,2,663368025391787522120378827765165915,Request,REQ070,,
Collections,24CHLC26400,1059180560749054464,"Collections Case - Purchased Debt (Charged Off Consumer Debt Purchased on or after January 1,2014)",103315860,2024-10-09 00:00:00.000,Judgment,2,106211367825349084198713077381704286,Judgment,JUD015,,
Collections,24CHLC26400,1059180560749054464,"Collections Case - Purchased Debt (Charged Off Consumer Debt Purchased on or after January 1,2014)",106740601,2025-03-06 00:00:00.000,Writ of Execution,2,92784068147503643793000251994515272,Writ,WRIT030,,
Collections,24CHLC26400,1059180560749054464,"Collections Case - Purchased Debt (Charged Off Consumer Debt Purchased on or after January 1,2014)",106740602,2025-03-06 00:00:00.000,"Memorandum of Costs After Judgment, Acknowledgment of Credit, and Declaration of Accrued Interest",2,1185152742909693728164424459541370906,Costs,CST040,declaration_24chlc26400_106740602,
Collections,24CHLC26400,1059180560749054464,"Collections Case - Purchased Debt (Charged Off Consumer Debt Purchased on or after January 1,2014)",107687313,2025-04-16 00:00:00.000,Declaration (name extension),2,876504795218196506756555913625541937,Declaration,DEC010,declaration_24chlc26400_107687313,https://drive.google.com/file/d/1yszTkSgtmcA0hQ3HbsbW10qoODs_Drdu/view?usp=drivesdk
Collections,24CHLC27378,144554529747476960,"Collections Case - Purchased Debt (Charged Off Consumer Debt Purchased on or after January 1,2014)",101810134,2024-07-15 00:00:00.000,Complaint,2,240078218113991463091803432686826872,Complaint,COM040,complaint_24chlc27378_101810134,https://drive.google.com/file/d/169D6LxAM1juB_3aqM5qNrMi0x8d6sUtd/view?usp=drivesdk
Collections,24CHLC27378,144554529747476960,"Collections Case - Purchased Debt (Charged Off Consumer Debt Purchased on or after January 1,2014)",101810135,2024-07-15 00:00:00.000,Civil Case Cover Sheet,2,1248946616896439642382761602753718125,Miscellaneous,MISC020,,
Collections,24CHLC27378,144554529747476960,"Collections Case - Purchased Debt (Charged Off Consumer Debt Purchased on or after January 1,2014)",101810136,2024-07-15 00:00:00.000,Declaration (name extension),2,126965315805858146295412207573754628,Declaration,DEC010,declaration_24chlc27378_101810136,https://drive.google.com/file/d/1a2w-we6J_80Chximd6RccoqwGm8_hrp9/view?usp=drivesdk
Collections,24CHLC27378,144554529747476960,"Collections Case - Purchased Debt (Charged Off Consumer Debt Purchased on or after January 1,2014)",101810137,2024-07-15 00:00:00.000,"Order to Show Cause Hearing/Case Management Review (Cal. Rules of Court, rule 3.740)",2,627178653979630902043794234160593139,Order to Show Cause,OSC030,,
Collections,24CHLC27378,144554529747476960,"Collections Case - Purchased Debt (Charged Off Consumer Debt Purchased on or after January 1,2014)",101810138,2024-07-15 00:00:00.000,Notice of Case Assignment - Limited Civil Case,2,1064734747663506694307925123987033925,Notice,NTC040L,,
Collections,24CHLC27378,144554529747476960,"Collections Case - Purchased Debt (Charged Off Consumer Debt Purchased on or after January 1,2014)",102799869,2024-09-03 00:00:00.000,Summons,2,198119415075057145979206939132100137,Issuance,ISS030,,
Collections,24CHLC27378,144554529747476960,"Collections Case - Purchased Debt (Charged Off Consumer Debt Purchased on or after January 1,2014)",103384139,2024-10-01 00:00:00.000,Proof of Service by Substituted Service,2,1179998476555210277084528849565869908,Proof of Service,POS160,,
Collections,24CHLC27378,144554529747476960,"Collections Case - Purchased Debt (Charged Off Consumer Debt Purchased on or after January 1,2014)",105441123,2025-01-06 00:00:00.000,Request for Entry of Default / Judgment,2,245317962798506689254011120014273742,Request,REQ080,request_for_default_judgment_24chlc27378_105441123,https://drive.google.com/file/d/1h9JN0QJthU3skbdUjldVZmuv5gE6egmZ/view?usp=drivesdk
Collections,24CHLC27378,144554529747476960,"Collections Case - Purchased Debt (Charged Off Consumer Debt Purchased on or after January 1,2014)",105441124,2025-01-06 00:00:00.000,Declaration (name extension),2,1161688232390455017300860705720399379,Declaration,DEC010,declaration_24chlc27378_105441124,https://drive.google.com/file/d/1LRX8XjoCFU214fIdhBhQyRpNm_ZTq2Dk/view?usp=drivesdk
Collections,24CHLC27378,144554529747476960,"Collections Case - Purchased Debt (Charged Off Consumer Debt Purchased on or after January 1,2014)",105441126,2025-01-06 00:00:00.000,Declaration of Mailing,2,598105939346682618919359383112323703,Proof of Service,POS060,declaration_24chlc27378_105441126,https://drive.google.com/file/d/14_RIgU4qmJYUVwj0-EXngR8FqBdVpbmh/view?usp=drivesdk
Collections,24CHLC27378,144554529747476960,"Collections Case - Purchased Debt (Charged Off Consumer Debt Purchased on or after January 1,2014)",105441127,2025-01-06 00:00:00.000,Request for Dismissal,2,195899737646966688716215248997929548,Request,REQ070,,
Collections,24CHLC27378,144554529747476960,"Collections Case - Purchased Debt (Charged Off Consumer Debt Purchased on or after January 1,2014)",105441128,2025-01-06 00:00:00.000,Declaration of Costs - CCP 1033,2,226767783432570273888704247245938073,Costs,CST010,declaration_24chlc27378_105441128,
Collections,24CHLC27378,144554529747476960,"Collections Case - Purchased Debt (Charged Off Consumer Debt Purchased on or after January 1,2014)",105441129,2025-01-06 00:00:00.000,Declaration re: Attorney's Fees,2,948479193579555764385593420348607118,Declaration,DEC080,declaration_24chlc27378_105441129,
Collections,24CHLC27378,144554529747476960,"Collections Case - Purchased Debt (Charged Off Consumer Debt Purchased on or after January 1,2014)",105441125,2025-01-17 00:00:00.000,Judgment,2,1005593216747390835491524303322278669,Judgment,JUD015,,
Collections,24CHLC27378,144554529747476960,"Collections Case - Purchased Debt (Charged Off Consumer Debt Purchased on or after January 1,2014)",107550024,2025-04-10 00:00:00.000,Abstract of Judgment - Civil and Small Claims,2,51381663187778981101427697399143467,Post Judgment,PJ010,,
Collections,24CHLC28809,1068934608654648448,"Collections Case - Purchased Debt (Charged Off Consumer Debt Purchased on or after January 1,2014)",102013600,2024-07-26 00:00:00.000,Complaint,2,249048572676893192220329317043395197,Complaint,COM040,complaint_24chlc28809_102013600,https://drive.google.com/file/d/117q3QtpLZadVYEkDZAVXDQzV9Fo4o27_/view?usp=drivesdk
Collections,24CHLC28809,1068934608654648448,"Collections Case - Purchased Debt (Charged Off Consumer Debt Purchased on or after January 1,2014)",102013601,2024-07-26 00:00:00.000,Declaration in Support of Bus. & Prof. Code 6322.1(c)(1),2,471748423341886097305410920197895645,Declaration,DEC075,declaration_24chlc28809_102013601,
Collections,24CHLC28809,1068934608654648448,"Collections Case - Purchased Debt (Charged Off Consumer Debt Purchased on or after January 1,2014)",102013602,2024-07-26 00:00:00.000,Declaration (name extension),2,244747202107443343048273774310967711,Declaration,DEC010,declaration_24chlc28809_102013602,https://drive.google.com/file/d/1Arete4AH-sHc_FgTKFVMuhzSX9_bEtf3/view?usp=drivesdk
Collections,24CHLC28809,1068934608654648448,"Collections Case - Purchased Debt (Charged Off Consumer Debt Purchased on or after January 1,2014)",102013603,2024-07-26 00:00:00.000,Civil Case Cover Sheet,2,622000627193220787686821698442230758,Miscellaneous,MISC020,,
Collections,24CHLC28809,1068934608654648448,"Collections Case - Purchased Debt (Charged Off Consumer Debt Purchased on or after January 1,2014)",102013604,2024-07-26 00:00:00.000,Summons,2,1270034608814886323425460840442079021,Issuance,ISS030,,
Collections,24CHLC28809,1068934608654648448,"Collections Case - Purchased Debt (Charged Off Consumer Debt Purchased on or after January 1,2014)",102013605,2024-07-26 00:00:00.000,"Order to Show Cause Hearing/Case Management Review (Cal. Rules of Court, rule 3.740)",2,620841097846161507905058859220117057,Order to Show Cause,OSC030,,
Collections,24CHLC28809,1068934608654648448,"Collections Case - Purchased Debt (Charged Off Consumer Debt Purchased on or after January 1,2014)",102013606,2024-07-26 00:00:00.000,Notice of Case Assignment - Limited Civil Case,2,749559607558176862596212510897642269,Notice,NTC040L,,
Collections,24CHLC28809,1068934608654648448,"Collections Case - Purchased Debt (Charged Off Consumer Debt Purchased on or after January 1,2014)",102197376,2024-08-05 00:00:00.000,Proof of Personal Service,2,418289049715410871092246840614624396,Proof of Service,POS110,,
Collections,24CHLC28809,1068934608654648448,"Collections Case - Purchased Debt (Charged Off Consumer Debt Purchased on or after January 1,2014)",106738526,2025-03-06 00:00:00.000,Request for Entry of Default / Judgment,2,872583022566347810015948174224480389,Request,REQ080,request_for_default_judgment_24chlc28809_106738526,https://drive.google.com/file/d/1qVdNB_AzE4cWrYBHkgE75fyq7ZDNAAIx/view?usp=drivesdk
Collections,24CHLC28809,1068934608654648448,"Collections Case - Purchased Debt (Charged Off Consumer Debt Purchased on or after January 1,2014)",106738528,2025-03-06 00:00:00.000,Declaration (name extension),2,94549667008845614301601974672184054,Declaration,DEC010,declaration_24chlc28809_106738528,https://drive.google.com/file/d/1lINsIUcDZqLsgu0jRZ8tL-9YZ_OngGxh/view?usp=drivesdk
Collections,24CHLC28809,1068934608654648448,"Collections Case - Purchased Debt (Charged Off Consumer Debt Purchased on or after January 1,2014)",106738529,2025-03-06 00:00:00.000,Declaration (name extension),2,40035637596407367756575219976616377,Declaration,DEC010,declaration_24chlc28809_106738529,https://drive.google.com/file/d/1l9P6IRo33oKY2-_WQMkqX21jJcULiMmb/view?usp=drivesdk
Collections,24CHLC28809,1068934608654648448,"Collections Case - Purchased Debt (Charged Off Consumer Debt Purchased on or after January 1,2014)",106738530,2025-03-06 00:00:00.000,Declaration re: Attorney's Fees,2,550974841883044100515988745649808357,Declaration,DEC080,declaration_24chlc28809_106738530,
Collections,24CHLC28809,1068934608654648448,"Collections Case - Purchased Debt (Charged Off Consumer Debt Purchased on or after January 1,2014)",106738531,2025-03-06 00:00:00.000,Declaration (name extension),2,483242882476118953863872074158145280,Declaration,DEC010,declaration_24chlc28809_106738531,https://drive.google.com/file/d/1F06hs6n0fcrlavYvUKoD3odVlITSMIgY/view?usp=drivesdk
Collections,24CHLC28809,1068934608654648448,"Collections Case - Purchased Debt (Charged Off Consumer Debt Purchased on or after January 1,2014)",106738532,2025-03-06 00:00:00.000,Request for Dismissal,2,1240966303670823581839565087128291384,Request,REQ070,,
Collections,24CHLC28809,1068934608654648448,"Collections Case - Purchased Debt (Charged Off Consumer Debt Purchased on or after January 1,2014)",106738527,2025-03-13 00:00:00.000,Default Judgment,2,628061485372747255015845651638632851,Judgment,JUD020,,
Collections,24CHLC28964,919929396964372352,"Collections Case - Purchased Debt (Charged Off Consumer Debt Purchased on or after January 1,2014)",102030593,2024-07-29 00:00:00.000,Complaint,2,985274982122724381961248471713121149,Complaint,COM040,complaint_24chlc28964_102030593,https://drive.google.com/file/d/1btz-moDJmY_oqL3JtLWA1GP4XCKD0CcF/view?usp=drivesdk
Collections,24CHLC28964,919929396964372352,"Collections Case - Purchased Debt (Charged Off Consumer Debt Purchased on or after January 1,2014)",102030594,2024-07-29 00:00:00.000,Summons,2,310852866579685549902054809241348097,Issuance,ISS030,,
Collections,24CHLC28964,919929396964372352,"Collections Case - Purchased Debt (Charged Off Consumer Debt Purchased on or after January 1,2014)",102030595,2024-07-29 00:00:00.000,Civil Case Cover Sheet,2,627982365144026335305011676143744428,Miscellaneous,MISC020,,
Collections,24CHLC28964,919929396964372352,"Collections Case - Purchased Debt (Charged Off Consumer Debt Purchased on or after January 1,2014)",102030596,2024-07-29 00:00:00.000,Declaration (name extension),2,1148996626412651565790106323257365766,Declaration,DEC010,declaration_24chlc28964_102030596,https://drive.google.com/file/d/1_t65GgmWrV9CA4jr4wNhZvvdKiOsMtWI/view?usp=drivesdk
Collections,24CHLC28964,919929396964372352,"Collections Case - Purchased Debt (Charged Off Consumer Debt Purchased on or after January 1,2014)",102030597,2024-07-29 00:00:00.000,Declaration in Support of Bus. & Prof. Code 6322.1(c)(1),2,943720712796615421516682468018464729,Declaration,DEC075,declaration_24chlc28964_102030597,
Collections,24CHLC28964,919929396964372352,"Collections Case - Purchased Debt (Charged Off Consumer Debt Purchased on or after January 1,2014)",102030598,2024-07-29 00:00:00.000,"Order to Show Cause Hearing/Case Management Review (Cal. Rules of Court, rule 3.740)",2,848283284903667037566662012185923249,Order to Show Cause,OSC030,,
Collections,24CHLC28964,919929396964372352,"Collections Case - Purchased Debt (Charged Off Consumer Debt Purchased on or after January 1,2014)",102030599,2024-07-29 00:00:00.000,Notice of Case Assignment - Limited Civil Case,2,694777510335818879906655339985651751,Notice,NTC040L,,
Collections,24CHLC28964,919929396964372352,"Collections Case - Purchased Debt (Charged Off Consumer Debt Purchased on or after January 1,2014)",102750863,2024-08-29 00:00:00.000,Proof of Personal Service,2,237342797140898609348476702247038659,Proof of Service,POS110,,
Collections,24CHLC28964,919929396964372352,"Collections Case - Purchased Debt (Charged Off Consumer Debt Purchased on or after January 1,2014)",107283114,2025-03-27 00:00:00.000,Request for Entry of Default / Judgment,2,476214405259452922378557092304206118,Request,REQ080,request_for_default_judgment_24chlc28964_107283114,https://drive.google.com/file/d/1W6G1aOqus0fekIu_BRg22KaRRCqJL7-2/view?usp=drivesdk
Collections,24CHLC28964,919929396964372352,"Collections Case - Purchased Debt (Charged Off Consumer Debt Purchased on or after January 1,2014)",107283115,2025-03-27 00:00:00.000,Request for Dismissal,2,939272294240198773179204964691408236,Request,REQ070,,
Collections,24CHLC28964,919929396964372352,"Collections Case - Purchased Debt (Charged Off Consumer Debt Purchased on or after January 1,2014)",107283116,2025-03-27 00:00:00.000,Declaration of Costs - CCP 1033,2,1163915642363043043246302954952565508,Costs,CST010,declaration_24chlc28964_107283116,
Collections,24CHLC28964,919929396964372352,"Collections Case - Purchased Debt (Charged Off Consumer Debt Purchased on or after January 1,2014)",107283117,2025-03-27 00:00:00.000,Declaration re: Attorney's Fees,2,936635165009739947850973413713464849,Declaration,DEC080,declaration_24chlc28964_107283117,
Collections,24CHLC28964,919929396964372352,"Collections Case - Purchased Debt (Charged Off Consumer Debt Purchased on or after January 1,2014)",107283118,2025-03-27 00:00:00.000,Declaration (name extension),2,433495439448472203569719546921779691,Declaration,DEC010,declaration_24chlc28964_107283118,https://drive.google.com/file/d/1C1yHImV8M_EMS04NxdaZj_Mudfd8qMa9/view?usp=drivesdk
Collections,24CHLC28964,919929396964372352,"Collections Case - Purchased Debt (Charged Off Consumer Debt Purchased on or after January 1,2014)",107283119,2025-03-27 00:00:00.000,Declaration (name extension),2,1129177259312546193367354427812894107,Declaration,DEC010,declaration_24chlc28964_107283119,https://drive.google.com/file/d/1WrQefsi4Dmd3A2bt2A3aP-q0nWrroKvw/view?usp=drivesdk
Collections,24CHLC28964,919929396964372352,"Collections Case - Purchased Debt (Charged Off Consumer Debt Purchased on or after January 1,2014)",107283120,2025-03-27 00:00:00.000,Declaration (name extension),2,856235713950456043004990817018888628,Declaration,DEC010,declaration_24chlc28964_107283120,https://drive.google.com/file/d/12-MWYbQf2mFSvdnNcAzxCi2026h_OBrg/view?usp=drivesdk
Collections,24CHLC28964,919929396964372352,"Collections Case - Purchased Debt (Charged Off Consumer Debt Purchased on or after January 1,2014)",107283121,2025-04-16 00:00:00.000,Judgment,2,694058712916737005523177785324292886,Judgment,JUD015,,
Collections,24CHLC29333,171588417678561248,"Collections Case - Purchased Debt (Charged Off Consumer Debt Purchased on or after January 1,2014)",102094559,2024-07-31 00:00:00.000,Complaint,2,113477781250955215541854531263743648,Complaint,COM040,complaint_24chlc29333_102094559,https://drive.google.com/file/d/1WMZC-RXXfCQj248pfakLc4L9gvduraR1/view?usp=drivesdk
Collections,24CHLC29333,171588417678561248,"Collections Case - Purchased Debt (Charged Off Consumer Debt Purchased on or after January 1,2014)",102094560,2024-07-31 00:00:00.000,Summons,2,263867906346585908405143722594709952,Issuance,ISS030,,
Collections,24CHLC29333,171588417678561248,"Collections Case - Purchased Debt (Charged Off Consumer Debt Purchased on or after January 1,2014)",102094561,2024-07-31 00:00:00.000,Civil Case Cover Sheet,2,859145125249812758584838108952268617,Miscellaneous,MISC020,,
Collections,24CHLC29333,171588417678561248,"Collections Case - Purchased Debt (Charged Off Consumer Debt Purchased on or after January 1,2014)",102094562,2024-07-31 00:00:00.000,Declaration in Support of Bus. & Prof. Code 6322.1(c)(1),2,835646171407339188021092033385332584,Declaration,DEC075,declaration_24chlc29333_102094562,
Collections,24CHLC29333,171588417678561248,"Collections Case - Purchased Debt (Charged Off Consumer Debt Purchased on or after January 1,2014)",102094563,2024-07-31 00:00:00.000,"Order to Show Cause Hearing/Case Management Review (Cal. Rules of Court, rule 3.740)",2,719094286119100755269075343990424765,Order to Show Cause,OSC030,,
Collections,24CHLC29333,171588417678561248,"Collections Case - Purchased Debt (Charged Off Consumer Debt Purchased on or after January 1,2014)",102094564,2024-07-31 00:00:00.000,Notice of Case Assignment - Limited Civil Case,2,1136745957361591068152152349410019983,Notice,NTC040L,,
Collections,24CHLC29333,171588417678561248,"Collections Case - Purchased Debt (Charged Off Consumer Debt Purchased on or after January 1,2014)",102929294,2024-09-10 00:00:00.000,Proof of Personal Service,2,1241649673002577546239483862684268454,Proof of Service,POS110,,
Collections,24CHLC29333,171588417678561248,"Collections Case - Purchased Debt (Charged Off Consumer Debt Purchased on or after January 1,2014)",109196899,2025-06-20 00:00:00.000,Request for Entry of Default / Judgment,2,1017143673519702637839269446231082046,Request,REQ080,request_for_default_judgment_24chlc29333_109196899,https://drive.google.com/file/d/1kOy-CZPnz7zPiYGyOFZObDAeBQxUjjuV/view?usp=drivesdk
Collections,24CHLC29333,171588417678561248,"Collections Case - Purchased Debt (Charged Off Consumer Debt Purchased on or after January 1,2014)",109196900,2025-06-20 00:00:00.000,Request for Dismissal,2,902547894436244470239261039025881098,Request,REQ070,,
Collections,24CHLC29333,171588417678561248,"Collections Case - Purchased Debt (Charged Off Consumer Debt Purchased on or after January 1,2014)",109196901,2025-06-20 00:00:00.000,Declaration (name extension),2,359305952047882006858234365253228685,Declaration,DEC010,declaration_24chlc29333_109196901,https://drive.google.com/file/d/1i_UPoJdbCa0VzXduQYzIx40aiMagS3fS/view?usp=drivesdk
Collections,24CHLC29333,171588417678561248,"Collections Case - Purchased Debt (Charged Off Consumer Debt Purchased on or after January 1,2014)",109196902,2025-06-20 00:00:00.000,Declaration (name extension),2,702039008243896928947931306341779781,Declaration,DEC010,declaration_24chlc29333_109196902,https://drive.google.com/file/d/1eTk_dtjQFb9dvQp1yd9TSBBBJ2GYKXd8/view?usp=drivesdk
Collections,24CHLC29333,171588417678561248,"Collections Case - Purchased Debt (Charged Off Consumer Debt Purchased on or after January 1,2014)",109196903,2025-06-20 00:00:00.000,Declaration re: Attorney's Fees,2,1216763760545661826689969005050481518,Declaration,DEC080,declaration_24chlc29333_109196903,
Collections,24CHLC29333,171588417678561248,"Collections Case - Purchased Debt (Charged Off Consumer Debt Purchased on or after January 1,2014)",109196904,2025-06-20 00:00:00.000,Summary of the Case,2,29686664713888810985617160920976300,Miscellaneous,MISC145,,
Collections,24CHLC29333,171588417678561248,"Collections Case - Purchased Debt (Charged Off Consumer Debt Purchased on or after January 1,2014)",109196905,2025-06-20 00:00:00.000,Default Judgment,2,285290378431856973235986327664801904,Judgment,JUD020,,
Collections,24CHLC29334,14233109111568684,"Collections Case - Purchased Debt (Charged Off Consumer Debt Purchased on or after January 1,2014)",102094605,2024-07-31 00:00:00.000,Complaint,2,809780987696176048089438502816010020,Complaint,COM040,complaint_24chlc29334_102094605,https://drive.google.com/file/d/19RybZYhldL23VI3P7m2SC6v80SW_MFaX/view?usp=drivesdk
Collections,24CHLC29334,14233109111568684,"Collections Case - Purchased Debt (Charged Off Consumer Debt Purchased on or after January 1,2014)",102094606,2024-07-31 00:00:00.000,Civil Case Cover Sheet,2,1228896113006710350118606790231658979,Miscellaneous,MISC020,,
Collections,24CHLC29334,14233109111568684,"Collections Case - Purchased Debt (Charged Off Consumer Debt Purchased on or after January 1,2014)",102094607,2024-07-31 00:00:00.000,Summons,2,1313029764280306882252535948521262710,Issuance,ISS030,,
Collections,24CHLC29334,14233109111568684,"Collections Case - Purchased Debt (Charged Off Consumer Debt Purchased on or after January 1,2014)",102094608,2024-07-31 00:00:00.000,"Order to Show Cause Hearing/Case Management Review (Cal. Rules of Court, rule 3.740)",2,184579723804217519755466201301962403,Order to Show Cause,OSC030,,
Collections,24CHLC29334,14233109111568684,"Collections Case - Purchased Debt (Charged Off Consumer Debt Purchased on or after January 1,2014)",102094609,2024-07-31 00:00:00.000,Notice of Case Assignment - Limited Civil Case,2,921241993257787580686628553954906235,Notice,NTC040L,,
Collections,24CHLC29334,14233109111568684,"Collections Case - Purchased Debt (Charged Off Consumer Debt Purchased on or after January 1,2014)",102964603,2024-09-10 00:00:00.000,Proof of Personal Service,2,531784114473820492195074765185745988,Proof of Service,POS110,,
Collections,24CHLC29334,14233109111568684,"Collections Case - Purchased Debt (Charged Off Consumer Debt Purchased on or after January 1,2014)",104282079,2024-11-08 00:00:00.000,Declaration Pursuant to 585 CCP in Support of Default Judgment,2,665703915796946116573454128356680948,Declaration,DEC071,declaration_24chlc29334_104282079,https://drive.google.com/file/d/1iYy_BnPGD8DKWtLKkhrC_1plW5Omr-xB/view?usp=drivesdk
Collections,24CHLC29334,14233109111568684,"Collections Case - Purchased Debt (Charged Off Consumer Debt Purchased on or after January 1,2014)",104282080,2024-11-08 00:00:00.000,Request for Dismissal,2,445646614353798066264529254014094452,Request,REQ070,,
Collections,24CHLC29334,14233109111568684,"Collections Case - Purchased Debt (Charged Off Consumer Debt Purchased on or after January 1,2014)",104282081,2024-11-08 00:00:00.000,Request for Entry of Default / Judgment,2,34479874125364120263551199493016057,Request,REQ080,request_for_default_judgment_24chlc29334_104282081,https://drive.google.com/file/d/1niBv5ZbPzLqql8TXosYghX4oQG04lDPn/view?usp=drivesdk
Collections,24CHLC29334,14233109111568684,"Collections Case - Purchased Debt (Charged Off Consumer Debt Purchased on or after January 1,2014)",104282083,2024-11-08 00:00:00.000,Declaration of Costs - CCP 1033,2,955180891553131316686675769164186967,Costs,CST010,declaration_24chlc29334_104282083,
Collections,24CHLC29334,14233109111568684,"Collections Case - Purchased Debt (Charged Off Consumer Debt Purchased on or after January 1,2014)",104282082,2024-11-13 00:00:00.000,Judgment,2,651501258444455387255360221914826027,Judgment,JUD015,,
Collections,24CHLC30788,50559119817454312,"Collections Case - Purchased Debt (Charged Off Consumer Debt Purchased on or after January 1,2014)",102357392,2024-08-13 00:00:00.000,Complaint,2,710756083936587647326371282845212320,Complaint,COM040,complaint_24chlc30788_102357392,https://drive.google.com/file/d/1CHLbB6tMMciG-TkNjjmN9Y7XPq195LgZ/view?usp=drivesdk
Collections,24CHLC30788,50559119817454312,"Collections Case - Purchased Debt (Charged Off Consumer Debt Purchased on or after January 1,2014)",102357393,2024-08-13 00:00:00.000,Declaration (name extension),2,521857232736175440541247043181908694,Declaration,DEC010,declaration_24chlc30788_102357393,https://drive.google.com/file/d/15DM6Wl9-pJP3vSK8IDeEYpReyfAOIatq/view?usp=drivesdk
Collections,24CHLC30788,50559119817454312,"Collections Case - Purchased Debt (Charged Off Consumer Debt Purchased on or after January 1,2014)",102357394,2024-08-13 00:00:00.000,Declaration in Support of Bus. & Prof. Code 6322.1(c)(1),2,1033127339594133069436648656922874722,Declaration,DEC075,declaration_24chlc30788_102357394,
Collections,24CHLC30788,50559119817454312,"Collections Case - Purchased Debt (Charged Off Consumer Debt Purchased on or after January 1,2014)",102357395,2024-08-13 00:00:00.000,Summons,2,283384481249309244480695914991201151,Issuance,ISS030,,
Collections,24CHLC30788,50559119817454312,"Collections Case - Purchased Debt (Charged Off Consumer Debt Purchased on or after January 1,2014)",102357396,2024-08-13 00:00:00.000,Civil Case Cover Sheet,2,937286047249689837567702498810140923,Miscellaneous,MISC020,,
Collections,24CHLC30788,50559119817454312,"Collections Case - Purchased Debt (Charged Off Consumer Debt Purchased on or after January 1,2014)",102357397,2024-08-13 00:00:00.000,"Order to Show Cause Hearing/Case Management Review (Cal. Rules of Court, rule 3.740)",2,492925971117845614165324882794226768,Order to Show Cause,OSC030,,
Collections,24CHLC30788,50559119817454312,"Collections Case - Purchased Debt (Charged Off Consumer Debt Purchased on or after January 1,2014)",102357398,2024-08-13 00:00:00.000,Notice of Case Assignment - Limited Civil Case,2,923416026457308180684669532273368867,Notice,NTC040L,,
Collections,24CHLC30788,50559119817454312,"Collections Case - Purchased Debt (Charged Off Consumer Debt Purchased on or after January 1,2014)",102452828,2024-08-16 00:00:00.000,Proof of Personal Service,2,514110009674782420813393200466910405,Proof of Service,POS110,,
Collections,24CHLC30788,50559119817454312,"Collections Case - Purchased Debt (Charged Off Consumer Debt Purchased on or after January 1,2014)",105338887,2024-12-31 00:00:00.000,Request for Entry of Default / Judgment,2,227587737484884974655041593917553344,Request,REQ080,request_for_default_judgment_24chlc30788_105338887,https://drive.google.com/file/d/1fv8BB-aFUgxi49MKmmL9zZf3wr6zDFlc/view?usp=drivesdk
Collections,24CHLC30788,50559119817454312,"Collections Case - Purchased Debt (Charged Off Consumer Debt Purchased on or after January 1,2014)",105338888,2024-12-31 00:00:00.000,Request for Dismissal,2,1072733827901313329566120298101286682,Request,REQ070,,
Collections,24CHLC30788,50559119817454312,"Collections Case - Purchased Debt (Charged Off Consumer Debt Purchased on or after January 1,2014)",105338889,2024-12-31 00:00:00.000,Declaration of Costs - CCP 1033,2,763223037935860142316158852335247937,Costs,CST010,declaration_24chlc30788_105338889,
Collections,24CHLC30788,50559119817454312,"Collections Case - Purchased Debt (Charged Off Consumer Debt Purchased on or after January 1,2014)",105338890,2024-12-31 00:00:00.000,Declaration re: Attorney's Fees,2,430205553278785820128347766230808136,Declaration,DEC080,declaration_24chlc30788_105338890,
Collections,24CHLC30788,50559119817454312,"Collections Case - Purchased Debt (Charged Off Consumer Debt Purchased on or after January 1,2014)",105338891,2024-12-31 00:00:00.000,Declaration (name extension),2,1087147924087277201343627877385380021,Declaration,DEC010,declaration_24chlc30788_105338891,https://drive.google.com/file/d/1KMEcM_knIM5yOW8LEdPBkhAxmwXxya9_/view?usp=drivesdk
Collections,24CHLC30788,50559119817454312,"Collections Case - Purchased Debt (Charged Off Consumer Debt Purchased on or after January 1,2014)",105338892,2025-01-06 00:00:00.000,Judgment,2,298188002205655406708544997625220392,Judgment,JUD015,,
Collections,24CHLC30788,50559119817454312,"Collections Case - Purchased Debt (Charged Off Consumer Debt Purchased on or after January 1,2014)",106889229,2025-03-11 00:00:00.000,"Memorandum of Costs After Judgment, Acknowledgment of Credit, and Declaration of Accrued Interest",2,1199072837866972411849954145680313059,Costs,CST040,declaration_24chlc30788_106889229,
Collections,24CHLC30788,50559119817454312,"Collections Case - Purchased Debt (Charged Off Consumer Debt Purchased on or after January 1,2014)",106889228,2025-03-13 00:00:00.000,Writ of Execution,2,355344376478928381744294324537303078,Writ,WRIT030,,
Collections,24CHLC30788,50559119817454312,"Collections Case - Purchased Debt (Charged Off Consumer Debt Purchased on or after January 1,2014)",108433132,2025-05-19 00:00:00.000,Declaration (name extension),2,279307714340367376056081663307369139,Declaration,DEC010,declaration_24chlc30788_108433132,https://drive.google.com/file/d/1FjZkxdJxgEgXZqAkr3rm9iciv1tQSV-i/view?usp=drivesdk
Collections,24CHLC30788,50559119817454312,"Collections Case - Purchased Debt (Charged Off Consumer Debt Purchased on or after January 1,2014)",110979694,2025-09-05 00:00:00.000,Acknowledgment of Satisfaction of Judgment,2,46788510153787505154910505061098321,Post Judgment,PJ020,,
Collections,24CHLC32986,940798486502492928,"Collections Case - Purchased Debt (Charged Off Consumer Debt Purchased on or after January 1,2014)",102752094,2024-08-30 00:00:00.000,Complaint,2,1130400399524062567860844735059908474,Complaint,COM040,complaint_24chlc32986_102752094,https://drive.google.com/file/d/17WixkvqsL7ZE5ygRJHkcG5c_k2LlB2W3/view?usp=drivesdk
Collections,24CHLC32986,940798486502492928,"Collections Case - Purchased Debt (Charged Off Consumer Debt Purchased on or after January 1,2014)",102752095,2024-08-30 00:00:00.000,Civil Case Cover Sheet,2,1242596944301568573019097386933270611,Miscellaneous,MISC020,,
Collections,24CHLC32986,940798486502492928,"Collections Case - Purchased Debt (Charged Off Consumer Debt Purchased on or after January 1,2014)",102752096,2024-08-30 00:00:00.000,Summons,2,328774122761635947756761270348279684,Issuance,ISS030,,
Collections,24CHLC32986,940798486502492928,"Collections Case - Purchased Debt (Charged Off Consumer Debt Purchased on or after January 1,2014)",102752097,2024-08-30 00:00:00.000,Declaration in Support of Bus. & Prof. Code 6322.1(c)(1),2,336039796835658120909537353122021158,Declaration,DEC075,declaration_24chlc32986_102752097,
Collections,24CHLC32986,940798486502492928,"Collections Case - Purchased Debt (Charged Off Consumer Debt Purchased on or after January 1,2014)",102752098,2024-08-30 00:00:00.000,"Order to Show Cause Hearing/Case Management Review (Cal. Rules of Court, rule 3.740)",2,181332480326316103412522497156856822,Order to Show Cause,OSC030,,
Collections,24CHLC32986,940798486502492928,"Collections Case - Purchased Debt (Charged Off Consumer Debt Purchased on or after January 1,2014)",102752099,2024-08-30 00:00:00.000,Notice of Case Assignment - Limited Civil Case,2,1003117937949123586697873003646880241,Notice,NTC040L,,
Collections,24CHLC32986,940798486502492928,"Collections Case - Purchased Debt (Charged Off Consumer Debt Purchased on or after January 1,2014)",103496358,2024-10-07 00:00:00.000,Proof of Personal Service,2,1259737198567385754535617613524408922,Proof of Service,POS110,,
Collections,24CHLC32986,940798486502492928,"Collections Case - Purchased Debt (Charged Off Consumer Debt Purchased on or after January 1,2014)",104870959,2024-12-05 00:00:00.000,Request for Entry of Default / Judgment,2,868717424546895490175637449309155616,Request,REQ080,request_for_default_judgment_24chlc32986_104870959,https://drive.google.com/file/d/1Mnn8kX9okcfT1873eJ5RiLx-EUeo5UUM/view?usp=drivesdk
Collections,24CHLC32986,940798486502492928,"Collections Case - Purchased Debt (Charged Off Consumer Debt Purchased on or after January 1,2014)",104870960,2024-12-05 00:00:00.000,Declaration (name extension),2,1133631331360245464028153273495079380,Declaration,DEC010,declaration_24chlc32986_104870960,https://drive.google.com/file/d/1XFaD2-wTQWBL0ex0QQctdgPi0Xlg8v9L/view?usp=drivesdk
Collections,24CHLC32986,940798486502492928,"Collections Case - Purchased Debt (Charged Off Consumer Debt Purchased on or after January 1,2014)",104870962,2024-12-05 00:00:00.000,Declaration (name extension),2,1227783704942328238162195172837726354,Declaration,DEC010,declaration_24chlc32986_104870962,https://drive.google.com/file/d/1x8rsQQ2LVr7yeJ4JvAKMmTv5PLTyYmHC/view?usp=drivesdk
Collections,24CHLC32986,940798486502492928,"Collections Case - Purchased Debt (Charged Off Consumer Debt Purchased on or after January 1,2014)",104870961,2024-12-10 00:00:00.000,Default Judgment,2,1023828616463971121840267660712017440,Judgment,JUD020,,
Collections,24CHLC33360,214515268457547840,"Collections Case - Purchased Debt (Charged Off Consumer Debt Purchased on or after January 1,2014)",102799569,2024-09-03 00:00:00.000,Complaint,2,704630024205706443681354430585845948,Complaint,COM040,complaint_24chlc33360_102799569,https://drive.google.com/file/d/1Ovl-QV-VEkxaM2p__5gnyWYQ1s3sW588/view?usp=drivesdk
Collections,24CHLC33360,214515268457547840,"Collections Case - Purchased Debt (Charged Off Consumer Debt Purchased on or after January 1,2014)",102799570,2024-09-03 00:00:00.000,Civil Case Cover Sheet,2,1154657570363616168511449675113119852,Miscellaneous,MISC020,,
Collections,24CHLC33360,214515268457547840,"Collections Case - Purchased Debt (Charged Off Consumer Debt Purchased on or after January 1,2014)",102799571,2024-09-03 00:00:00.000,Summons,2,449129935203220144131319757706128565,Issuance,ISS030,,
Collections,24CHLC33360,214515268457547840,"Collections Case - Purchased Debt (Charged Off Consumer Debt Purchased on or after January 1,2014)",102799572,2024-09-03 00:00:00.000,"Order to Show Cause Hearing/Case Management Review (Cal. Rules of Court, rule 3.740)",2,1067428745227204498408691436567051374,Order to Show Cause,OSC030,,
Collections,24CHLC33360,214515268457547840,"Collections Case - Purchased Debt (Charged Off Consumer Debt Purchased on or after January 1,2014)",102799573,2024-09-03 00:00:00.000,Notice of Case Assignment - Limited Civil Case,2,454635023554777744844490916721033538,Notice,NTC040L,,
Collections,24CHLC33360,214515268457547840,"Collections Case - Purchased Debt (Charged Off Consumer Debt Purchased on or after January 1,2014)",102919327,2024-09-09 00:00:00.000,Proof of Personal Service,2,67005719654510778837275387640251425,Proof of Service,POS110,,
Collections,24CHLC33360,214515268457547840,"Collections Case - Purchased Debt (Charged Off Consumer Debt Purchased on or after January 1,2014)",105290516,2024-12-26 00:00:00.000,Request for Dismissal,2,904404426424286664985600766450586089,Request,REQ070,,
Collections,24CHLC33360,214515268457547840,"Collections Case - Purchased Debt (Charged Off Consumer Debt Purchased on or after January 1,2014)",105290517,2024-12-26 00:00:00.000,Declaration (name extension),2,1265214190377005372298943490441406962,Declaration,DEC010,declaration_24chlc33360_105290517,https://drive.google.com/file/d/17Ip9ahtaKTgT66S6P6NMf2aWUgd464Xr/view?usp=drivesdk
Collections,24CHLC33360,214515268457547840,"Collections Case - Purchased Debt (Charged Off Consumer Debt Purchased on or after January 1,2014)",105290518,2024-12-26 00:00:00.000,Declaration (name extension),2,870725525892724280328762848511212218,Declaration,DEC010,declaration_24chlc33360_105290518,https://drive.google.com/file/d/1_jNCJ8VWtOtfYjv_XlkI0Vhth3lYNGWx/view?usp=drivesdk
Collections,24CHLC33360,214515268457547840,"Collections Case - Purchased Debt (Charged Off Consumer Debt Purchased on or after January 1,2014)",105290519,2024-12-26 00:00:00.000,Request for Entry of Default / Judgment,2,1065326373739110340085613133339994068,Request,REQ080,request_for_default_judgment_24chlc33360_105290519,https://drive.google.com/file/d/1UCt5-5OaybB2Fu1oMnLOyRzWsUjScsIO/view?usp=drivesdk
Collections,24CHLC33360,214515268457547840,"Collections Case - Purchased Debt (Charged Off Consumer Debt Purchased on or after January 1,2014)",105290520,2025-01-03 00:00:00.000,Default Judgment,2,658881198582720334633977262491739445,Judgment,JUD020,,
Collections,24CHLC33360,214515268457547840,"Collections Case - Purchased Debt (Charged Off Consumer Debt Purchased on or after January 1,2014)",107233143,2025-03-27 00:00:00.000,Abstract of Judgment - Civil and Small Claims,2,470204351253754871752467467059109880,Post Judgment,PJ010,,
Collections,24CHLC33712,682551642440858752,"Collections Case - Purchased Debt (Charged Off Consumer Debt Purchased on or after January 1,2014)",102842482,2024-09-04 00:00:00.000,Complaint,2,147244546441339398220511703633969969,Complaint,COM040,complaint_24chlc33712_102842482,https://drive.google.com/file/d/1dMN12yrSWF4NB2136ZsM3uid_u7pJMPx/view?usp=drivesdk
Collections,24CHLC33712,682551642440858752,"Collections Case - Purchased Debt (Charged Off Consumer Debt Purchased on or after January 1,2014)",102842483,2024-09-04 00:00:00.000,Civil Case Cover Sheet,2,967702028861846702191367376055688871,Miscellaneous,MISC020,,
Collections,24CHLC33712,682551642440858752,"Collections Case - Purchased Debt (Charged Off Consumer Debt Purchased on or after January 1,2014)",102842484,2024-09-04 00:00:00.000,Declaration (name extension),2,611225022202067827042011754501261071,Declaration,DEC010,declaration_24chlc33712_102842484,https://drive.google.com/file/d/1C3X9_4SplkSDYToYPywewr3pFJsBzLoA/view?usp=drivesdk
Collections,24CHLC33712,682551642440858752,"Collections Case - Purchased Debt (Charged Off Consumer Debt Purchased on or after January 1,2014)",102842485,2024-09-04 00:00:00.000,Summons,2,1048528548447166953095811733243652695,Issuance,ISS030,,
Collections,24CHLC33712,682551642440858752,"Collections Case - Purchased Debt (Charged Off Consumer Debt Purchased on or after January 1,2014)",102842486,2024-09-04 00:00:00.000,Declaration in Support of Bus. & Prof. Code 6322.1(c)(1),2,888637129264986242902653991654946339,Declaration,DEC075,declaration_24chlc33712_102842486,
Collections,24CHLC33712,682551642440858752,"Collections Case - Purchased Debt (Charged Off Consumer Debt Purchased on or after January 1,2014)",102842487,2024-09-04 00:00:00.000,"Order to Show Cause Hearing/Case Management Review (Cal. Rules of Court, rule 3.740)",2,730383248454005902502226618316358601,Order to Show Cause,OSC030,,
Collections,24CHLC33712,682551642440858752,"Collections Case - Purchased Debt (Charged Off Consumer Debt Purchased on or after January 1,2014)",102842488,2024-09-04 00:00:00.000,Notice of Case Assignment - Limited Civil Case,2,347182684330539645632858264104441894,Notice,NTC040L,,
Collections,24CHLC33712,682551642440858752,"Collections Case - Purchased Debt (Charged Off Consumer Debt Purchased on or after January 1,2014)",102919759,2024-09-09 00:00:00.000,Proof of Personal Service,2,163339996346455520212080134785664682,Proof of Service,POS110,,
Collections,24CHLC33712,682551642440858752,"Collections Case - Purchased Debt (Charged Off Consumer Debt Purchased on or after January 1,2014)",105273153,2024-12-24 00:00:00.000,Request for Entry of Default / Judgment,2,1282474531130454379800836950241468300,Request,REQ080,request_for_default_judgment_24chlc33712_105273153,https://drive.google.com/file/d/1_2BIlUtWuZYaHzmQ4oxxVxbqT_4iwdwd/view?usp=drivesdk
Collections,24CHLC33712,682551642440858752,"Collections Case - Purchased Debt (Charged Off Consumer Debt Purchased on or after January 1,2014)",105273155,2024-12-24 00:00:00.000,Declaration (name extension),2,161662136360529207039667332716532541,Declaration,DEC010,declaration_24chlc33712_105273155,https://drive.google.com/file/d/19zdBsEfpulCZM5bTcGjL4RHDR1oJNUed/view?usp=drivesdk
Collections,24CHLC33712,682551642440858752,"Collections Case - Purchased Debt (Charged Off Consumer Debt Purchased on or after January 1,2014)",105273156,2024-12-24 00:00:00.000,Declaration (name extension),2,778884346808474084315869508470084559,Declaration,DEC010,declaration_24chlc33712_105273156,https://drive.google.com/file/d/1M0NF0jguop61MER5hpp9d5AA74CyoFdg/view?usp=drivesdk
Collections,24CHLC33712,682551642440858752,"Collections Case - Purchased Debt (Charged Off Consumer Debt Purchased on or after January 1,2014)",105273157,2024-12-24 00:00:00.000,Declaration (name extension),2,108156472774331398956585164327598551,Declaration,DEC010,declaration_24chlc33712_105273157,https://drive.google.com/file/d/1xwJJOKrLs035RL846SX8uyNqcv28PlQo/view?usp=drivesdk
Collections,24CHLC33712,682551642440858752,"Collections Case - Purchased Debt (Charged Off Consumer Debt Purchased on or after January 1,2014)",105273158,2024-12-24 00:00:00.000,Declaration re: Attorney's Fees,2,774996239341254274989313887902865404,Declaration,DEC080,declaration_24chlc33712_105273158,
Collections,24CHLC33712,682551642440858752,"Collections Case - Purchased Debt (Charged Off Consumer Debt Purchased on or after January 1,2014)",105273159,2024-12-24 00:00:00.000,Declaration of Costs - CCP 1033,2,705779532113188863099648816185171993,Costs,CST010,declaration_24chlc33712_105273159,
Collections,24CHLC33712,682551642440858752,"Collections Case - Purchased Debt (Charged Off Consumer Debt Purchased on or after January 1,2014)",105273160,2024-12-24 00:00:00.000,Request for Dismissal,2,581889420777863270424225112710500227,Request,REQ070,,
Collections,24CHLC33712,682551642440858752,"Collections Case - Purchased Debt (Charged Off Consumer Debt Purchased on or after January 1,2014)",105273154,2025-01-10 00:00:00.000,Judgment,2,114690524985012710662263079668141915,Judgment,JUD015,,
Collections,24CHLC33712,682551642440858752,"Collections Case - Purchased Debt (Charged Off Consumer Debt Purchased on or after January 1,2014)",108885294,2025-06-06 00:00:00.000,"Memorandum of Costs After Judgment, Acknowledgment of Credit, and Declaration of Accrued Interest",2,704528395430630836179311363242583964,Costs,CST040,declaration_24chlc33712_108885294,
Collections,24CHLC33712,682551642440858752,"Collections Case - Purchased Debt (Charged Off Consumer Debt Purchased on or after January 1,2014)",108885293,2025-06-09 00:00:00.000,Writ of Execution,2,482020474075523945357179526785066072,Writ,WRIT030,,
Collections,24CHLC34330,1043891827865654528,"Collections Case - Purchased Debt (Charged Off Consumer Debt Purchased on or after January 1,2014)",102940849,2024-09-09 00:00:00.000,Complaint,2,1077589598790622117405088685253156150,Complaint,COM040,complaint_24chlc34330_102940849,https://drive.google.com/file/d/17W5oT4v_B4gSkp86RL-DQP-y0wmfkPzv/view?usp=drivesdk
Collections,24CHLC34330,1043891827865654528,"Collections Case - Purchased Debt (Charged Off Consumer Debt Purchased on or after January 1,2014)",102940850,2024-09-09 00:00:00.000,Declaration in Support of Bus. & Prof. Code 6322.1(c)(1),2,318852876051231687024330658166229174,Declaration,DEC075,declaration_24chlc34330_102940850,
Collections,24CHLC34330,1043891827865654528,"Collections Case - Purchased Debt (Charged Off Consumer Debt Purchased on or after January 1,2014)",102940851,2024-09-09 00:00:00.000,Declaration (name extension),2,1224023647472558663706286628398954973,Declaration,DEC010,declaration_24chlc34330_102940851,https://drive.google.com/file/d/1C4tiMarP5-OSOykVtZzNbrrLiu-H8CtX/view?usp=drivesdk
Collections,24CHLC34330,1043891827865654528,"Collections Case - Purchased Debt (Charged Off Consumer Debt Purchased on or after January 1,2014)",102940852,2024-09-09 00:00:00.000,Civil Case Cover Sheet,2,1245133808603321957575728410758957557,Miscellaneous,MISC020,,
Collections,24CHLC34330,1043891827865654528,"Collections Case - Purchased Debt (Charged Off Consumer Debt Purchased on or after January 1,2014)",102940853,2024-09-09 00:00:00.000,Summons,2,1247574893166099605824222845921702884,Issuance,ISS030,,
Collections,24CHLC34330,1043891827865654528,"Collections Case - Purchased Debt (Charged Off Consumer Debt Purchased on or after January 1,2014)",102940857,2024-09-09 00:00:00.000,"Order to Show Cause Hearing/Case Management Review (Cal. Rules of Court, rule 3.740)",2,192519506118460095096968137958280332,Order to Show Cause,OSC030,,
Collections,24CHLC34330,1043891827865654528,"Collections Case - Purchased Debt (Charged Off Consumer Debt Purchased on or after January 1,2014)",102940860,2024-09-09 00:00:00.000,Notice of Case Assignment - Limited Civil Case,2,658216447651653796552424949747340260,Notice,NTC040L,,
Collections,24CHLC34330,1043891827865654528,"Collections Case - Purchased Debt (Charged Off Consumer Debt Purchased on or after January 1,2014)",102991388,2024-09-12 00:00:00.000,Proof of Personal Service,2,688971368011429740265851930558803067,Proof of Service,POS110,,
Collections,24CHLC34330,1043891827865654528,"Collections Case - Purchased Debt (Charged Off Consumer Debt Purchased on or after January 1,2014)",106321621,2025-02-18 00:00:00.000,Request for Entry of Default / Judgment,2,327244088573332428071310859728662015,Request,REQ080,request_for_default_judgment_24chlc34330_106321621,https://drive.google.com/file/d/1IWwpE3Hypzem1Sd0U32QKR6US5UZAwp-/view?usp=drivesdk
Collections,24CHLC34330,1043891827865654528,"Collections Case - Purchased Debt (Charged Off Consumer Debt Purchased on or after January 1,2014)",106321622,2025-02-18 00:00:00.000,Declaration (name extension),2,590038997956523873138956464318508013,Declaration,DEC010,declaration_24chlc34330_106321622,https://drive.google.com/file/d/1NBsVX_q95N3J0em8JW2kB5gMC6bAbOWU/view?usp=drivesdk
Collections,24CHLC34330,1043891827865654528,"Collections Case - Purchased Debt (Charged Off Consumer Debt Purchased on or after January 1,2014)",106321623,2025-02-18 00:00:00.000,Declaration re: Attorney's Fees,2,84633721671302091540487255860138066,Declaration,DEC080,declaration_24chlc34330_106321623,
Collections,24CHLC34330,1043891827865654528,"Collections Case - Purchased Debt (Charged Off Consumer Debt Purchased on or after January 1,2014)",106321624,2025-02-18 00:00:00.000,Declaration of Costs - CCP 1033,2,418959147023922951977750332716814542,Costs,CST010,declaration_24chlc34330_106321624,
Collections,24CHLC34330,1043891827865654528,"Collections Case - Purchased Debt (Charged Off Consumer Debt Purchased on or after January 1,2014)",106321625,2025-02-18 00:00:00.000,Request for Dismissal,2,1031275683278928952194329745086691884,Request,REQ070,,
Collections,24CHLC34330,1043891827865654528,"Collections Case - Purchased Debt (Charged Off Consumer Debt Purchased on or after January 1,2014)",106321627,2025-02-18 00:00:00.000,Declaration (name extension),2,633407060271089687520445349227904312,Declaration,DEC010,declaration_24chlc34330_106321627,https://drive.google.com/file/d/12eIqRSq-idZDBrvcoQOQ6WzeK5Zss4Gq/view?usp=drivesdk
Collections,24CHLC34330,1043891827865654528,"Collections Case - Purchased Debt (Charged Off Consumer Debt Purchased on or after January 1,2014)",106321626,2025-03-06 00:00:00.000,Judgment,2,281670398261567610080334129898920472,Judgment,JUD015,,
Collections,24CHLC35257,968694140050445952,"Collections Case - Purchased Debt (Charged Off Consumer Debt Purchased on or after January 1,2014)",103105786,2024-09-16 00:00:00.000,Complaint,2,963957860128984944621409569956098565,Complaint,COM040,complaint_24chlc35257_103105786,https://drive.google.com/file/d/1fm_WZiMOtWWy2OW2Kxz4Pat0MRq31Z0D/view?usp=drivesdk
Collections,24CHLC35257,968694140050445952,"Collections Case - Purchased Debt (Charged Off Consumer Debt Purchased on or after January 1,2014)",103105787,2024-09-16 00:00:00.000,Declaration (name extension),2,555021328506252997219381689195272847,Declaration,DEC010,declaration_24chlc35257_103105787,https://drive.google.com/file/d/1LVB6EarPlvInyYZ1jj0XXrSOrkyhQMTK/view?usp=drivesdk
Collections,24CHLC35257,968694140050445952,"Collections Case - Purchased Debt (Charged Off Consumer Debt Purchased on or after January 1,2014)",103105788,2024-09-16 00:00:00.000,Civil Case Cover Sheet,2,1183428382963486705066710957967113666,Miscellaneous,MISC020,,
Collections,24CHLC35257,968694140050445952,"Collections Case - Purchased Debt (Charged Off Consumer Debt Purchased on or after January 1,2014)",103105789,2024-09-16 00:00:00.000,Summons,2,116570852994914626740344587756465723,Issuance,ISS030,,
Collections,24CHLC35257,968694140050445952,"Collections Case - Purchased Debt (Charged Off Consumer Debt Purchased on or after January 1,2014)",103105790,2024-09-16 00:00:00.000,"Order to Show Cause Hearing/Case Management Review (Cal. Rules of Court, rule 3.740)",2,1286159394053849819598253651982984591,Order to Show Cause,OSC030,,
Collections,24CHLC35257,968694140050445952,"Collections Case - Purchased Debt (Charged Off Consumer Debt Purchased on or after January 1,2014)",103105791,2024-09-16 00:00:00.000,Notice of Case Assignment - Limited Civil Case,2,353339300366075213226295772557336455,Notice,NTC040L,,
Collections,24CHLC35257,968694140050445952,"Collections Case - Purchased Debt (Charged Off Consumer Debt Purchased on or after January 1,2014)",103368117,2024-10-01 00:00:00.000,Proof of Personal Service,2,1171881107945755862950408846499421461,Proof of Service,POS110,,
Collections,24CHLC35257,968694140050445952,"Collections Case - Purchased Debt (Charged Off Consumer Debt Purchased on or after January 1,2014)",105273850,2024-12-24 00:00:00.000,Request for Entry of Default / Judgment,2,1324130420903531773540301308378933915,Request,REQ080,request_for_default_judgment_24chlc35257_105273850,https://drive.google.com/file/d/1yCqYOe1BgC4PpERMpQd2IpM5bHFfAU_7/view?usp=drivesdk
Collections,24CHLC35257,968694140050445952,"Collections Case - Purchased Debt (Charged Off Consumer Debt Purchased on or after January 1,2014)",105273851,2024-12-24 00:00:00.000,Declaration (name extension),2,970861751207789738127643791666076612,Declaration,DEC010,declaration_24chlc35257_105273851,https://drive.google.com/file/d/10NOGeG4hubi6N0XqE2QXHf2LSCaOcVD9/view?usp=drivesdk
Collections,24CHLC35257,968694140050445952,"Collections Case - Purchased Debt (Charged Off Consumer Debt Purchased on or after January 1,2014)",105273852,2024-12-24 00:00:00.000,Declaration re: Attorney's Fees,2,78659758087658821395209735548084602,Declaration,DEC080,declaration_24chlc35257_105273852,
Collections,24CHLC35257,968694140050445952,"Collections Case - Purchased Debt (Charged Off Consumer Debt Purchased on or after January 1,2014)",105273853,2024-12-24 00:00:00.000,Request for Dismissal,2,896948008549922375266033112568405991,Request,REQ070,,
Collections,24CHLC35257,968694140050445952,"Collections Case - Purchased Debt (Charged Off Consumer Debt Purchased on or after January 1,2014)",105273855,2024-12-24 00:00:00.000,Declaration (name extension),2,751503982183277874962495503154813975,Declaration,DEC010,declaration_24chlc35257_105273855,https://drive.google.com/file/d/1m4NKR10C3ituAPGj4v-CeAnBTcX7iRzu/view?usp=drivesdk
Collections,24CHLC35257,968694140050445952,"Collections Case - Purchased Debt (Charged Off Consumer Debt Purchased on or after January 1,2014)",105273856,2024-12-24 00:00:00.000,Declaration (name extension),2,296164743625832697807277506681397975,Declaration,DEC010,declaration_24chlc35257_105273856,https://drive.google.com/file/d/1kr9LvPpQ501ANtCHP0rsspfJ586eD4Vt/view?usp=drivesdk
Collections,24CHLC35257,968694140050445952,"Collections Case - Purchased Debt (Charged Off Consumer Debt Purchased on or after January 1,2014)",105273854,2025-01-03 00:00:00.000,Judgment,2,1130398144196916895578647162402620032,Judgment,JUD015,,
Collections,24CHLC36143,306521398527946880,"Collections Case - Purchased Debt (Charged Off Consumer Debt Purchased on or after January 1,2014)",103204122,2024-09-23 00:00:00.000,Complaint,2,743185214330647308229856865603028348,Complaint,COM040,complaint_24chlc36143_103204122,https://drive.google.com/file/d/1iVyu4NIyYf0qluZPU1zmPfr4a5YlnxRx/view?usp=drivesdk
Collections,24CHLC36143,306521398527946880,"Collections Case - Purchased Debt (Charged Off Consumer Debt Purchased on or after January 1,2014)",103204123,2024-09-23 00:00:00.000,Declaration in Support of Bus. & Prof. Code 6322.1(c)(1),2,1255949687486621054220690845411609018,Declaration,DEC075,declaration_24chlc36143_103204123,
Collections,24CHLC36143,306521398527946880,"Collections Case - Purchased Debt (Charged Off Consumer Debt Purchased on or after January 1,2014)",103204124,2024-09-23 00:00:00.000,Summons,2,1017299972054814837075021219843288986,Issuance,ISS030,,
Collections,24CHLC36143,306521398527946880,"Collections Case - Purchased Debt (Charged Off Consumer Debt Purchased on or after January 1,2014)",103204125,2024-09-23 00:00:00.000,Civil Case Cover Sheet,2,594389481664852061088662479925108972,Miscellaneous,MISC020,,
Collections,24CHLC36143,306521398527946880,"Collections Case - Purchased Debt (Charged Off Consumer Debt Purchased on or after January 1,2014)",103204126,2024-09-23 00:00:00.000,"Order to Show Cause Hearing/Case Management Review (Cal. Rules of Court, rule 3.740)",2,203333710574263144208366258940528903,Order to Show Cause,OSC030,,
Collections,24CHLC36143,306521398527946880,"Collections Case - Purchased Debt (Charged Off Consumer Debt Purchased on or after January 1,2014)",103204127,2024-09-23 00:00:00.000,Notice of Case Assignment - Limited Civil Case,2,989054820586332946724355397442549774,Notice,NTC040L,,
Collections,24CHLC36143,306521398527946880,"Collections Case - Purchased Debt (Charged Off Consumer Debt Purchased on or after January 1,2014)",103297360,2024-09-26 00:00:00.000,Proof of Personal Service,2,119385941010598199838210791816997240,Proof of Service,POS110,,
Collections,24CHLC36143,306521398527946880,"Collections Case - Purchased Debt (Charged Off Consumer Debt Purchased on or after January 1,2014)",104868396,2024-12-05 00:00:00.000,Request for Entry of Default / Judgment,2,1127981622796372034749067559530029928,Request,REQ080,request_for_default_judgment_24chlc36143_104868396,https://drive.google.com/file/d/1ArJ3H_qmLiNmaQrs4v-10wqHRVLgFC3j/view?usp=drivesdk
Collections,24CHLC36143,306521398527946880,"Collections Case - Purchased Debt (Charged Off Consumer Debt Purchased on or after January 1,2014)",104868397,2024-12-05 00:00:00.000,Declaration Pursuant to 585 CCP in Support of Default Judgment,2,1249049733335887620784875284247492439,Declaration,DEC071,declaration_24chlc36143_104868397,https://drive.google.com/file/d/13skZuJnJ80hUTjzBGlxRv8KIy1-iBOYn/view?usp=drivesdk
Collections,24CHLC36143,306521398527946880,"Collections Case - Purchased Debt (Charged Off Consumer Debt Purchased on or after January 1,2014)",104868398,2024-12-05 00:00:00.000,Declaration of Costs - CCP 1033,2,757119177640757567460185808463280232,Costs,CST010,declaration_24chlc36143_104868398,
Collections,24CHLC36143,306521398527946880,"Collections Case - Purchased Debt (Charged Off Consumer Debt Purchased on or after January 1,2014)",104868399,2024-12-05 00:00:00.000,Declaration Pursuant to 585 CCP in Support of Default Judgment,2,332992468655126583449192204203986406,Declaration,DEC071,declaration_24chlc36143_104868399,https://drive.google.com/file/d/1BsQ85WUQk6TKYeWMSo4R3zTvvC-rowKk/view?usp=drivesdk
Collections,24CHLC36143,306521398527946880,"Collections Case - Purchased Debt (Charged Off Consumer Debt Purchased on or after January 1,2014)",104868401,2024-12-05 00:00:00.000,Request for Dismissal,2,488370406701132042758177346510256426,Request,REQ070,,
Collections,24CHLC36143,306521398527946880,"Collections Case - Purchased Debt (Charged Off Consumer Debt Purchased on or after January 1,2014)",104868400,2024-12-10 00:00:00.000,Judgment,2,1261346135340351934467337144428594875,Judgment,JUD015,,
Collections,24CHLC36143,306521398527946880,"Collections Case - Purchased Debt (Charged Off Consumer Debt Purchased on or after January 1,2014)",106551900,2025-02-27 00:00:00.000,Writ of Execution,2,439662023534202378867760753412537894,Writ,WRIT030,,
Collections,24CHLC36143,306521398527946880,"Collections Case - Purchased Debt (Charged Off Consumer Debt Purchased on or after January 1,2014)",106551901,2025-02-27 00:00:00.000,"Memorandum of Costs After Judgment, Acknowledgment of Credit, and Declaration of Accrued Interest",2,583207115143556107018679957670189115,Costs,CST040,declaration_24chlc36143_106551901,
Collections,24CHLC36143,306521398527946880,"Collections Case - Purchased Debt (Charged Off Consumer Debt Purchased on or after January 1,2014)",109063522,2025-06-16 00:00:00.000,Declaration (name extension),2,1249791977229167798590994834135007379,Declaration,DEC010,declaration_24chlc36143_109063522,https://drive.google.com/file/d/1aMAI9otrLUHktDUrJFGD0RuzyGfrZQue/view?usp=drivesdk
Collections,24CHLC36933,909156451090757504,"Collections Case - Purchased Debt (Charged Off Consumer Debt Purchased on or after January 1,2014)",103283935,2024-09-25 00:00:00.000,Complaint,2,12308102845289455978189506093003224,Complaint,COM040,complaint_24chlc36933_103283935,https://drive.google.com/file/d/137VJacwDOFZK5fkb5NIb0puryJfN4M9A/view?usp=drivesdk
Collections,24CHLC36933,909156451090757504,"Collections Case - Purchased Debt (Charged Off Consumer Debt Purchased on or after January 1,2014)",103283936,2024-09-25 00:00:00.000,Civil Case Cover Sheet,2,788390289190406521568363479742025510,Miscellaneous,MISC020,,
Collections,24CHLC36933,909156451090757504,"Collections Case - Purchased Debt (Charged Off Consumer Debt Purchased on or after January 1,2014)",103283937,2024-09-25 00:00:00.000,Summons,2,728096704519069244274963748314177984,Issuance,ISS030,,
Collections,24CHLC36933,909156451090757504,"Collections Case - Purchased Debt (Charged Off Consumer Debt Purchased on or after January 1,2014)",103283938,2024-09-25 00:00:00.000,Declaration in Support of Bus. & Prof. Code 6322.1(c)(1),2,414861116356530869100180835191986802,Declaration,DEC075,declaration_24chlc36933_103283938,
Collections,24CHLC36933,909156451090757504,"Collections Case - Purchased Debt (Charged Off Consumer Debt Purchased on or after January 1,2014)",103283939,2024-09-25 00:00:00.000,"Order to Show Cause Hearing/Case Management Review (Cal. Rules of Court, rule 3.740)",2,61678858183814080963553185470211847,Order to Show Cause,OSC030,,
Collections,24CHLC36933,909156451090757504,"Collections Case - Purchased Debt (Charged Off Consumer Debt Purchased on or after January 1,2014)",103283940,2024-09-25 00:00:00.000,Notice of Case Assignment - Limited Civil Case,2,575395369941484982923088219211078761,Notice,NTC040L,,
Collections,24CHLC36933,909156451090757504,"Collections Case - Purchased Debt (Charged Off Consumer Debt Purchased on or after January 1,2014)",103903481,2024-10-23 00:00:00.000,Proof of Personal Service,2,607638224048972615618583385954918527,Proof of Service,POS110,,
Collections,24CHLC36933,909156451090757504,"Collections Case - Purchased Debt (Charged Off Consumer Debt Purchased on or after January 1,2014)",105271313,2024-12-23 00:00:00.000,Request for Entry of Default / Judgment,2,379749914085571935368407870550705471,Request,REQ080,request_for_default_judgment_24chlc36933_105271313,https://drive.google.com/file/d/1nKs2O3YCuGssB_MFkbsM4qtjFXcY6jdC/view?usp=drivesdk
Collections,24CHLC36933,909156451090757504,"Collections Case - Purchased Debt (Charged Off Consumer Debt Purchased on or after January 1,2014)",105271315,2024-12-23 00:00:00.000,Declaration Pursuant to 585 CCP in Support of Default Judgment,2,43963084834165149918321806235005853,Declaration,DEC071,declaration_24chlc36933_105271315,https://drive.google.com/file/d/1bItov8zw4vGL4UeZHMQh_FTWhkbGyUSE/view?usp=drivesdk
Collections,24CHLC36933,909156451090757504,"Collections Case - Purchased Debt (Charged Off Consumer Debt Purchased on or after January 1,2014)",105271316,2024-12-23 00:00:00.000,Declaration of Costs - CCP 1033,2,183225408654010538384512005082357511,Costs,CST010,declaration_24chlc36933_105271316,
Collections,24CHLC36933,909156451090757504,"Collections Case - Purchased Debt (Charged Off Consumer Debt Purchased on or after January 1,2014)",105271317,2024-12-23 00:00:00.000,Request for Dismissal,2,174463878060452417330457995098212079,Request,REQ070,,
Collections,24CHLC36933,909156451090757504,"Collections Case - Purchased Debt (Charged Off Consumer Debt Purchased on or after January 1,2014)",105271318,2024-12-23 00:00:00.000,Declaration Pursuant to 585 CCP in Support of Default Judgment,2,1151230012570840605794718000841635312,Declaration,DEC071,declaration_24chlc36933_105271318,https://drive.google.com/file/d/183ml7MZ7F88rjoJQJN8rrRFQ4UUsr8av/view?usp=drivesdk
Collections,24CHLC36933,909156451090757504,"Collections Case - Purchased Debt (Charged Off Consumer Debt Purchased on or after January 1,2014)",105271314,2025-01-03 00:00:00.000,Judgment,2,36099928119095827852199028743408204,Judgment,JUD015,,
Collections,24CHLC37125,563810635274278528,"Collections Case - Purchased Debt (Charged Off Consumer Debt Purchased on or after January 1,2014)",103316836,2024-09-26 00:00:00.000,Complaint,2,148350699528759186535125500837602028,Complaint,COM040,complaint_24chlc37125_103316836,https://drive.google.com/file/d/1Fb5_mUCyKf04YKYBj1wMSGatS8vSLFN8/view?usp=drivesdk
Collections,24CHLC37125,563810635274278528,"Collections Case - Purchased Debt (Charged Off Consumer Debt Purchased on or after January 1,2014)",103316837,2024-09-26 00:00:00.000,Civil Case Cover Sheet,2,15111816592716810522114673695098583,Miscellaneous,MISC020,,
Collections,24CHLC37125,563810635274278528,"Collections Case - Purchased Debt (Charged Off Consumer Debt Purchased on or after January 1,2014)",103316838,2024-09-26 00:00:00.000,Summons,2,778875824162593066592433127871716779,Issuance,ISS030,,
Collections,24CHLC37125,563810635274278528,"Collections Case - Purchased Debt (Charged Off Consumer Debt Purchased on or after January 1,2014)",103316839,2024-09-26 00:00:00.000,"Order to Show Cause Hearing/Case Management Review (Cal. Rules of Court, rule 3.740)",2,219496128926800502456496342786117795,Order to Show Cause,OSC030,,
Collections,24CHLC37125,563810635274278528,"Collections Case - Purchased Debt (Charged Off Consumer Debt Purchased on or after January 1,2014)",103316840,2024-09-26 00:00:00.000,Notice of Case Assignment - Limited Civil Case,2,934258221665432132461144384401803209,Notice,NTC040L,,
Collections,24CHLC37125,563810635274278528,"Collections Case - Purchased Debt (Charged Off Consumer Debt Purchased on or after January 1,2014)",104660720,2024-11-26 00:00:00.000,Proof of Service by Substituted Service,2,1010526946449133182539957114243239405,Proof of Service,POS160,,
Collections,24CHLC37125,563810635274278528,"Collections Case - Purchased Debt (Charged Off Consumer Debt Purchased on or after January 1,2014)",107630904,2025-04-14 00:00:00.000,Request for Entry of Default / Judgment,2,563390933464400029479931423889315358,Request,REQ080,request_for_default_judgment_24chlc37125_107630904,https://drive.google.com/file/d/1sz2OOXP0vuC74vw2IbIZXZGtN0JczuQi/view?usp=drivesdk
Collections,24CHLC37125,563810635274278528,"Collections Case - Purchased Debt (Charged Off Consumer Debt Purchased on or after January 1,2014)",107630907,2025-04-14 00:00:00.000,Declaration Pursuant to 585 CCP in Support of Default Judgment,2,754659808803696147935870662924686639,Declaration,DEC071,declaration_24chlc37125_107630907,https://drive.google.com/file/d/1ICb7_cYAvbZU4OSJxQZprTl3QlBWgbqx/view?usp=drivesdk
Collections,24CHLC37125,563810635274278528,"Collections Case - Purchased Debt (Charged Off Consumer Debt Purchased on or after January 1,2014)",107630908,2025-04-14 00:00:00.000,Request for Dismissal,2,631034558719923062424564510544467068,Request,REQ070,,
Collections,24CHLC37125,563810635274278528,"Collections Case - Purchased Debt (Charged Off Consumer Debt Purchased on or after January 1,2014)",107630909,2025-04-14 00:00:00.000,Declaration of Costs - CCP 1033,2,305535957618707074105296381116707845,Costs,CST010,declaration_24chlc37125_107630909,
Collections,24CHLC37125,563810635274278528,"Collections Case - Purchased Debt (Charged Off Consumer Debt Purchased on or after January 1,2014)",107630906,2025-04-24 00:00:00.000,Judgment,2,1204734471452559446335747217399999515,Judgment,JUD015,,
Collections,24CHLC38097,63537689345588136,"Collections Case - Purchased Debt (Charged Off Consumer Debt Purchased on or after January 1,2014)",103460173,2024-10-03 00:00:00.000,Complaint,2,41046282858535607868904022127164639,Complaint,COM040,complaint_24chlc38097_103460173,https://drive.google.com/file/d/1wCyzxdU1pJbR7em9NDza8oBNAlMBkKmt/view?usp=drivesdk
Collections,24CHLC38097,63537689345588136,"Collections Case - Purchased Debt (Charged Off Consumer Debt Purchased on or after January 1,2014)",103460174,2024-10-03 00:00:00.000,Civil Case Cover Sheet,2,1125654428640035534325507399451561470,Miscellaneous,MISC020,,
Collections,24CHLC38097,63537689345588136,"Collections Case - Purchased Debt (Charged Off Consumer Debt Purchased on or after January 1,2014)",103460175,2024-10-03 00:00:00.000,Summons,2,1150138464192689616723540340704149833,Issuance,ISS030,,
Collections,24CHLC38097,63537689345588136,"Collections Case - Purchased Debt (Charged Off Consumer Debt Purchased on or after January 1,2014)",103460176,2024-10-03 00:00:00.000,"Order to Show Cause Hearing/Case Management Review (Cal. Rules of Court, rule 3.740)",2,856776483991722180146444067632966663,Order to Show Cause,OSC030,,
Collections,24CHLC38097,63537689345588136,"Collections Case - Purchased Debt (Charged Off Consumer Debt Purchased on or after January 1,2014)",103460177,2024-10-03 00:00:00.000,Notice of Case Assignment - Limited Civil Case,2,92853588542616956203471586406138837,Notice,NTC040L,,
Collections,24CHLC38097,63537689345588136,"Collections Case - Purchased Debt (Charged Off Consumer Debt Purchased on or after January 1,2014)",104304481,2024-11-12 00:00:00.000,Proof of Personal Service,2,877766079507168021532247426310557652,Proof of Service,POS110,,
Collections,24CHLC38097,63537689345588136,"Collections Case - Purchased Debt (Charged Off Consumer Debt Purchased on or after January 1,2014)",105387785,2025-01-02 00:00:00.000,Request for Entry of Default / Judgment,2,298650350556650120074473937335599374,Request,REQ080,request_for_default_judgment_24chlc38097_105387785,https://drive.google.com/file/d/1BJKXIyZP8xCO0mOXIFaqrXT6V3AEdWWK/view?usp=drivesdk
Collections,24CHLC38097,63537689345588136,"Collections Case - Purchased Debt (Charged Off Consumer Debt Purchased on or after January 1,2014)",105387788,2025-01-02 00:00:00.000,Declaration (name extension),2,1069919005271368508008493462036470590,Declaration,DEC010,declaration_24chlc38097_105387788,https://drive.google.com/file/d/1Kw_J4KIrDRq-UMCXyInXFYYW5I88_cR3/view?usp=drivesdk
Collections,24CHLC38097,63537689345588136,"Collections Case - Purchased Debt (Charged Off Consumer Debt Purchased on or after January 1,2014)",105387789,2025-01-02 00:00:00.000,Declaration (name extension),2,1286208261226606633350344087283955995,Declaration,DEC010,declaration_24chlc38097_105387789,https://drive.google.com/file/d/1nwfbybuZJi6BDyV_Hb-0zXsOJioRVtmc/view?usp=drivesdk
Collections,24CHLC38097,63537689345588136,"Collections Case - Purchased Debt (Charged Off Consumer Debt Purchased on or after January 1,2014)",105387787,2025-01-16 00:00:00.000,Default Judgment,2,1311818391579163560044477295401133443,Judgment,JUD020,,
Collections,24CHLC38144,386720726091681344,"Collections Case - Purchased Debt (Charged Off Consumer Debt Purchased on or after January 1,2014)",103467904,2024-10-03 00:00:00.000,Complaint,2,103663676895537451469811431019645894,Complaint,COM040,complaint_24chlc38144_103467904,https://drive.google.com/file/d/1tpJmNMp8hF_eZQuyWY28P-0zcOrDBKJd/view?usp=drivesdk
Collections,24CHLC38144,386720726091681344,"Collections Case - Purchased Debt (Charged Off Consumer Debt Purchased on or after January 1,2014)",103467905,2024-10-03 00:00:00.000,Civil Case Cover Sheet,2,1292562600131976170849581030055278940,Miscellaneous,MISC020,,
Collections,24CHLC38144,386720726091681344,"Collections Case - Purchased Debt (Charged Off Consumer Debt Purchased on or after January 1,2014)",103467906,2024-10-03 00:00:00.000,Summons,2,120408766390879873290755445122277698,Issuance,ISS030,,
Collections,24CHLC38144,386720726091681344,"Collections Case - Purchased Debt (Charged Off Consumer Debt Purchased on or after January 1,2014)",103467908,2024-10-03 00:00:00.000,"Order to Show Cause Hearing/Case Management Review (Cal. Rules of Court, rule 3.740)",2,1325583129970257585082620705573525244,Order to Show Cause,OSC030,,
Collections,24CHLC38144,386720726091681344,"Collections Case - Purchased Debt (Charged Off Consumer Debt Purchased on or after January 1,2014)",103467909,2024-10-03 00:00:00.000,Notice of Case Assignment - Limited Civil Case,2,540888408481251286550764787615355379,Notice,NTC040L,,
Collections,24CHLC38144,386720726091681344,"Collections Case - Purchased Debt (Charged Off Consumer Debt Purchased on or after January 1,2014)",103661079,2024-10-14 00:00:00.000,Proof of Personal Service,2,402103660442599074687584435766377204,Proof of Service,POS110,,
Collections,24CHLC38144,386720726091681344,"Collections Case - Purchased Debt (Charged Off Consumer Debt Purchased on or after January 1,2014)",107396054,2025-04-02 00:00:00.000,Request for Entry of Default / Judgment,2,623096176442658673384048797219075647,Request,REQ080,request_for_default_judgment_24chlc38144_107396054,https://drive.google.com/file/d/14PJHCI239c0oefb4bZ1BrbHRfq7h20cn/view?usp=drivesdk
Collections,24CHLC38144,386720726091681344,"Collections Case - Purchased Debt (Charged Off Consumer Debt Purchased on or after January 1,2014)",107396056,2025-04-02 00:00:00.000,Declaration of Costs - CCP 1033,2,366810854553669001170208243798225080,Costs,CST010,declaration_24chlc38144_107396056,
Collections,24CHLC38144,386720726091681344,"Collections Case - Purchased Debt (Charged Off Consumer Debt Purchased on or after January 1,2014)",107396057,2025-04-02 00:00:00.000,Declaration Pursuant to 585 CCP in Support of Default Judgment,2,397563692972026323037023905988702123,Declaration,DEC071,declaration_24chlc38144_107396057,https://drive.google.com/file/d/1fiBksKvlHxxKNuieSGrOfRXuI1Z_WLXy/view?usp=drivesdk
Collections,24CHLC38144,386720726091681344,"Collections Case - Purchased Debt (Charged Off Consumer Debt Purchased on or after January 1,2014)",107396055,2025-04-23 00:00:00.000,Default Judgment,2,674443175019019748131643647209387326,Judgment,JUD020,,
Collections,24CHLC38766,775986832390707456,"Collections Case - Purchased Debt (Charged Off Consumer Debt Purchased on or after January 1,2014)",103579673,2024-10-09 00:00:00.000,Complaint,2,1210843091024906670957434871449761190,Complaint,COM040,complaint_24chlc38766_103579673,https://drive.google.com/file/d/1avdzUhGtV_w7QHp3p1itsMU91YLfhBL1/view?usp=drivesdk
Collections,24CHLC38766,775986832390707456,"Collections Case - Purchased Debt (Charged Off Consumer Debt Purchased on or after January 1,2014)",103579674,2024-10-09 00:00:00.000,Declaration in Support of Bus. & Prof. Code 6322.1(c)(1),2,316726129912652542546136834668526853,Declaration,DEC075,declaration_24chlc38766_103579674,
Collections,24CHLC38766,775986832390707456,"Collections Case - Purchased Debt (Charged Off Consumer Debt Purchased on or after January 1,2014)",103579675,2024-10-09 00:00:00.000,Civil Case Cover Sheet,2,966758867997283481776401600122740071,Miscellaneous,MISC020,,
Collections,24CHLC38766,775986832390707456,"Collections Case - Purchased Debt (Charged Off Consumer Debt Purchased on or after January 1,2014)",103579676,2024-10-09 00:00:00.000,Summons,2,354109939652068678962485226654447051,Issuance,ISS030,,
Collections,24CHLC38766,775986832390707456,"Collections Case - Purchased Debt (Charged Off Consumer Debt Purchased on or after January 1,2014)",103579677,2024-10-09 00:00:00.000,"Order to Show Cause Hearing/Case Management Review (Cal. Rules of Court, rule 3.740)",2,1116809599037023701454565818464036765,Order to Show Cause,OSC030,,
Collections,24CHLC38766,775986832390707456,"Collections Case - Purchased Debt (Charged Off Consumer Debt Purchased on or after January 1,2014)",103579678,2024-10-09 00:00:00.000,Notice of Case Assignment - Limited Civil Case,2,398394850824337615570280854832660951,Notice,NTC040L,,
Collections,24CHLC38766,775986832390707456,"Collections Case - Purchased Debt (Charged Off Consumer Debt Purchased on or after January 1,2014)",103721902,2024-10-16 00:00:00.000,Proof of Personal Service,2,321953994119659875123642318512997235,Proof of Service,POS110,,
Collections,24CHLC38766,775986832390707456,"Collections Case - Purchased Debt (Charged Off Consumer Debt Purchased on or after January 1,2014)",106107135,2025-02-06 00:00:00.000,Declaration Pursuant to 585 CCP in Support of Default Judgment,2,1114679213674989991956203416021883481,Declaration,DEC071,declaration_24chlc38766_106107135,https://drive.google.com/file/d/1ocCNTu0aXRzp-E9af-6eNGQ7Uu7ZaDv1/view?usp=drivesdk
Collections,24CHLC38766,775986832390707456,"Collections Case - Purchased Debt (Charged Off Consumer Debt Purchased on or after January 1,2014)",106107136,2025-02-06 00:00:00.000,"Declaration of Interest, Costs and Attorney Fees",2,102489586020543244919780758873750839,Costs,CST020,declaration_24chlc38766_106107136,
Collections,24CHLC38766,775986832390707456,"Collections Case - Purchased Debt (Charged Off Consumer Debt Purchased on or after January 1,2014)",106107137,2025-02-06 00:00:00.000,Request for Entry of Default / Judgment,2,1141879464791202631452255569708202947,Request,REQ080,request_for_default_judgment_24chlc38766_106107137,https://drive.google.com/file/d/1dL2TLaQlgvcpWI8PMovloLe2BDL9x5QP/view?usp=drivesdk
Collections,24CHLC38766,775986832390707456,"Collections Case - Purchased Debt (Charged Off Consumer Debt Purchased on or after January 1,2014)",106107134,2025-02-13 00:00:00.000,Default Judgment,2,275901762529909730155478596626312060,Judgment,JUD020,,
Collections,24CHLC38766,775986832390707456,"Collections Case - Purchased Debt (Charged Off Consumer Debt Purchased on or after January 1,2014)",110275237,2025-08-06 00:00:00.000,Abstract of Judgment - Civil and Small Claims,2,840274187288619478931628311737666363,Post Judgment,PJ010,,
Collections,24CHLC47662,400995073444955264,"Collections Case - Purchased Debt (Charged Off Consumer Debt Purchased on or after January 1,2014)",104856368,2024-12-06 00:00:00.000,Complaint,2,1312338814613161868376117403887185952,Complaint,COM040,complaint_24chlc47662_104856368,https://drive.google.com/file/d/1ERnbkV2iePlav7MxYHWmRB85CkEtgtFW/view?usp=drivesdk
Collections,24CHLC47662,400995073444955264,"Collections Case - Purchased Debt (Charged Off Consumer Debt Purchased on or after January 1,2014)",104856369,2024-12-06 00:00:00.000,Summons,2,160059742219134866585814073659330633,Issuance,ISS030,,
Collections,24CHLC47662,400995073444955264,"Collections Case - Purchased Debt (Charged Off Consumer Debt Purchased on or after January 1,2014)",104856370,2024-12-06 00:00:00.000,Declaration (name extension),2,355302655785785699402185463456793925,Declaration,DEC010,declaration_24chlc47662_104856370,https://drive.google.com/file/d/1BO4zOn6GU5Vd4F05jFl-KLj3U0PR1VXt/view?usp=drivesdk
Collections,24CHLC47662,400995073444955264,"Collections Case - Purchased Debt (Charged Off Consumer Debt Purchased on or after January 1,2014)",104856371,2024-12-06 00:00:00.000,Civil Case Cover Sheet,2,1096451422688557336220791055248574600,Miscellaneous,MISC020,,
Collections,24CHLC47662,400995073444955264,"Collections Case - Purchased Debt (Charged Off Consumer Debt Purchased on or after January 1,2014)",104856372,2024-12-06 00:00:00.000,"Order to Show Cause Hearing/Case Management Review (Cal. Rules of Court, rule 3.740)",2,828524467461590612103421601470326904,Order to Show Cause,OSC030,,
Collections,24CHLC47662,400995073444955264,"Collections Case - Purchased Debt (Charged Off Consumer Debt Purchased on or after January 1,2014)",104856373,2024-12-06 00:00:00.000,Notice of Case Assignment - Limited Civil Case,2,762440084234984841772921001621199922,Notice,NTC040L,,
Collections,24CHLC47662,400995073444955264,"Collections Case - Purchased Debt (Charged Off Consumer Debt Purchased on or after January 1,2014)",105224991,2024-12-24 00:00:00.000,Proof of Service by Substituted Service,2,433300587987165370778901917933732146,Proof of Service,POS160,,
Collections,24CHLC47662,400995073444955264,"Collections Case - Purchased Debt (Charged Off Consumer Debt Purchased on or after January 1,2014)",108280712,2025-05-05 00:00:00.000,Request for Entry of Default / Judgment,2,104872709970937958936377278586880338,Request,REQ080,request_for_default_judgment_24chlc47662_108280712,https://drive.google.com/file/d/11vchaoBD0HuIJNgT0kpU1xIrYK7Ecw0s/view?usp=drivesdk
Collections,24CHLC47662,400995073444955264,"Collections Case - Purchased Debt (Charged Off Consumer Debt Purchased on or after January 1,2014)",108280713,2025-05-05 00:00:00.000,Declaration (name extension),2,929529584856755900617302477356481303,Declaration,DEC010,declaration_24chlc47662_108280713,https://drive.google.com/file/d/1H4eHUAkMM5Zv2YZQVUk89SJ7A-4CJxsD/view?usp=drivesdk
Collections,24CHLC47662,400995073444955264,"Collections Case - Purchased Debt (Charged Off Consumer Debt Purchased on or after January 1,2014)",108280714,2025-05-05 00:00:00.000,Declaration (name extension),2,763577609629142798079271403176125606,Declaration,DEC010,declaration_24chlc47662_108280714,https://drive.google.com/file/d/1PHS3Gu-t5e8yWljkIroCqoo1rWwqtzt_/view?usp=drivesdk
Collections,24CHLC47662,400995073444955264,"Collections Case - Purchased Debt (Charged Off Consumer Debt Purchased on or after January 1,2014)",108280716,2025-05-16 00:00:00.000,Default Judgment,2,497553489843501054291455879277974757,Judgment,JUD020,,
Collections,24CHLC48278,6366991765651020,"Collections Case - Purchased Debt (Charged Off Consumer Debt Purchased on or after January 1,2014)",104961969,2024-12-10 00:00:00.000,Complaint,2,1255299016166464281255046861555280229,Complaint,COM040,complaint_24chlc48278_104961969,https://drive.google.com/file/d/1g7vmzwtg9aRCYpA7ByrOzfEipSMuBGw1/view?usp=drivesdk
Collections,24CHLC48278,6366991765651020,"Collections Case - Purchased Debt (Charged Off Consumer Debt Purchased on or after January 1,2014)",104961970,2024-12-10 00:00:00.000,Summons,2,485812689146200870745132780949665695,Issuance,ISS030,,
Collections,24CHLC48278,6366991765651020,"Collections Case - Purchased Debt (Charged Off Consumer Debt Purchased on or after January 1,2014)",104961971,2024-12-10 00:00:00.000,Civil Case Cover Sheet,2,616101562859617108067842743619393591,Miscellaneous,MISC020,,
Collections,24CHLC48278,6366991765651020,"Collections Case - Purchased Debt (Charged Off Consumer Debt Purchased on or after January 1,2014)",104961972,2024-12-10 00:00:00.000,"Order to Show Cause Hearing/Case Management Review (Cal. Rules of Court, rule 3.740)",2,318469682568079509466086001050643096,Order to Show Cause,OSC030,,
Collections,24CHLC48278,6366991765651020,"Collections Case - Purchased Debt (Charged Off Consumer Debt Purchased on or after January 1,2014)",104961973,2024-12-10 00:00:00.000,Notice of Case Assignment - Limited Civil Case,2,1244081401838283698477395565499271247,Notice,NTC040L,,
Collections,24CHLC48278,6366991765651020,"Collections Case - Purchased Debt (Charged Off Consumer Debt Purchased on or after January 1,2014)",105451181,2025-01-08 00:00:00.000,Proof of Personal Service,2,924275624447800394741197356921251276,Proof of Service,POS110,,
Collections,24CHLC48278,6366991765651020,"Collections Case - Purchased Debt (Charged Off Consumer Debt Purchased on or after January 1,2014)",110546053,2025-08-11 00:00:00.000,Request for Entry of Default / Judgment,2,1265251710037611774301052895875710207,Request,REQ080,request_for_default_judgment_24chlc48278_110546053,https://drive.google.com/file/d/1BjuUmOge-GdrGERTvryV0dR3VzML-0TS/view?usp=drivesdk
Collections,24CHLC48278,6366991765651020,"Collections Case - Purchased Debt (Charged Off Consumer Debt Purchased on or after January 1,2014)",110546055,2025-08-11 00:00:00.000,Request for Dismissal,2,345023065245723103676722068575217131,Request,REQ070,,
Collections,24CHLC48278,6366991765651020,"Collections Case - Purchased Debt (Charged Off Consumer Debt Purchased on or after January 1,2014)",110546057,2025-08-11 00:00:00.000,Declaration of Costs - CCP 1033,2,1116808954018821352305845511361511808,Costs,CST010,declaration_24chlc48278_110546057,
Collections,24CHLC48278,6366991765651020,"Collections Case - Purchased Debt (Charged Off Consumer Debt Purchased on or after January 1,2014)",110546059,2025-08-11 00:00:00.000,Declaration Pursuant to 585 CCP in Support of Default Judgment,2,5591598635542918793576369732527660,Declaration,DEC071,declaration_24chlc48278_110546059,https://drive.google.com/file/d/1-nrQGd-R0ChXJhQ1mfsG9p8eo-P09lz4/view?usp=drivesdk
Collections,24CHLC48278,6366991765651020,"Collections Case - Purchased Debt (Charged Off Consumer Debt Purchased on or after January 1,2014)",110635012,2025-08-21 00:00:00.000,Notice of Case Relocation and Order for Plaintiff to Give Notice,2,385156082630930852725770941817617598,Notice,NTC090,,
Collections,24CHLC48278,6366991765651020,"Collections Case - Purchased Debt (Charged Off Consumer Debt Purchased on or after January 1,2014)",110635025,2025-08-21 00:00:00.000,Clerks Certificate of Service By Electronic Service,2,734691836821422044432334902069840644,Certificate,CERT055,,
Collections,24CHLC48278,6366991765651020,"Collections Case - Purchased Debt (Charged Off Consumer Debt Purchased on or after January 1,2014)",110546056,2025-08-26 00:00:00.000,Judgment,2,1043810692560780491311473785251332558,Judgment,JUD015,,
Collections,24NWLC00136,127060672885633296,"Collections Case - Purchased Debt (Charged Off Consumer Debt Purchased on or after January 1,2014)",97791653,2024-01-03 00:00:00.000,Complaint,2,444904556125249007171634590275612511,Complaint,COM040,complaint_24nwlc00136_97791653,https://drive.google.com/file/d/1q98A3eDNtZaKByp5vC7o9x7uJpjWoN4z/view?usp=drivesdk
Collections,24NWLC00136,127060672885633296,"Collections Case - Purchased Debt (Charged Off Consumer Debt Purchased on or after January 1,2014)",97791654,2024-01-03 00:00:00.000,Civil Case Cover Sheet,2,428097724611736956185565584649279472,Miscellaneous,MISC020,,
Collections,24NWLC00136,127060672885633296,"Collections Case - Purchased Debt (Charged Off Consumer Debt Purchased on or after January 1,2014)",97791655,2024-01-03 00:00:00.000,Summons,2,901464808999428720621607352753524847,Issuance,ISS030,,
Collections,24NWLC00136,127060672885633296,"Collections Case - Purchased Debt (Charged Off Consumer Debt Purchased on or after January 1,2014)",97791656,2024-01-03 00:00:00.000,Declaration (name extension),2,791662103692444844139641502415452502,Declaration,DEC010,declaration_24nwlc00136_97791656,https://drive.google.com/file/d/1KGoRuqwwDDugMAhGrE9826Gw-FNjhSsC/view?usp=drivesdk
Collections,24NWLC00136,127060672885633296,"Collections Case - Purchased Debt (Charged Off Consumer Debt Purchased on or after January 1,2014)",97791658,2024-01-03 00:00:00.000,"Order to Show Cause Hearing/Case Management Review (Cal. Rules of Court, rule 3.740)",2,675358416669870074053363344116819217,Order to Show Cause,OSC030,,
Collections,24NWLC00136,127060672885633296,"Collections Case - Purchased Debt (Charged Off Consumer Debt Purchased on or after January 1,2014)",97791659,2024-01-03 00:00:00.000,Notice of Case Assignment - Limited Civil Case,2,246863554096591957362302849455098299,Notice,NTC040L,,
Collections,24NWLC00136,127060672885633296,"Collections Case - Purchased Debt (Charged Off Consumer Debt Purchased on or after January 1,2014)",98222227,2024-01-25 00:00:00.000,Declaration (name extension),2,173370957406144156854930802044911668,Declaration,DEC010,declaration_24nwlc00136_98222227,https://drive.google.com/file/d/1wcFlTT0EXVvfC5BShZVZycXnbxjgYF1B/view?usp=drivesdk
Collections,24NWLC00136,127060672885633296,"Collections Case - Purchased Debt (Charged Off Consumer Debt Purchased on or after January 1,2014)",98435286,2024-02-05 00:00:00.000,Proof of Personal Service,2,1115167910761365374327163965972721659,Proof of Service,POS110,,
Collections,24NWLC00136,127060672885633296,"Collections Case - Purchased Debt (Charged Off Consumer Debt Purchased on or after January 1,2014)",102748525,2024-08-22 00:00:00.000,Proof of Personal Service,2,432104102099167425681347666670323313,Proof of Service,POS110,,
Collections,24NWLC00136,127060672885633296,"Collections Case - Purchased Debt (Charged Off Consumer Debt Purchased on or after January 1,2014)",103378026,2024-09-17 00:00:00.000,Request for Entry of Default / Judgment,2,1066679433066987426708914050995540321,Request,REQ080,request_for_default_judgment_24nwlc00136_103378026,https://drive.google.com/file/d/15SEPhg-xAQaFzKQ_A2qEaU3EA7IRh3yW/view?usp=drivesdk
Collections,24NWLC00136,127060672885633296,"Collections Case - Purchased Debt (Charged Off Consumer Debt Purchased on or after January 1,2014)",103378027,2024-09-17 00:00:00.000,Declaration of Costs - CCP 1033,2,345791759775123641998810620544826703,Costs,CST010,declaration_24nwlc00136_103378027,
Collections,24NWLC00136,127060672885633296,"Collections Case - Purchased Debt (Charged Off Consumer Debt Purchased on or after January 1,2014)",103378028,2024-09-17 00:00:00.000,Request for Dismissal,2,1227074320740083684521189997477847116,Request,REQ070,,
Collections,24NWLC00136,127060672885633296,"Collections Case - Purchased Debt (Charged Off Consumer Debt Purchased on or after January 1,2014)",103378030,2024-09-17 00:00:00.000,Declaration (name extension),2,716123015063955651480214535341992377,Declaration,DEC010,declaration_24nwlc00136_103378030,https://drive.google.com/file/d/1wNfTZoVGhkh4cf8S9Ms2QNnPlvnv47wK/view?usp=drivesdk
Collections,24NWLC00136,127060672885633296,"Collections Case - Purchased Debt (Charged Off Consumer Debt Purchased on or after January 1,2014)",103378031,2024-09-17 00:00:00.000,Declaration (name extension),2,403929133689084866270384419078988848,Declaration,DEC010,declaration_24nwlc00136_103378031,https://drive.google.com/file/d/12TPjWEl5y_7QP-DqAecT-XZAYVBtN0PT/view?usp=drivesdk
Collections,24NWLC00136,127060672885633296,"Collections Case - Purchased Debt (Charged Off Consumer Debt Purchased on or after January 1,2014)",103378032,2024-09-17 00:00:00.000,Declaration (name extension),2,462671169665853673484406109666809202,Declaration,DEC010,declaration_24nwlc00136_103378032,https://drive.google.com/file/d/1WZTQ_Lret8knMINM2M0RPdO9_0wY9tCq/view?usp=drivesdk
Collections,24NWLC00136,127060672885633296,"Collections Case - Purchased Debt (Charged Off Consumer Debt Purchased on or after January 1,2014)",103378029,2024-10-03 00:00:00.000,Judgment,2,253096920973280172336104186433724127,Judgment,JUD015,,
Collections,24NWLC00136,127060672885633296,"Collections Case - Purchased Debt (Charged Off Consumer Debt Purchased on or after January 1,2014)",108647295,2025-05-19 00:00:00.000,"Memorandum of Costs After Judgment, Acknowledgment of Credit, and Declaration of Accrued Interest",2,359504803268356889252732020035097468,Costs,CST040,declaration_24nwlc00136_108647295,
Collections,24NWLC00136,127060672885633296,"Collections Case - Purchased Debt (Charged Off Consumer Debt Purchased on or after January 1,2014)",108647294,2025-05-29 00:00:00.000,Writ of Execution,2,1011225751340477788411240222037053390,Writ,WRIT030,,
Collections,24NWLC00156,1028894724929313280,"Collections Case - Purchased Debt (Charged Off Consumer Debt Purchased on or after January 1,2014)",97794562,2024-01-03 00:00:00.000,Complaint,2,1263973281873325568503452292729420053,Complaint,COM040,complaint_24nwlc00156_97794562,https://drive.google.com/file/d/1tdsuhpKuNvpGyC421dyZVUqzTiQAjP2Y/view?usp=drivesdk
Collections,24NWLC00156,1028894724929313280,"Collections Case - Purchased Debt (Charged Off Consumer Debt Purchased on or after January 1,2014)",97794563,2024-01-03 00:00:00.000,Summons,2,606636087324096196318023257818536830,Issuance,ISS030,,
Collections,24NWLC00156,1028894724929313280,"Collections Case - Purchased Debt (Charged Off Consumer Debt Purchased on or after January 1,2014)",97794564,2024-01-03 00:00:00.000,Civil Case Cover Sheet,2,721479425391254055948446464237321664,Miscellaneous,MISC020,,
Collections,24NWLC00156,1028894724929313280,"Collections Case - Purchased Debt (Charged Off Consumer Debt Purchased on or after January 1,2014)",97794565,2024-01-03 00:00:00.000,Declaration in Support of Bus. & Prof. Code 6322.1(c)(1),2,22144427829165539069031428515377338,Declaration,DEC075,declaration_24nwlc00156_97794565,
Collections,24NWLC00156,1028894724929313280,"Collections Case - Purchased Debt (Charged Off Consumer Debt Purchased on or after January 1,2014)",97794566,2024-01-03 00:00:00.000,"Order to Show Cause Hearing/Case Management Review (Cal. Rules of Court, rule 3.740)",2,795429725575665761887434803639212725,Order to Show Cause,OSC030,,
Collections,24NWLC00156,1028894724929313280,"Collections Case - Purchased Debt (Charged Off Consumer Debt Purchased on or after January 1,2014)",97794567,2024-01-03 00:00:00.000,Notice of Case Assignment - Limited Civil Case,2,117664907458041033370060679504340302,Notice,NTC040L,,
Collections,24NWLC00156,1028894724929313280,"Collections Case - Purchased Debt (Charged Off Consumer Debt Purchased on or after January 1,2014)",98060243,2024-01-16 00:00:00.000,Proof of Personal Service,2,1079986947955031501148532915663736127,Proof of Service,POS110,,
Collections,24NWLC00156,1028894724929313280,"Collections Case - Purchased Debt (Charged Off Consumer Debt Purchased on or after January 1,2014)",101330213,2024-06-18 00:00:00.000,Request for Entry of Default / Judgment,2,295205572823912648112236586205669008,Request,REQ080,request_for_default_judgment_24nwlc00156_101330213,https://drive.google.com/file/d/1RJGiUmV8i5kLA5UK4aNlhy6tBA27yz96/view?usp=drivesdk
Collections,24NWLC00156,1028894724929313280,"Collections Case - Purchased Debt (Charged Off Consumer Debt Purchased on or after January 1,2014)",101330215,2024-06-18 00:00:00.000,Declaration (name extension),2,878929870403247892931277394837149813,Declaration,DEC010,declaration_24nwlc00156_101330215,https://drive.google.com/file/d/1YAP3ucs-IWU9EkHH6juHRQUowthRSuGN/view?usp=drivesdk
Collections,24NWLC00156,1028894724929313280,"Collections Case - Purchased Debt (Charged Off Consumer Debt Purchased on or after January 1,2014)",101330216,2024-06-18 00:00:00.000,Declaration Pursuant to 585 CCP in Support of Default Judgment,2,728254686479199914922349942207243575,Declaration,DEC071,declaration_24nwlc00156_101330216,https://drive.google.com/file/d/1ZnJKgQHULHpB4hMDkmGYkLFSNFq92Vl-/view?usp=drivesdk
Collections,24NWLC00156,1028894724929313280,"Collections Case - Purchased Debt (Charged Off Consumer Debt Purchased on or after January 1,2014)",101330217,2024-06-18 00:00:00.000,Declaration (name extension),2,477378547385255118893762155717891834,Declaration,DEC010,declaration_24nwlc00156_101330217,https://drive.google.com/file/d/1-EXlwPxYrtx29pm-AB1VFkvY3NYlKufu/view?usp=drivesdk
Collections,24NWLC00156,1028894724929313280,"Collections Case - Purchased Debt (Charged Off Consumer Debt Purchased on or after January 1,2014)",101330219,2024-06-18 00:00:00.000,Declaration of Costs - CCP 1033,2,1080880511262917171995009827664749979,Costs,CST010,declaration_24nwlc00156_101330219,
Collections,24NWLC00156,1028894724929313280,"Collections Case - Purchased Debt (Charged Off Consumer Debt Purchased on or after January 1,2014)",101330220,2024-06-18 00:00:00.000,Request for Dismissal,2,1154058523545031633366055830144125962,Request,REQ070,,
Collections,24NWLC00156,1028894724929313280,"Collections Case - Purchased Debt (Charged Off Consumer Debt Purchased on or after January 1,2014)",101330218,2024-06-27 00:00:00.000,Default Judgment,2,987867180975852535058771492242384971,Judgment,JUD020,,
Collections,24NWLC00795,157066018752566816,"Collections Case - Purchased Debt (Charged Off Consumer Debt Purchased on or after January 1,2014)",97906084,2024-01-09 00:00:00.000,Complaint,2,607746065667504000560240935977786864,Complaint,COM040,complaint_24nwlc00795_97906084,https://drive.google.com/file/d/14aeIoxrGWyMOwozJtq9VuOtenC56h3A5/view?usp=drivesdk
Collections,24NWLC00795,157066018752566816,"Collections Case - Purchased Debt (Charged Off Consumer Debt Purchased on or after January 1,2014)",97906085,2024-01-09 00:00:00.000,Declaration in Support of Bus. & Prof. Code 6322.1(c)(1),2,1044686166770684176567196937027331376,Declaration,DEC075,declaration_24nwlc00795_97906085,
Collections,24NWLC00795,157066018752566816,"Collections Case - Purchased Debt (Charged Off Consumer Debt Purchased on or after January 1,2014)",97906086,2024-01-09 00:00:00.000,Summons,2,624412986449735696294093987514522351,Issuance,ISS030,,
Collections,24NWLC00795,157066018752566816,"Collections Case - Purchased Debt (Charged Off Consumer Debt Purchased on or after January 1,2014)",97906087,2024-01-09 00:00:00.000,Civil Case Cover Sheet,2,498913830516629560733372947996741693,Miscellaneous,MISC020,,
Collections,24NWLC00795,157066018752566816,"Collections Case - Purchased Debt (Charged Off Consumer Debt Purchased on or after January 1,2014)",97906088,2024-01-09 00:00:00.000,"Order to Show Cause Hearing/Case Management Review (Cal. Rules of Court, rule 3.740)",2,1172360409605913963195233797090003888,Order to Show Cause,OSC030,,
Collections,24NWLC00795,157066018752566816,"Collections Case - Purchased Debt (Charged Off Consumer Debt Purchased on or after January 1,2014)",97906089,2024-01-09 00:00:00.000,Notice of Case Assignment - Limited Civil Case,2,1122260173933519005607082518127657852,Notice,NTC040L,,
Collections,24NWLC00795,157066018752566816,"Collections Case - Purchased Debt (Charged Off Consumer Debt Purchased on or after January 1,2014)",98302638,2024-01-29 00:00:00.000,Proof of Personal Service,2,851105910307353964602789616842639279,Proof of Service,POS110,,
Collections,24NWLC00795,157066018752566816,"Collections Case - Purchased Debt (Charged Off Consumer Debt Purchased on or after January 1,2014)",100493420,2024-04-30 00:00:00.000,Request for Entry of Default / Judgment,2,1042192698104090055343935891256460134,Request,REQ080,request_for_default_judgment_24nwlc00795_100493420,https://drive.google.com/file/d/1bXxHNv3dUXaGsarW86WhUtx_G2FvGKlI/view?usp=drivesdk
Collections,24NWLC00795,157066018752566816,"Collections Case - Purchased Debt (Charged Off Consumer Debt Purchased on or after January 1,2014)",100493421,2024-04-30 00:00:00.000,Request for Dismissal,2,726895510526760655176134831184226610,Request,REQ070,,
Collections,24NWLC00795,157066018752566816,"Collections Case - Purchased Debt (Charged Off Consumer Debt Purchased on or after January 1,2014)",100493422,2024-04-30 00:00:00.000,Declaration Pursuant to 585 CCP in Support of Default Judgment,2,272115290285746208831133691021670657,Declaration,DEC071,declaration_24nwlc00795_100493422,https://drive.google.com/file/d/1V5mqTFJ4nE3N-60yInAtA6wQ4dGg3kyJ/view?usp=drivesdk
Collections,24NWLC00795,157066018752566816,"Collections Case - Purchased Debt (Charged Off Consumer Debt Purchased on or after January 1,2014)",100493423,2024-04-30 00:00:00.000,Declaration of Costs - CCP 1033,2,492989572652450212672656521024317361,Costs,CST010,declaration_24nwlc00795_100493423,
Collections,24NWLC00795,157066018752566816,"Collections Case - Purchased Debt (Charged Off Consumer Debt Purchased on or after January 1,2014)",100493424,2024-05-14 00:00:00.000,Judgment,2,1261683734592275381017235721623190213,Judgment,JUD015,,
Collections,24NWLC00795,157066018752566816,"Collections Case - Purchased Debt (Charged Off Consumer Debt Purchased on or after January 1,2014)",102412166,2024-07-31 00:00:00.000,"Memorandum of Costs After Judgment, Acknowledgment of Credit, and Declaration of Accrued Interest",2,975546796063298638503392126898392867,Costs,CST040,declaration_24nwlc00795_102412166,
Collections,24NWLC00795,157066018752566816,"Collections Case - Purchased Debt (Charged Off Consumer Debt Purchased on or after January 1,2014)",102412165,2024-08-14 00:00:00.000,Writ of Execution,2,1232884242774822790410582402449437887,Writ,WRIT030,,
Collections,24NWLC01547,998483406610658944,"Collections Case - Purchased Debt (Charged Off Consumer Debt Purchased on or after January 1,2014)",98042994,2024-01-16 00:00:00.000,Complaint,2,326058950605525643792716100268535373,Complaint,COM040,complaint_24nwlc01547_98042994,https://drive.google.com/file/d/12Px8x543mWIXIY71C8uI0JlmfrNuVadC/view?usp=drivesdk
Collections,24NWLC01547,998483406610658944,"Collections Case - Purchased Debt (Charged Off Consumer Debt Purchased on or after January 1,2014)",98042995,2024-01-16 00:00:00.000,Summons,2,1240432828021885669604187401246910733,Issuance,ISS030,,
Collections,24NWLC01547,998483406610658944,"Collections Case - Purchased Debt (Charged Off Consumer Debt Purchased on or after January 1,2014)",98042996,2024-01-16 00:00:00.000,Civil Case Cover Sheet,2,11803351155153614761222462580952172,Miscellaneous,MISC020,,
Collections,24NWLC01547,998483406610658944,"Collections Case - Purchased Debt (Charged Off Consumer Debt Purchased on or after January 1,2014)",98042997,2024-01-16 00:00:00.000,Declaration in Support of Bus. & Prof. Code 6322.1(c)(1),2,575092136988516458239685614063704473,Declaration,DEC075,declaration_24nwlc01547_98042997,
Collections,24NWLC01547,998483406610658944,"Collections Case - Purchased Debt (Charged Off Consumer Debt Purchased on or after January 1,2014)",98042998,2024-01-16 00:00:00.000,Declaration (name extension),2,918825306291509617540746772070630276,Declaration,DEC010,declaration_24nwlc01547_98042998,https://drive.google.com/file/d/176lAhhy3Mfd6aIueiBo5VN1C3qNrIMHz/view?usp=drivesdk
Collections,24NWLC01547,998483406610658944,"Collections Case - Purchased Debt (Charged Off Consumer Debt Purchased on or after January 1,2014)",98042999,2024-01-16 00:00:00.000,"Order to Show Cause Hearing/Case Management Review (Cal. Rules of Court, rule 3.740)",2,213320117140634850706233251901264849,Order to Show Cause,OSC030,,
Collections,24NWLC01547,998483406610658944,"Collections Case - Purchased Debt (Charged Off Consumer Debt Purchased on or after January 1,2014)",98043000,2024-01-16 00:00:00.000,Notice of Case Assignment - Limited Civil Case,2,1042187078496021344796856141213331199,Notice,NTC040L,,
Collections,24NWLC01547,998483406610658944,"Collections Case - Purchased Debt (Charged Off Consumer Debt Purchased on or after January 1,2014)",98140923,2024-01-22 00:00:00.000,Proof of Personal Service,2,829398804276445797275634803102753475,Proof of Service,POS110,,
Collections,24NWLC01547,998483406610658944,"Collections Case - Purchased Debt (Charged Off Consumer Debt Purchased on or after January 1,2014)",101227380,2024-06-11 00:00:00.000,Request for Entry of Default / Judgment,2,812590068513595144500872604706472582,Request,REQ080,request_for_default_judgment_24nwlc01547_101227380,https://drive.google.com/file/d/1X7rO-a8L0jfKmkKxEzejTZnYi_uRXea3/view?usp=drivesdk
Collections,24NWLC01547,998483406610658944,"Collections Case - Purchased Debt (Charged Off Consumer Debt Purchased on or after January 1,2014)",101227381,2024-06-11 00:00:00.000,Request for Dismissal,2,753928527756322721839855957225216895,Request,REQ070,,
Collections,24NWLC01547,998483406610658944,"Collections Case - Purchased Debt (Charged Off Consumer Debt Purchased on or after January 1,2014)",101227383,2024-06-11 00:00:00.000,Declaration of Costs - CCP 1033,2,561260178250856930644258975095457096,Costs,CST010,declaration_24nwlc01547_101227383,
Collections,24NWLC01547,998483406610658944,"Collections Case - Purchased Debt (Charged Off Consumer Debt Purchased on or after January 1,2014)",101227385,2024-06-11 00:00:00.000,Declaration (name extension),2,537144052983520619360068200668023649,Declaration,DEC010,declaration_24nwlc01547_101227385,https://drive.google.com/file/d/1H7lqiOs83j_QzTqA47dvmF3-yGkEFvDT/view?usp=drivesdk
Collections,24NWLC01547,998483406610658944,"Collections Case - Purchased Debt (Charged Off Consumer Debt Purchased on or after January 1,2014)",101227387,2024-06-11 00:00:00.000,Declaration (name extension),2,681071538996336503074055695939429536,Declaration,DEC010,declaration_24nwlc01547_101227387,https://drive.google.com/file/d/16TUoeQh4-Eh12qwJjrsaPQmBOwZBQonT/view?usp=drivesdk
Collections,24NWLC01547,998483406610658944,"Collections Case - Purchased Debt (Charged Off Consumer Debt Purchased on or after January 1,2014)",101227388,2024-06-11 00:00:00.000,Declaration (name extension),2,453011158292498727715255733430416835,Declaration,DEC010,declaration_24nwlc01547_101227388,https://drive.google.com/file/d/1WzOTAUJSDgKSLQLqmFpvqfuCeTDD6eRp/view?usp=drivesdk
Collections,24NWLC01547,998483406610658944,"Collections Case - Purchased Debt (Charged Off Consumer Debt Purchased on or after January 1,2014)",101227386,2024-06-20 00:00:00.000,Judgment,2,22681284444287144527408353187502362,Judgment,JUD015,,
Collections,24NWLC01547,998483406610658944,"Collections Case - Purchased Debt (Charged Off Consumer Debt Purchased on or after January 1,2014)",108600958,2025-05-19 00:00:00.000,"Memorandum of Costs After Judgment, Acknowledgment of Credit, and Declaration of Accrued Interest",2,1130482808310749075240749445556870701,Costs,CST040,declaration_24nwlc01547_108600958,
Collections,24NWLC01547,998483406610658944,"Collections Case - Purchased Debt (Charged Off Consumer Debt Purchased on or after January 1,2014)",108600957,2025-05-28 00:00:00.000,Writ of Execution,2,1134718369766798866261060275353492034,Writ,WRIT030,,
Collections,24NWLC03150,563523176604457472,"Collections Case - Purchased Debt (Charged Off Consumer Debt Purchased on or after January 1,2014)",98303820,2024-01-26 00:00:00.000,Complaint,2,74980145569531241882729730898058618,Complaint,COM040,complaint_24nwlc03150_98303820,https://drive.google.com/file/d/1XOOgCJ3nsi7doONYS4FFe3MBPYuqrOF0/view?usp=drivesdk
Collections,24NWLC03150,563523176604457472,"Collections Case - Purchased Debt (Charged Off Consumer Debt Purchased on or after January 1,2014)",98303821,2024-01-26 00:00:00.000,Summons,2,304008589060600084738292738496719985,Issuance,ISS030,,
Collections,24NWLC03150,563523176604457472,"Collections Case - Purchased Debt (Charged Off Consumer Debt Purchased on or after January 1,2014)",98303822,2024-01-26 00:00:00.000,Declaration in Support of Bus. & Prof. Code 6322.1(c)(1),2,734158510650484987723113060252657421,Declaration,DEC075,declaration_24nwlc03150_98303822,
Collections,24NWLC03150,563523176604457472,"Collections Case - Purchased Debt (Charged Off Consumer Debt Purchased on or after January 1,2014)",98303823,2024-01-26 00:00:00.000,Civil Case Cover Sheet,2,314435344496141790216514993494673568,Miscellaneous,MISC020,,
Collections,24NWLC03150,563523176604457472,"Collections Case - Purchased Debt (Charged Off Consumer Debt Purchased on or after January 1,2014)",98303824,2024-01-26 00:00:00.000,"Order to Show Cause Hearing/Case Management Review (Cal. Rules of Court, rule 3.740)",2,395365587683611618085099634499706259,Order to Show Cause,OSC030,,
Collections,24NWLC03150,563523176604457472,"Collections Case - Purchased Debt (Charged Off Consumer Debt Purchased on or after January 1,2014)",98303825,2024-01-26 00:00:00.000,Notice of Case Assignment - Limited Civil Case,2,241145389029496703262069031525601325,Notice,NTC040L,,
Collections,24NWLC03150,563523176604457472,"Collections Case - Purchased Debt (Charged Off Consumer Debt Purchased on or after January 1,2014)",102339719,2024-08-09 00:00:00.000,Proof of Personal Service,2,205595320169430112525401896290675482,Proof of Service,POS110,,
Collections,24NWLC03150,563523176604457472,"Collections Case - Purchased Debt (Charged Off Consumer Debt Purchased on or after January 1,2014)",103841955,2024-10-22 00:00:00.000,Request for Entry of Default / Judgment,2,1108716480648556308108269399260704794,Request,REQ080,request_for_default_judgment_24nwlc03150_103841955,https://drive.google.com/file/d/1x8wnyOIaavM6YWI7N9AD2d3M2DdBdOsJ/view?usp=drivesdk
Collections,24NWLC03150,563523176604457472,"Collections Case - Purchased Debt (Charged Off Consumer Debt Purchased on or after January 1,2014)",103841956,2024-10-22 00:00:00.000,Request for Dismissal,2,1058188703264147861314109508308019456,Request,REQ070,,
Collections,24NWLC03150,563523176604457472,"Collections Case - Purchased Debt (Charged Off Consumer Debt Purchased on or after January 1,2014)",103841958,2024-10-22 00:00:00.000,Declaration of Costs - CCP 1033,2,1055093567959101838059470838762239663,Costs,CST010,declaration_24nwlc03150_103841958,
Collections,24NWLC03150,563523176604457472,"Collections Case - Purchased Debt (Charged Off Consumer Debt Purchased on or after January 1,2014)",103841959,2024-10-22 00:00:00.000,Declaration Pursuant to 585 CCP in Support of Default Judgment,2,761582564493937885691765757344405714,Declaration,DEC071,declaration_24nwlc03150_103841959,https://drive.google.com/file/d/1hhNG265MRBwQ3XUb9QtMI5raqvC6tNSG/view?usp=drivesdk
Collections,24NWLC03150,563523176604457472,"Collections Case - Purchased Debt (Charged Off Consumer Debt Purchased on or after January 1,2014)",103841957,2024-10-29 00:00:00.000,Judgment,2,657667943774774289721059662439193401,Judgment,JUD015,,
Collections,24NWLC04597,1012527871361694336,"Collections Case - Purchased Debt (Charged Off Consumer Debt Purchased on or after January 1,2014)",98513137,2024-02-07 00:00:00.000,Complaint,2,718378769444560928791294388773656720,Complaint,COM040,complaint_24nwlc04597_98513137,https://drive.google.com/file/d/1ytX2LVAvwlMA0pU0AQyELVTXrvxtRRu3/view?usp=drivesdk
Collections,24NWLC04597,1012527871361694336,"Collections Case - Purchased Debt (Charged Off Consumer Debt Purchased on or after January 1,2014)",98513138,2024-02-07 00:00:00.000,Civil Case Cover Sheet,2,397892314953871278993877439601094580,Miscellaneous,MISC020,,
Collections,24NWLC04597,1012527871361694336,"Collections Case - Purchased Debt (Charged Off Consumer Debt Purchased on or after January 1,2014)",98513139,2024-02-07 00:00:00.000,Summons,2,94578487910499770317772638508543397,Issuance,ISS030,,
Collections,24NWLC04597,1012527871361694336,"Collections Case - Purchased Debt (Charged Off Consumer Debt Purchased on or after January 1,2014)",98513140,2024-02-07 00:00:00.000,Declaration in Support of Bus. & Prof. Code 6322.1(c)(1),2,1234848301520916934741384352091498239,Declaration,DEC075,declaration_24nwlc04597_98513140,
Collections,24NWLC04597,1012527871361694336,"Collections Case - Purchased Debt (Charged Off Consumer Debt Purchased on or after January 1,2014)",98513141,2024-02-07 00:00:00.000,"Order to Show Cause Hearing/Case Management Review (Cal. Rules of Court, rule 3.740)",2,121659523239545050214372372228742886,Order to Show Cause,OSC030,,
Collections,24NWLC04597,1012527871361694336,"Collections Case - Purchased Debt (Charged Off Consumer Debt Purchased on or after January 1,2014)",98513142,2024-02-07 00:00:00.000,Notice of Case Assignment - Limited Civil Case,2,1100758622920435060460265091949935072,Notice,NTC040L,,
Collections,24NWLC04597,1012527871361694336,"Collections Case - Purchased Debt (Charged Off Consumer Debt Purchased on or after January 1,2014)",98904109,2024-02-26 00:00:00.000,Declaration (name extension),2,1181382034617979540828958072795739372,Declaration,DEC010,declaration_24nwlc04597_98904109,https://drive.google.com/file/d/120ZZCDIkhtWb3t4a-dkTPVHGsGAIbAo7/view?usp=drivesdk
Collections,24NWLC04597,1012527871361694336,"Collections Case - Purchased Debt (Charged Off Consumer Debt Purchased on or after January 1,2014)",101475802,2024-06-18 00:00:00.000,Proof of Service by Substituted Service,2,1089354221335253138919086256438952769,Proof of Service,POS160,,
Collections,24NWLC04597,1012527871361694336,"Collections Case - Purchased Debt (Charged Off Consumer Debt Purchased on or after January 1,2014)",103884442,2024-10-15 00:00:00.000,Request for Entry of Default / Judgment,2,954865123704818553843174117167979679,Request,REQ080,request_for_default_judgment_24nwlc04597_103884442,https://drive.google.com/file/d/10AmPUqLx-QF2FutTuMrp790_lpXBoWQ3/view?usp=drivesdk
Collections,24NWLC04597,1012527871361694336,"Collections Case - Purchased Debt (Charged Off Consumer Debt Purchased on or after January 1,2014)",103884443,2024-10-15 00:00:00.000,Declaration Pursuant to 585 CCP in Support of Default Judgment,2,1107485508086444759558297770276800138,Declaration,DEC071,declaration_24nwlc04597_103884443,https://drive.google.com/file/d/1FI8V3pdbfp6EUED6qV_3pvSsgkwVIRBE/view?usp=drivesdk
Collections,24NWLC04597,1012527871361694336,"Collections Case - Purchased Debt (Charged Off Consumer Debt Purchased on or after January 1,2014)",103884445,2024-10-15 00:00:00.000,Declaration of Costs - CCP 1033,2,1306284735120386312282938212536909341,Costs,CST010,declaration_24nwlc04597_103884445,
Collections,24NWLC04597,1012527871361694336,"Collections Case - Purchased Debt (Charged Off Consumer Debt Purchased on or after January 1,2014)",103884446,2024-10-15 00:00:00.000,Request for Dismissal,2,3455172080568977620480197935810546,Request,REQ070,,
Collections,24NWLC04597,1012527871361694336,"Collections Case - Purchased Debt (Charged Off Consumer Debt Purchased on or after January 1,2014)",103884444,2024-10-29 00:00:00.000,Judgment,2,699594902417187010758139744571438075,Judgment,JUD015,,
Collections,24NWLC04597,1012527871361694336,"Collections Case - Purchased Debt (Charged Off Consumer Debt Purchased on or after January 1,2014)",108862619,2025-06-02 00:00:00.000,"Memorandum of Costs After Judgment, Acknowledgment of Credit, and Declaration of Accrued Interest",2,1085143597491928242730435244697711346,Costs,CST040,declaration_24nwlc04597_108862619,
Collections,24NWLC04597,1012527871361694336,"Collections Case - Purchased Debt (Charged Off Consumer Debt Purchased on or after January 1,2014)",108862618,2025-06-09 00:00:00.000,Writ of Execution,2,1325276661215853449315369202833372051,Writ,WRIT030,,
Collections,24NWLC04731,574956317709273728,"Collections Case - Purchased Debt (Charged Off Consumer Debt Purchased on or after January 1,2014)",98528246,2024-02-08 00:00:00.000,Complaint,2,1324067947542477706255160694307204334,Complaint,COM040,complaint_24nwlc04731_98528246,https://drive.google.com/file/d/1O5LUEfseYZNfuGNJy96ywe5GA8anXvuD/view?usp=drivesdk
Collections,24NWLC04731,574956317709273728,"Collections Case - Purchased Debt (Charged Off Consumer Debt Purchased on or after January 1,2014)",98528247,2024-02-08 00:00:00.000,Summons,2,585745906284322950919688214346591688,Issuance,ISS030,,
Collections,24NWLC04731,574956317709273728,"Collections Case - Purchased Debt (Charged Off Consumer Debt Purchased on or after January 1,2014)",98528248,2024-02-08 00:00:00.000,Civil Case Cover Sheet,2,964130908756022463627062896889474379,Miscellaneous,MISC020,,
Collections,24NWLC04731,574956317709273728,"Collections Case - Purchased Debt (Charged Off Consumer Debt Purchased on or after January 1,2014)",98528249,2024-02-08 00:00:00.000,Declaration (name extension),2,1175407573770215729732606849249507810,Declaration,DEC010,declaration_24nwlc04731_98528249,https://drive.google.com/file/d/17ZF7J0oQ80FIL3jnhCflLR4CBgOXTFCX/view?usp=drivesdk
Collections,24NWLC04731,574956317709273728,"Collections Case - Purchased Debt (Charged Off Consumer Debt Purchased on or after January 1,2014)",98528250,2024-02-08 00:00:00.000,Declaration in Support of Bus. & Prof. Code 6322.1(c)(1),2,1236376275343185125516209052462682249,Declaration,DEC075,declaration_24nwlc04731_98528250,
Collections,24NWLC04731,574956317709273728,"Collections Case - Purchased Debt (Charged Off Consumer Debt Purchased on or after January 1,2014)",98528251,2024-02-08 00:00:00.000,"Order to Show Cause Hearing/Case Management Review (Cal. Rules of Court, rule 3.740)",2,941032514388747651142644796046056744,Order to Show Cause,OSC030,,
Collections,24NWLC04731,574956317709273728,"Collections Case - Purchased Debt (Charged Off Consumer Debt Purchased on or after January 1,2014)",98528252,2024-02-08 00:00:00.000,Notice of Case Assignment - Limited Civil Case,2,422920909558706056871810961696664448,Notice,NTC040L,,
Collections,24NWLC04731,574956317709273728,"Collections Case - Purchased Debt (Charged Off Consumer Debt Purchased on or after January 1,2014)",98611091,2024-02-13 00:00:00.000,Proof of Personal Service,2,800309021302869000377071662717863720,Proof of Service,POS110,,
Collections,24NWLC04731,574956317709273728,"Collections Case - Purchased Debt (Charged Off Consumer Debt Purchased on or after January 1,2014)",100597530,2024-05-02 00:00:00.000,Request for Entry of Default / Judgment,2,1030608500814558924181647559271651320,Request,REQ080,request_for_default_judgment_24nwlc04731_100597530,https://drive.google.com/file/d/1lgvg7iTsvDcT-MeNcUI1mUspJNWj4idT/view?usp=drivesdk
Collections,24NWLC04731,574956317709273728,"Collections Case - Purchased Debt (Charged Off Consumer Debt Purchased on or after January 1,2014)",100597531,2024-05-02 00:00:00.000,Request for Dismissal,2,102658500214582155285864284837190019,Request,REQ070,,
Collections,24NWLC04731,574956317709273728,"Collections Case - Purchased Debt (Charged Off Consumer Debt Purchased on or after January 1,2014)",100597532,2024-05-02 00:00:00.000,Declaration re: Attorney's Fees,2,129088491942997199570029170755379971,Declaration,DEC080,declaration_24nwlc04731_100597532,
Collections,24NWLC04731,574956317709273728,"Collections Case - Purchased Debt (Charged Off Consumer Debt Purchased on or after January 1,2014)",100597533,2024-05-02 00:00:00.000,Declaration of Costs - CCP 1033,2,1312630309865353388106076078868069896,Costs,CST010,declaration_24nwlc04731_100597533,
Collections,24NWLC04731,574956317709273728,"Collections Case - Purchased Debt (Charged Off Consumer Debt Purchased on or after January 1,2014)",100597534,2024-05-02 00:00:00.000,Declaration (name extension),2,399864099283513080242437447047855377,Declaration,DEC010,declaration_24nwlc04731_100597534,https://drive.google.com/file/d/1nbFpPOeAhVnkvSA8MXBYdRQtSbQ4Uqhn/view?usp=drivesdk
Collections,24NWLC04731,574956317709273728,"Collections Case - Purchased Debt (Charged Off Consumer Debt Purchased on or after January 1,2014)",100597535,2024-05-02 00:00:00.000,Declaration (name extension),2,190075929201017193791430451313987513,Declaration,DEC010,declaration_24nwlc04731_100597535,https://drive.google.com/file/d/1zypzIBCiv7NWLXByfpfvnUK9k7raBbPg/view?usp=drivesdk
Collections,24NWLC04731,574956317709273728,"Collections Case - Purchased Debt (Charged Off Consumer Debt Purchased on or after January 1,2014)",100597536,2024-05-17 00:00:00.000,Judgment,2,880233442229538483333639890497634929,Judgment,JUD015,,
Collections,24NWLC04922,288127158598749600,"Collections Case - Purchased Debt (Charged Off Consumer Debt Purchased on or after January 1,2014)",98553532,2024-02-08 00:00:00.000,Complaint,2,205540729195449474934909306714018652,Complaint,COM040,complaint_24nwlc04922_98553532,https://drive.google.com/file/d/1SrCbZd-Mbt-x0ofw7BlsNsSFNUsLAVdG/view?usp=drivesdk
Collections,24NWLC04922,288127158598749600,"Collections Case - Purchased Debt (Charged Off Consumer Debt Purchased on or after January 1,2014)",98553533,2024-02-08 00:00:00.000,Civil Case Cover Sheet,2,1305972911407275212102323282070785559,Miscellaneous,MISC020,,
Collections,24NWLC04922,288127158598749600,"Collections Case - Purchased Debt (Charged Off Consumer Debt Purchased on or after January 1,2014)",98553534,2024-02-08 00:00:00.000,Declaration in Support of Bus. & Prof. Code 6322.1(c)(1),2,183357451271377760891992834613098426,Declaration,DEC075,declaration_24nwlc04922_98553534,
Collections,24NWLC04922,288127158598749600,"Collections Case - Purchased Debt (Charged Off Consumer Debt Purchased on or after January 1,2014)",98553535,2024-02-08 00:00:00.000,Summons,2,747718829813127008335713166525756039,Issuance,ISS030,,
Collections,24NWLC04922,288127158598749600,"Collections Case - Purchased Debt (Charged Off Consumer Debt Purchased on or after January 1,2014)",98553536,2024-02-08 00:00:00.000,"Order to Show Cause Hearing/Case Management Review (Cal. Rules of Court, rule 3.740)",2,1272235213301129020401451556637514980,Order to Show Cause,OSC030,,
Collections,24NWLC04922,288127158598749600,"Collections Case - Purchased Debt (Charged Off Consumer Debt Purchased on or after January 1,2014)",98553537,2024-02-08 00:00:00.000,Notice of Case Assignment - Limited Civil Case,2,570353700543544602865191359455747597,Notice,NTC040L,,
Collections,24NWLC04922,288127158598749600,"Collections Case - Purchased Debt (Charged Off Consumer Debt Purchased on or after January 1,2014)",99535228,2024-03-22 00:00:00.000,Proof of Service by Substituted Service,2,26478764918975931577305050080710598,Proof of Service,POS160,,
Collections,24NWLC04922,288127158598749600,"Collections Case - Purchased Debt (Charged Off Consumer Debt Purchased on or after January 1,2014)",101650741,2024-06-13 00:00:00.000,Request for Dismissal,2,652069491050442187395641088531526654,Request,REQ070,,
Collections,24NWLC04922,288127158598749600,"Collections Case - Purchased Debt (Charged Off Consumer Debt Purchased on or after January 1,2014)",101650742,2024-06-13 00:00:00.000,Request for Entry of Default / Judgment,2,1113871203482183961536465010250850638,Request,REQ080,request_for_default_judgment_24nwlc04922_101650742,https://drive.google.com/file/d/1VOHcuHAutAjswiCh1IwY7x5lgYbSfvBF/view?usp=drivesdk
Collections,24NWLC04922,288127158598749600,"Collections Case - Purchased Debt (Charged Off Consumer Debt Purchased on or after January 1,2014)",101650743,2024-06-13 00:00:00.000,Declaration (name extension),2,528456277700241178830133455791353183,Declaration,DEC010,declaration_24nwlc04922_101650743,https://drive.google.com/file/d/1EVEnIkenXI3bY27_tqFdz7AagfO-s1NE/view?usp=drivesdk
Collections,24NWLC04922,288127158598749600,"Collections Case - Purchased Debt (Charged Off Consumer Debt Purchased on or after January 1,2014)",101650745,2024-06-13 00:00:00.000,Declaration (name extension),2,431119260272770474302819845195067140,Declaration,DEC010,declaration_24nwlc04922_101650745,https://drive.google.com/file/d/1R5qSGkepGLnmMMi7gzRBUf_OduzvMTK_/view?usp=drivesdk
Collections,24NWLC04922,288127158598749600,"Collections Case - Purchased Debt (Charged Off Consumer Debt Purchased on or after January 1,2014)",101650744,2024-07-12 00:00:00.000,Default Judgment,2,151771772572259477718328468239197771,Judgment,JUD020,,
Collections,24NWLC04922,288127158598749600,"Collections Case - Purchased Debt (Charged Off Consumer Debt Purchased on or after January 1,2014)",105870498,2025-01-16 00:00:00.000,Acknowledgment of Satisfaction of Judgment,2,992815728974611875084224167859283438,Post Judgment,PJ020,,
Collections,24NWLC10324,815084891020919168,"Collections Case - Purchased Debt (Charged Off Consumer Debt Purchased on or after January 1,2014)",99392161,2024-03-18 00:00:00.000,Complaint,2,879720313452859122126828345792287424,Complaint,COM040,complaint_24nwlc10324_99392161,https://drive.google.com/file/d/1x2iqZGK1i6Lzgxdc0S-A1cJOJLwS1cA6/view?usp=drivesdk
Collections,24NWLC10324,815084891020919168,"Collections Case - Purchased Debt (Charged Off Consumer Debt Purchased on or after January 1,2014)",99392162,2024-03-18 00:00:00.000,Declaration in Support of Bus. & Prof. Code 6322.1(c)(1),2,732080094642860839508783188592289910,Declaration,DEC075,declaration_24nwlc10324_99392162,
Collections,24NWLC10324,815084891020919168,"Collections Case - Purchased Debt (Charged Off Consumer Debt Purchased on or after January 1,2014)",99392163,2024-03-18 00:00:00.000,Declaration (name extension),2,509615734978338348275506462999674558,Declaration,DEC010,declaration_24nwlc10324_99392163,https://drive.google.com/file/d/1mcs7v4qJSgUOaKGms5OTju4aMk7qEOw1/view?usp=drivesdk
Collections,24NWLC10324,815084891020919168,"Collections Case - Purchased Debt (Charged Off Consumer Debt Purchased on or after January 1,2014)",99392164,2024-03-18 00:00:00.000,Civil Case Cover Sheet,2,1047627017627670673879056948039509134,Miscellaneous,MISC020,,
Collections,24NWLC10324,815084891020919168,"Collections Case - Purchased Debt (Charged Off Consumer Debt Purchased on or after January 1,2014)",99392165,2024-03-18 00:00:00.000,Summons,2,360394221340424482494770880781030554,Issuance,ISS030,,
Collections,24NWLC10324,815084891020919168,"Collections Case - Purchased Debt (Charged Off Consumer Debt Purchased on or after January 1,2014)",99392166,2024-03-18 00:00:00.000,"Order to Show Cause Hearing/Case Management Review (Cal. Rules of Court, rule 3.740)",2,453591082336115176439550585941387973,Order to Show Cause,OSC030,,
Collections,24NWLC10324,815084891020919168,"Collections Case - Purchased Debt (Charged Off Consumer Debt Purchased on or after January 1,2014)",99392167,2024-03-18 00:00:00.000,Notice of Case Assignment - Limited Civil Case,2,278431416658824544670160955625113199,Notice,NTC040L,,
Collections,24NWLC10324,815084891020919168,"Collections Case - Purchased Debt (Charged Off Consumer Debt Purchased on or after January 1,2014)",100000805,2024-04-15 00:00:00.000,Declaration (name extension),2,1134492345818105785191232537715162364,Declaration,DEC010,declaration_24nwlc10324_100000805,https://drive.google.com/file/d/1XPMygu24sYTrynm5qK_Tz5Uf1RLRYp1W/view?usp=drivesdk
Collections,24NWLC10324,815084891020919168,"Collections Case - Purchased Debt (Charged Off Consumer Debt Purchased on or after January 1,2014)",100116479,2024-04-18 00:00:00.000,Proof of Personal Service,2,21233613241848335789161938434993752,Proof of Service,POS110,,
Collections,24NWLC10324,815084891020919168,"Collections Case - Purchased Debt (Charged Off Consumer Debt Purchased on or after January 1,2014)",105736602,2025-01-07 00:00:00.000,Request for Entry of Default / Judgment,2,1087316996286281426674607968365638424,Request,REQ080,request_for_default_judgment_24nwlc10324_105736602,https://drive.google.com/file/d/1yBjugLn9KpuLbAf0TEfunQz0M0l6hU_q/view?usp=drivesdk
Collections,24NWLC10324,815084891020919168,"Collections Case - Purchased Debt (Charged Off Consumer Debt Purchased on or after January 1,2014)",105736604,2025-01-07 00:00:00.000,Declaration (name extension),2,703214527744173307626209740674740242,Declaration,DEC010,declaration_24nwlc10324_105736604,https://drive.google.com/file/d/1kgeToDrstrdoFx80PKwp26ALbzUGCpe8/view?usp=drivesdk
Collections,24NWLC10324,815084891020919168,"Collections Case - Purchased Debt (Charged Off Consumer Debt Purchased on or after January 1,2014)",105736605,2025-01-07 00:00:00.000,Declaration (name extension),2,1229452065725589064060803283193181574,Declaration,DEC010,declaration_24nwlc10324_105736605,https://drive.google.com/file/d/13ZR8HwNvh5fPeWQOpxG_UVWfl5Y85sWq/view?usp=drivesdk
Collections,24NWLC10324,815084891020919168,"Collections Case - Purchased Debt (Charged Off Consumer Debt Purchased on or after January 1,2014)",105736606,2025-01-07 00:00:00.000,Declaration of Costs - CCP 1033,2,1275280269816149334485519988764755031,Costs,CST010,declaration_24nwlc10324_105736606,
Collections,24NWLC10324,815084891020919168,"Collections Case - Purchased Debt (Charged Off Consumer Debt Purchased on or after January 1,2014)",105736607,2025-01-07 00:00:00.000,Declaration (name extension),2,984033146318375242685899116888381990,Declaration,DEC010,declaration_24nwlc10324_105736607,https://drive.google.com/file/d/13QKJY3PNOASm9rNjEJpeiVSiKIhoKh6V/view?usp=drivesdk
Collections,24NWLC10324,815084891020919168,"Collections Case - Purchased Debt (Charged Off Consumer Debt Purchased on or after January 1,2014)",105736608,2025-01-07 00:00:00.000,Request for Dismissal,2,873865225866959842891298460757412652,Request,REQ070,,
Collections,24NWLC10324,815084891020919168,"Collections Case - Purchased Debt (Charged Off Consumer Debt Purchased on or after January 1,2014)",105736603,2025-02-06 00:00:00.000,Judgment,2,316116370513751941610354225946922657,Judgment,JUD015,,
Collections,24NWLC13546,763249439855264896,"Collections Case - Purchased Debt (Charged Off Consumer Debt Purchased on or after January 1,2014)",99830510,2024-04-04 00:00:00.000,Complaint,2,1302889934061205314274788682008261367,Complaint,COM040,complaint_24nwlc13546_99830510,https://drive.google.com/file/d/1G53E9KV8BSU38xfHTTurVgax5zFzJKc4/view?usp=drivesdk
Collections,24NWLC13546,763249439855264896,"Collections Case - Purchased Debt (Charged Off Consumer Debt Purchased on or after January 1,2014)",99830511,2024-04-04 00:00:00.000,Declaration (name extension),2,37529845848590140322859666436546558,Declaration,DEC010,declaration_24nwlc13546_99830511,https://drive.google.com/file/d/1d88dOjVkVPaENbPSZiZsjhPKgN2g5aTs/view?usp=drivesdk
Collections,24NWLC13546,763249439855264896,"Collections Case - Purchased Debt (Charged Off Consumer Debt Purchased on or after January 1,2014)",99830512,2024-04-04 00:00:00.000,Declaration in Support of Bus. & Prof. Code 6322.1(c)(1),2,547615601665141839125752636935685865,Declaration,DEC075,declaration_24nwlc13546_99830512,
Collections,24NWLC13546,763249439855264896,"Collections Case - Purchased Debt (Charged Off Consumer Debt Purchased on or after January 1,2014)",99830513,2024-04-04 00:00:00.000,Summons,2,862526481904880889823648858557987439,Issuance,ISS030,,
Collections,24NWLC13546,763249439855264896,"Collections Case - Purchased Debt (Charged Off Consumer Debt Purchased on or after January 1,2014)",99830514,2024-04-04 00:00:00.000,Civil Case Cover Sheet,2,1075022141655238036497353670534916038,Miscellaneous,MISC020,,
Collections,24NWLC13546,763249439855264896,"Collections Case - Purchased Debt (Charged Off Consumer Debt Purchased on or after January 1,2014)",99830515,2024-04-04 00:00:00.000,"Order to Show Cause Hearing/Case Management Review (Cal. Rules of Court, rule 3.740)",2,1272717352140252666433801405419842767,Order to Show Cause,OSC030,,
Collections,24NWLC13546,763249439855264896,"Collections Case - Purchased Debt (Charged Off Consumer Debt Purchased on or after January 1,2014)",99830516,2024-04-04 00:00:00.000,Notice of Case Assignment - Limited Civil Case,2,93714739403051222468770821135442282,Notice,NTC040L,,
Collections,24NWLC13546,763249439855264896,"Collections Case - Purchased Debt (Charged Off Consumer Debt Purchased on or after January 1,2014)",100180126,2024-04-23 00:00:00.000,Proof of Service by Substituted Service,2,991262517608849124622836097960450216,Proof of Service,POS160,,
Collections,24NWLC13546,763249439855264896,"Collections Case - Purchased Debt (Charged Off Consumer Debt Purchased on or after January 1,2014)",102064605,2024-07-01 00:00:00.000,Request for Entry of Default / Judgment,2,1148217222846306456959879438848057119,Request,REQ080,request_for_default_judgment_24nwlc13546_102064605,https://drive.google.com/file/d/13-Z_rE2NzEsfEnpw6oa_dDDyxSVyeDUo/view?usp=drivesdk
Collections,24NWLC13546,763249439855264896,"Collections Case - Purchased Debt (Charged Off Consumer Debt Purchased on or after January 1,2014)",102064606,2024-07-01 00:00:00.000,Declaration (name extension),2,118012305913066458133775586078629773,Declaration,DEC010,declaration_24nwlc13546_102064606,https://drive.google.com/file/d/1Pfs7sxROKUn5jyyscH3Z8BVuQYqY-DCc/view?usp=drivesdk
Collections,24NWLC13546,763249439855264896,"Collections Case - Purchased Debt (Charged Off Consumer Debt Purchased on or after January 1,2014)",102064607,2024-07-01 00:00:00.000,Declaration re: Attorney's Fees,2,1074625899807267781861705881126896552,Declaration,DEC080,declaration_24nwlc13546_102064607,
Collections,24NWLC13546,763249439855264896,"Collections Case - Purchased Debt (Charged Off Consumer Debt Purchased on or after January 1,2014)",102064608,2024-07-01 00:00:00.000,Declaration of Costs - CCP 1033,2,741833251384695607829221196357596081,Costs,CST010,declaration_24nwlc13546_102064608,
Collections,24NWLC13546,763249439855264896,"Collections Case - Purchased Debt (Charged Off Consumer Debt Purchased on or after January 1,2014)",102064609,2024-07-01 00:00:00.000,Request for Dismissal,2,503685197336306523724104268729946209,Request,REQ070,,
Collections,24NWLC13546,763249439855264896,"Collections Case - Purchased Debt (Charged Off Consumer Debt Purchased on or after January 1,2014)",102064611,2024-07-01 00:00:00.000,Declaration (name extension),2,834091570405310457197642134766251759,Declaration,DEC010,declaration_24nwlc13546_102064611,https://drive.google.com/file/d/1D0sqaq4QRvUKUO5JHi7fDZSX5Gt3eQP2/view?usp=drivesdk
Collections,24NWLC13546,763249439855264896,"Collections Case - Purchased Debt (Charged Off Consumer Debt Purchased on or after January 1,2014)",102064610,2024-08-05 00:00:00.000,Judgment,2,117742684168837832117440976046212818,Judgment,JUD015,,
Collections,24NWLC13972,248766620357474688,"Collections Case - Purchased Debt (Charged Off Consumer Debt Purchased on or after January 1,2014)",99880585,2024-04-08 00:00:00.000,Complaint,2,95651802619774776477779306661140694,Complaint,COM040,complaint_24nwlc13972_99880585,https://drive.google.com/file/d/10RRS76Hm2f64PN01DxcuLtvu8MiW4DmQ/view?usp=drivesdk
Collections,24NWLC13972,248766620357474688,"Collections Case - Purchased Debt (Charged Off Consumer Debt Purchased on or after January 1,2014)",99880586,2024-04-08 00:00:00.000,Civil Case Cover Sheet,2,572677673373276811200005537179724131,Miscellaneous,MISC020,,
Collections,24NWLC13972,248766620357474688,"Collections Case - Purchased Debt (Charged Off Consumer Debt Purchased on or after January 1,2014)",99880587,2024-04-08 00:00:00.000,Summons,2,291048912299235887361994949062643438,Issuance,ISS030,,
Collections,24NWLC13972,248766620357474688,"Collections Case - Purchased Debt (Charged Off Consumer Debt Purchased on or after January 1,2014)",99880588,2024-04-08 00:00:00.000,Declaration in Support of Bus. & Prof. Code 6322.1(c)(1),2,1251367338008853549002211165663105576,Declaration,DEC075,declaration_24nwlc13972_99880588,
Collections,24NWLC13972,248766620357474688,"Collections Case - Purchased Debt (Charged Off Consumer Debt Purchased on or after January 1,2014)",99880589,2024-04-08 00:00:00.000,Declaration (name extension),2,1300204055801364928284381384522632304,Declaration,DEC010,declaration_24nwlc13972_99880589,https://drive.google.com/file/d/1-t6wKTN1P-iafLBnRyrFCNrdjjiOu_aC/view?usp=drivesdk
Collections,24NWLC13972,248766620357474688,"Collections Case - Purchased Debt (Charged Off Consumer Debt Purchased on or after January 1,2014)",99880592,2024-04-08 00:00:00.000,"Order to Show Cause Hearing/Case Management Review (Cal. Rules of Court, rule 3.740)",2,858002945450487106567525105505279732,Order to Show Cause,OSC030,,
Collections,24NWLC13972,248766620357474688,"Collections Case - Purchased Debt (Charged Off Consumer Debt Purchased on or after January 1,2014)",99880594,2024-04-08 00:00:00.000,Notice of Case Assignment - Limited Civil Case,2,1086131680884848683046666577495764971,Notice,NTC040L,,
Collections,24NWLC13972,248766620357474688,"Collections Case - Purchased Debt (Charged Off Consumer Debt Purchased on or after January 1,2014)",100120278,2024-04-18 00:00:00.000,Proof of Personal Service,2,167247976577728127098771900003462287,Proof of Service,POS110,,
Collections,24NWLC13972,248766620357474688,"Collections Case - Purchased Debt (Charged Off Consumer Debt Purchased on or after January 1,2014)",101698294,2024-06-18 00:00:00.000,Request for Entry of Default / Judgment,2,336644921580769160035367486956667086,Request,REQ080,request_for_default_judgment_24nwlc13972_101698294,https://drive.google.com/file/d/1WD-W668WDQra2uGw3KGmozG57ARiEOMN/view?usp=drivesdk
Collections,24NWLC13972,248766620357474688,"Collections Case - Purchased Debt (Charged Off Consumer Debt Purchased on or after January 1,2014)",101698296,2024-06-18 00:00:00.000,Request for Dismissal,2,1286144655348386152406682137091237301,Request,REQ070,,
Collections,24NWLC13972,248766620357474688,"Collections Case - Purchased Debt (Charged Off Consumer Debt Purchased on or after January 1,2014)",101698298,2024-06-18 00:00:00.000,Declaration of Costs - CCP 1033,2,1117397412858528703235856469619820895,Costs,CST010,declaration_24nwlc13972_101698298,
Collections,24NWLC13972,248766620357474688,"Collections Case - Purchased Debt (Charged Off Consumer Debt Purchased on or after January 1,2014)",101698299,2024-06-18 00:00:00.000,Declaration re: Attorney's Fees,2,940565634274691429590363223300115840,Declaration,DEC080,declaration_24nwlc13972_101698299,
Collections,24NWLC13972,248766620357474688,"Collections Case - Purchased Debt (Charged Off Consumer Debt Purchased on or after January 1,2014)",101698300,2024-06-18 00:00:00.000,Declaration (name extension),2,1319503059289891336008978797210888636,Declaration,DEC010,declaration_24nwlc13972_101698300,https://drive.google.com/file/d/1FzN9jfh9_yJrvp8RmylK5LLUvRapZHRR/view?usp=drivesdk
Collections,24NWLC13972,248766620357474688,"Collections Case - Purchased Debt (Charged Off Consumer Debt Purchased on or after January 1,2014)",101698301,2024-06-18 00:00:00.000,Declaration (name extension),2,620410157949444091927393953231598487,Declaration,DEC010,declaration_24nwlc13972_101698301,https://drive.google.com/file/d/1FPx5uPWOx7xaebmIfeTkXPs6Dmuuqdot/view?usp=drivesdk
Collections,24NWLC13972,248766620357474688,"Collections Case - Purchased Debt (Charged Off Consumer Debt Purchased on or after January 1,2014)",101698302,2024-07-16 00:00:00.000,Judgment,2,169873701017390949957266665081828011,Judgment,JUD015,,
Collections,24NWLC13972,248766620357474688,"Collections Case - Purchased Debt (Charged Off Consumer Debt Purchased on or after January 1,2014)",103161233,2024-09-03 00:00:00.000,Acknowledgment of Satisfaction of Judgment,2,1206369497679326609008942047598881626,Post Judgment,PJ020,,
Collections,24NWLC13989,319927093192241984,"Collections Case - Purchased Debt (Charged Off Consumer Debt Purchased on or after January 1,2014)",99882229,2024-04-08 00:00:00.000,Complaint,2,628976587568069059613988846557602836,Complaint,COM040,complaint_24nwlc13989_99882229,https://drive.google.com/file/d/1FZOkvbxnvfpEQRkmmZnmiZSr7dmud8ld/view?usp=drivesdk
Collections,24NWLC13989,319927093192241984,"Collections Case - Purchased Debt (Charged Off Consumer Debt Purchased on or after January 1,2014)",99882230,2024-04-08 00:00:00.000,Civil Case Cover Sheet,2,93423199006360054516933523927311859,Miscellaneous,MISC020,,
Collections,24NWLC13989,319927093192241984,"Collections Case - Purchased Debt (Charged Off Consumer Debt Purchased on or after January 1,2014)",99882231,2024-04-08 00:00:00.000,Summons,2,259728925878477392228595298460963965,Issuance,ISS030,,
Collections,24NWLC13989,319927093192241984,"Collections Case - Purchased Debt (Charged Off Consumer Debt Purchased on or after January 1,2014)",99882232,2024-04-08 00:00:00.000,Declaration in Support of Bus. & Prof. Code 6322.1(c)(1),2,765452871952588365888244817032960914,Declaration,DEC075,declaration_24nwlc13989_99882232,
Collections,24NWLC13989,319927093192241984,"Collections Case - Purchased Debt (Charged Off Consumer Debt Purchased on or after January 1,2014)",99882233,2024-04-08 00:00:00.000,Declaration (name extension),2,97042531879525236880703809972099443,Declaration,DEC010,declaration_24nwlc13989_99882233,https://drive.google.com/file/d/1QJMiknOkPHH1C60gki_LvsIGN-al0TEN/view?usp=drivesdk
Collections,24NWLC13989,319927093192241984,"Collections Case - Purchased Debt (Charged Off Consumer Debt Purchased on or after January 1,2014)",99882234,2024-04-08 00:00:00.000,"Order to Show Cause Hearing/Case Management Review (Cal. Rules of Court, rule 3.740)",2,390395077756357125519002432884906713,Order to Show Cause,OSC030,,
Collections,24NWLC13989,319927093192241984,"Collections Case - Purchased Debt (Charged Off Consumer Debt Purchased on or after January 1,2014)",99882235,2024-04-08 00:00:00.000,Notice of Case Assignment - Limited Civil Case,2,482463684509532042271668394233687584,Notice,NTC040L,,
Collections,24NWLC13989,319927093192241984,"Collections Case - Purchased Debt (Charged Off Consumer Debt Purchased on or after January 1,2014)",100296292,2024-04-29 00:00:00.000,Proof of Personal Service,2,217625580389945150334912193809312437,Proof of Service,POS110,,
Collections,24NWLC13989,319927093192241984,"Collections Case - Purchased Debt (Charged Off Consumer Debt Purchased on or after January 1,2014)",104650592,2024-11-15 00:00:00.000,Request for Entry of Default / Judgment,2,859199380822728212367387960038203430,Request,REQ080,request_for_default_judgment_24nwlc13989_104650592,https://drive.google.com/file/d/1JAQfNLReTgrz6gfFqBgyNvrOEPxPM9d1/view?usp=drivesdk
Collections,24NWLC13989,319927093192241984,"Collections Case - Purchased Debt (Charged Off Consumer Debt Purchased on or after January 1,2014)",104650593,2024-11-15 00:00:00.000,Declaration (name extension),2,578643013399236465951966369247583110,Declaration,DEC010,declaration_24nwlc13989_104650593,https://drive.google.com/file/d/1ejDzVJ1KJCJkrlLkeXdwcc0glf8GuaXh/view?usp=drivesdk
Collections,24NWLC13989,319927093192241984,"Collections Case - Purchased Debt (Charged Off Consumer Debt Purchased on or after January 1,2014)",104650595,2024-11-15 00:00:00.000,Declaration (name extension),2,1245553286314321432738299321486555308,Declaration,DEC010,declaration_24nwlc13989_104650595,https://drive.google.com/file/d/1TFNfVmOVuB0BVgNu4vV3HnYpUvcug7Df/view?usp=drivesdk
Collections,24NWLC13989,319927093192241984,"Collections Case - Purchased Debt (Charged Off Consumer Debt Purchased on or after January 1,2014)",104650594,2024-11-26 00:00:00.000,Default Judgment,2,382093411163262141385163635290231369,Judgment,JUD020,,
Collections,24NWLC13989,319927093192241984,"Collections Case - Purchased Debt (Charged Off Consumer Debt Purchased on or after January 1,2014)",105555802,2024-12-23 00:00:00.000,"Memorandum of Costs After Judgment, Acknowledgment of Credit, and Declaration of Accrued Interest",2,716720287522550900020048081986569386,Costs,CST040,declaration_24nwlc13989_105555802,
Collections,24NWLC13989,319927093192241984,"Collections Case - Purchased Debt (Charged Off Consumer Debt Purchased on or after January 1,2014)",105555801,2025-01-13 00:00:00.000,Writ of Execution,2,579888863353506972831871304490036138,Writ,WRIT030,,
Collections,24NWLC16098,453117086676433984,"Collections Case - Purchased Debt (Charged Off Consumer Debt Purchased on or after January 1,2014)",100122798,2024-04-18 00:00:00.000,Complaint,2,861775113188692497551080491584205229,Complaint,COM040,complaint_24nwlc16098_100122798,https://drive.google.com/file/d/1sJt_sdh33jtHVtouRxd5iCVyxx9vFoa_/view?usp=drivesdk
Collections,24NWLC16098,453117086676433984,"Collections Case - Purchased Debt (Charged Off Consumer Debt Purchased on or after January 1,2014)",100122799,2024-04-18 00:00:00.000,Declaration (name extension),2,975771056321668043488948160300120867,Declaration,DEC010,declaration_24nwlc16098_100122799,https://drive.google.com/file/d/1ke8JdOKLmFfhmXkM7GhDd2GWJ1xxBbZJ/view?usp=drivesdk
Collections,24NWLC16098,453117086676433984,"Collections Case - Purchased Debt (Charged Off Consumer Debt Purchased on or after January 1,2014)",100122800,2024-04-18 00:00:00.000,Summons,2,172023559253249575029112766479020448,Issuance,ISS030,,
Collections,24NWLC16098,453117086676433984,"Collections Case - Purchased Debt (Charged Off Consumer Debt Purchased on or after January 1,2014)",100122801,2024-04-18 00:00:00.000,Civil Case Cover Sheet,2,747088621898244072132489733814772847,Miscellaneous,MISC020,,
Collections,24NWLC16098,453117086676433984,"Collections Case - Purchased Debt (Charged Off Consumer Debt Purchased on or after January 1,2014)",100122803,2024-04-18 00:00:00.000,"Order to Show Cause Hearing/Case Management Review (Cal. Rules of Court, rule 3.740)",2,612887552736251952094406601622526854,Order to Show Cause,OSC030,,
Collections,24NWLC16098,453117086676433984,"Collections Case - Purchased Debt (Charged Off Consumer Debt Purchased on or after January 1,2014)",100122805,2024-04-18 00:00:00.000,Notice of Case Assignment - Limited Civil Case,2,442477043194122823157140059410943499,Notice,NTC040L,,
Collections,24NWLC16098,453117086676433984,"Collections Case - Purchased Debt (Charged Off Consumer Debt Purchased on or after January 1,2014)",100660919,2024-05-15 00:00:00.000,Proof of Personal Service,2,1284195629158916882845640349094883292,Proof of Service,POS110,,
Collections,24NWLC16098,453117086676433984,"Collections Case - Purchased Debt (Charged Off Consumer Debt Purchased on or after January 1,2014)",102578462,2024-08-09 00:00:00.000,Request for Entry of Default / Judgment,2,346845355562025841682965933563784753,Request,REQ080,request_for_default_judgment_24nwlc16098_102578462,https://drive.google.com/file/d/1TR4AkbE-ahsY0U8Pm5W3psZZKHWd2y7E/view?usp=drivesdk
Collections,24NWLC16098,453117086676433984,"Collections Case - Purchased Debt (Charged Off Consumer Debt Purchased on or after January 1,2014)",102578463,2024-08-09 00:00:00.000,Declaration of Costs - CCP 1033,2,745319822056671873150265848278252313,Costs,CST010,declaration_24nwlc16098_102578463,
Collections,24NWLC16098,453117086676433984,"Collections Case - Purchased Debt (Charged Off Consumer Debt Purchased on or after January 1,2014)",102578464,2024-08-09 00:00:00.000,Request for Dismissal,2,1270299065519415908064941427479199407,Request,REQ070,,
Collections,24NWLC16098,453117086676433984,"Collections Case - Purchased Debt (Charged Off Consumer Debt Purchased on or after January 1,2014)",102578466,2024-08-09 00:00:00.000,Declaration (name extension),2,74626409043434828104703154446671922,Declaration,DEC010,declaration_24nwlc16098_102578466,https://drive.google.com/file/d/1RPdkSJSu3yV-_ifufHipBV1te_QCXA38/view?usp=drivesdk
Collections,24NWLC16098,453117086676433984,"Collections Case - Purchased Debt (Charged Off Consumer Debt Purchased on or after January 1,2014)",102578467,2024-08-09 00:00:00.000,Declaration (name extension),2,25846845118351288306974822080805709,Declaration,DEC010,declaration_24nwlc16098_102578467,https://drive.google.com/file/d/1-LuRoItW141uGvnXL5RWLti7YjhaXJLK/view?usp=drivesdk
Collections,24NWLC16098,453117086676433984,"Collections Case - Purchased Debt (Charged Off Consumer Debt Purchased on or after January 1,2014)",102578468,2024-08-09 00:00:00.000,Declaration re: Attorney's Fees,2,568583759038328559944527353819160454,Declaration,DEC080,declaration_24nwlc16098_102578468,
Collections,24NWLC16098,453117086676433984,"Collections Case - Purchased Debt (Charged Off Consumer Debt Purchased on or after January 1,2014)",102578465,2024-08-28 00:00:00.000,Judgment,2,633055705715572220223058231190084205,Judgment,JUD015,,
Collections,24NWLC17222,294487319012637696,"Collections Case - Purchased Debt (Charged Off Consumer Debt Purchased on or after January 1,2014)",100244767,2024-04-26 00:00:00.000,Complaint,2,1196143381399664114362843419139641377,Complaint,COM040,complaint_24nwlc17222_100244767,https://drive.google.com/file/d/1rcUcSji3_n2MZwo_6KYiptQUzoP5oV8E/view?usp=drivesdk
Collections,24NWLC17222,294487319012637696,"Collections Case - Purchased Debt (Charged Off Consumer Debt Purchased on or after January 1,2014)",100244768,2024-04-26 00:00:00.000,Civil Case Cover Sheet,2,238131935669016308595083616631048928,Miscellaneous,MISC020,,
Collections,24NWLC17222,294487319012637696,"Collections Case - Purchased Debt (Charged Off Consumer Debt Purchased on or after January 1,2014)",100244769,2024-04-26 00:00:00.000,Summons,2,1202898473752410549157053611030129916,Issuance,ISS030,,
Collections,24NWLC17222,294487319012637696,"Collections Case - Purchased Debt (Charged Off Consumer Debt Purchased on or after January 1,2014)",100244770,2024-04-26 00:00:00.000,Declaration in Support of Bus. & Prof. Code 6322.1(c)(1),2,1157647697627099277561498073835423997,Declaration,DEC075,declaration_24nwlc17222_100244770,
Collections,24NWLC17222,294487319012637696,"Collections Case - Purchased Debt (Charged Off Consumer Debt Purchased on or after January 1,2014)",100244771,2024-04-26 00:00:00.000,Declaration (name extension),2,183457841073869481324196756714617802,Declaration,DEC010,declaration_24nwlc17222_100244771,https://drive.google.com/file/d/1cLpWpDlzG09QlKh_CYKwN-UZIoMd9Lxr/view?usp=drivesdk
Collections,24NWLC17222,294487319012637696,"Collections Case - Purchased Debt (Charged Off Consumer Debt Purchased on or after January 1,2014)",100244774,2024-04-26 00:00:00.000,"Order to Show Cause Hearing/Case Management Review (Cal. Rules of Court, rule 3.740)",2,955343101488076644013363368405225212,Order to Show Cause,OSC030,,
Collections,24NWLC17222,294487319012637696,"Collections Case - Purchased Debt (Charged Off Consumer Debt Purchased on or after January 1,2014)",100244775,2024-04-26 00:00:00.000,Notice of Case Assignment - Limited Civil Case,2,74599696183807151383083413087126461,Notice,NTC040L,,
Collections,24NWLC17222,294487319012637696,"Collections Case - Purchased Debt (Charged Off Consumer Debt Purchased on or after January 1,2014)",100824292,2024-05-20 00:00:00.000,Proof of Service by Substituted Service,2,1092928012279260072896214531603633047,Proof of Service,POS160,,
Collections,24NWLC17222,294487319012637696,"Collections Case - Purchased Debt (Charged Off Consumer Debt Purchased on or after January 1,2014)",102410798,2024-07-26 00:00:00.000,Request for Entry of Default / Judgment,2,884491129710437441910281764642010765,Request,REQ080,request_for_default_judgment_24nwlc17222_102410798,https://drive.google.com/file/d/1KD5p28BRSMbxGmd0ccKh68Ow7LaeiwnP/view?usp=drivesdk
Collections,24NWLC17222,294487319012637696,"Collections Case - Purchased Debt (Charged Off Consumer Debt Purchased on or after January 1,2014)",102410799,2024-07-26 00:00:00.000,Request for Dismissal,2,204643273542916749114066862504989426,Request,REQ070,,
Collections,24NWLC17222,294487319012637696,"Collections Case - Purchased Debt (Charged Off Consumer Debt Purchased on or after January 1,2014)",102410800,2024-07-26 00:00:00.000,Declaration (name extension),2,992284802981045117413184051414442737,Declaration,DEC010,declaration_24nwlc17222_102410800,https://drive.google.com/file/d/1Gn3B_sMJIM4a6wacA1ZLvSP4HLNq2lnB/view?usp=drivesdk
Collections,24NWLC17222,294487319012637696,"Collections Case - Purchased Debt (Charged Off Consumer Debt Purchased on or after January 1,2014)",102410801,2024-07-26 00:00:00.000,Declaration (name extension),2,142563880472348993500781730684402931,Declaration,DEC010,declaration_24nwlc17222_102410801,https://drive.google.com/file/d/1XokM9T8c07wMdi2q-bMmJbbuoXyj1zxC/view?usp=drivesdk
Collections,24NWLC17222,294487319012637696,"Collections Case - Purchased Debt (Charged Off Consumer Debt Purchased on or after January 1,2014)",102410802,2024-07-26 00:00:00.000,Declaration of Costs - CCP 1033,2,499562680155468401739543330662007383,Costs,CST010,declaration_24nwlc17222_102410802,
Collections,24NWLC17222,294487319012637696,"Collections Case - Purchased Debt (Charged Off Consumer Debt Purchased on or after January 1,2014)",102410803,2024-07-26 00:00:00.000,Declaration re: Attorney's Fees,2,842594082361316693944188878891766061,Declaration,DEC080,declaration_24nwlc17222_102410803,
Collections,24NWLC17222,294487319012637696,"Collections Case - Purchased Debt (Charged Off Consumer Debt Purchased on or after January 1,2014)",102410804,2024-07-26 00:00:00.000,Declaration re: Due Diligence,2,624190332423845912921229870459531173,Proof of Service,POS070,declaration_24nwlc17222_102410804,
Collections,24NWLC17222,294487319012637696,"Collections Case - Purchased Debt (Charged Off Consumer Debt Purchased on or after January 1,2014)",102410805,2024-07-26 00:00:00.000,Declaration of Mailing,2,47252950738716076957667255845173588,Proof of Service,POS060,declaration_24nwlc17222_102410805,https://drive.google.com/file/d/1EuW_n4hWL0BpvD1ffDdNDJgzuB6GkW7r/view?usp=drivesdk
Collections,24NWLC17222,294487319012637696,"Collections Case - Purchased Debt (Charged Off Consumer Debt Purchased on or after January 1,2014)",102410806,2024-07-26 00:00:00.000,Declaration (name extension),2,302459160121797340482184192123410560,Declaration,DEC010,declaration_24nwlc17222_102410806,https://drive.google.com/file/d/1-yXv0oB2Xd196sbWPEa9erLQA5MJdRcx/view?usp=drivesdk
Collections,24NWLC17222,294487319012637696,"Collections Case - Purchased Debt (Charged Off Consumer Debt Purchased on or after January 1,2014)",102410807,2024-08-20 00:00:00.000,Judgment,2,132937422070191866670560065691841303,Judgment,JUD015,,
Collections,24NWLC17222,294487319012637696,"Collections Case - Purchased Debt (Charged Off Consumer Debt Purchased on or after January 1,2014)",107618597,2025-04-08 00:00:00.000,"Memorandum of Costs After Judgment, Acknowledgment of Credit, and Declaration of Accrued Interest",2,776827838723064427247460295252261535,Costs,CST040,declaration_24nwlc17222_107618597,
Collections,24NWLC17222,294487319012637696,"Collections Case - Purchased Debt (Charged Off Consumer Debt Purchased on or after January 1,2014)",107618596,2025-04-14 00:00:00.000,Writ of Execution,2,200842155442236567112041040643356677,Writ,WRIT030,,
Collections,24NWLC17378,453571388691011520,"Collections Case - Purchased Debt (Charged Off Consumer Debt Purchased on or after January 1,2014)",100260763,2024-04-26 00:00:00.000,Complaint,2,202223385213638862279224700715229694,Complaint,COM040,complaint_24nwlc17378_100260763,https://drive.google.com/file/d/1LXiWoB4905-06LHWjQMJrhGMaZwA26MG/view?usp=drivesdk
Collections,24NWLC17378,453571388691011520,"Collections Case - Purchased Debt (Charged Off Consumer Debt Purchased on or after January 1,2014)",100260764,2024-04-26 00:00:00.000,Summons,2,507802237947655825846412644835521677,Issuance,ISS030,,
Collections,24NWLC17378,453571388691011520,"Collections Case - Purchased Debt (Charged Off Consumer Debt Purchased on or after January 1,2014)",100260765,2024-04-26 00:00:00.000,Civil Case Cover Sheet,2,437370504024878569178572357570151804,Miscellaneous,MISC020,,
Collections,24NWLC17378,453571388691011520,"Collections Case - Purchased Debt (Charged Off Consumer Debt Purchased on or after January 1,2014)",100260766,2024-04-26 00:00:00.000,Declaration in Support of Bus. & Prof. Code 6322.1(c)(1),2,1143591313407889418368946709551984992,Declaration,DEC075,declaration_24nwlc17378_100260766,
Collections,24NWLC17378,453571388691011520,"Collections Case - Purchased Debt (Charged Off Consumer Debt Purchased on or after January 1,2014)",100260767,2024-04-26 00:00:00.000,Declaration (name extension),2,885605428610097550612521996060211350,Declaration,DEC010,declaration_24nwlc17378_100260767,https://drive.google.com/file/d/1oNAF89OMMpyoOr7O0lV4zYFqWrG_Ks6g/view?usp=drivesdk
Collections,24NWLC17378,453571388691011520,"Collections Case - Purchased Debt (Charged Off Consumer Debt Purchased on or after January 1,2014)",100260768,2024-04-26 00:00:00.000,"Order to Show Cause Hearing/Case Management Review (Cal. Rules of Court, rule 3.740)",2,798634073924176495354182138716443636,Order to Show Cause,OSC030,,
Collections,24NWLC17378,453571388691011520,"Collections Case - Purchased Debt (Charged Off Consumer Debt Purchased on or after January 1,2014)",100260769,2024-04-26 00:00:00.000,Notice of Case Assignment - Limited Civil Case,2,171000500642351611720068635241770811,Notice,NTC040L,,
Collections,24NWLC17378,453571388691011520,"Collections Case - Purchased Debt (Charged Off Consumer Debt Purchased on or after January 1,2014)",101143120,2024-06-05 00:00:00.000,Proof of Personal Service,2,1168542688650253043069376165111868248,Proof of Service,POS110,,
Collections,24NWLC17378,453571388691011520,"Collections Case - Purchased Debt (Charged Off Consumer Debt Purchased on or after January 1,2014)",101390492,2024-06-26 00:00:00.000,Motion to Dismiss,2,736952338974494899562199973792099543,Motion,MTN530,,
Collections,24NWLC17378,453571388691011520,"Collections Case - Purchased Debt (Charged Off Consumer Debt Purchased on or after January 1,2014)",101390493,2024-06-26 00:00:00.000,Request to Waive Court Fees,2,151020459185811981626752623727452964,Fee Waiver,FW001,,
Collections,24NWLC17378,453571388691011520,"Collections Case - Purchased Debt (Charged Off Consumer Debt Purchased on or after January 1,2014)",101390947,2024-06-26 00:00:00.000,Declaration of Notice,2,1164399990281825822824463982758964282,Declaration,DEC065,declaration_24nwlc17378_101390947,https://drive.google.com/file/d/1CgteD0_KHy1tNk48AluMx6nPyl4huktY/view?usp=drivesdk
Collections,24NWLC17378,453571388691011520,"Collections Case - Purchased Debt (Charged Off Consumer Debt Purchased on or after January 1,2014)",101419892,2024-06-27 00:00:00.000,Order on Court Fee Waiver (Superior Court),2,654430716880824689996575436287584025,Fee Waiver,FW003,,
Collections,24NWLC17378,453571388691011520,"Collections Case - Purchased Debt (Charged Off Consumer Debt Purchased on or after January 1,2014)",101589392,2024-07-02 00:00:00.000,Proof of Service by Mail,2,331681250473711271407680713248852608,Proof of Service,POS150,,
Collections,24NWLC17378,453571388691011520,"Collections Case - Purchased Debt (Charged Off Consumer Debt Purchased on or after January 1,2014)",102125321,2024-07-31 00:00:00.000,Motion to Dismiss,2,953173754296740619362115165158154466,Motion,MTN530,,
Collections,24NWLC17378,453571388691011520,"Collections Case - Purchased Debt (Charged Off Consumer Debt Purchased on or after January 1,2014)",102125380,2024-07-31 00:00:00.000,Exhibit List,2,545519946603611141815397558108345270,Trial,TRL030,,
Collections,24NWLC17378,453571388691011520,"Collections Case - Purchased Debt (Charged Off Consumer Debt Purchased on or after January 1,2014)",102125487,2024-07-31 00:00:00.000,Declaration (name extension),2,604643013892547138089246404042067600,Declaration,DEC010,declaration_24nwlc17378_102125487,https://drive.google.com/file/d/1I5riCei9HxM51R8UMQesP3UAjjASzEQR/view?usp=drivesdk
Collections,24NWLC17378,453571388691011520,"Collections Case - Purchased Debt (Charged Off Consumer Debt Purchased on or after January 1,2014)",102497769,2024-08-16 00:00:00.000,Notice of Motion,2,209159786057904279355247736451370441,Notice,NTC295,,
Collections,24NWLC17378,453571388691011520,"Collections Case - Purchased Debt (Charged Off Consumer Debt Purchased on or after January 1,2014)",102497827,2024-08-16 00:00:00.000,Exhibit List,2,541437426617883082473550655908123580,Trial,TRL030,,
Collections,24NWLC17378,453571388691011520,"Collections Case - Purchased Debt (Charged Off Consumer Debt Purchased on or after January 1,2014)",102497872,2024-08-16 00:00:00.000,Declaration (name extension),2,442007675464845427695881050039822097,Declaration,DEC010,declaration_24nwlc17378_102497872,https://drive.google.com/file/d/1d61b-VjA6Le3FJvKe_9n3IDxroLDAtVy/view?usp=drivesdk
Collections,24NWLC17378,453571388691011520,"Collections Case - Purchased Debt (Charged Off Consumer Debt Purchased on or after January 1,2014)",102497967,2024-08-16 00:00:00.000,Order (name extension),2,279048566911127999855056387969585935,Order,ORD010,,
Collections,24NWLC17378,453571388691011520,"Collections Case - Purchased Debt (Charged Off Consumer Debt Purchased on or after January 1,2014)",102497541,2024-08-19 00:00:00.000,Notice of Rejection - Pleadings,2,379004143573732999280011329971824670,Rejections,REJ100,,
Collections,24NWLC17378,453571388691011520,"Collections Case - Purchased Debt (Charged Off Consumer Debt Purchased on or after January 1,2014)",102543665,2024-08-21 00:00:00.000,Notice of Rejection - Pleadings,2,1264946623149262799959681109725319816,Rejections,REJ100,,
Collections,24NWLC17378,453571388691011520,"Collections Case - Purchased Debt (Charged Off Consumer Debt Purchased on or after January 1,2014)",103533205,2024-09-24 00:00:00.000,Proof of Personal Service,2,113909952423158185119914045097239250,Proof of Service,POS110,,
Collections,24NWLC17378,453571388691011520,"Collections Case - Purchased Debt (Charged Off Consumer Debt Purchased on or after January 1,2014)",103544644,2024-10-08 00:00:00.000,Minute Order,2,626717063766042161676622989981282694,Rulings,RUL010,,
Collections,24NWLC17378,453571388691011520,"Collections Case - Purchased Debt (Charged Off Consumer Debt Purchased on or after January 1,2014)",103544645,2024-10-08 00:00:00.000,Certificate of Mailing for,2,1150460857490975052816294100241855612,Certificate,CERT001,,
Collections,24NWLC17378,453571388691011520,"Collections Case - Purchased Debt (Charged Off Consumer Debt Purchased on or after January 1,2014)",104518807,2024-11-19 00:00:00.000,Proof of Personal Service,2,245918128756714015181337579531839846,Proof of Service,POS110,,
Collections,24NWLC17378,453571388691011520,"Collections Case - Purchased Debt (Charged Off Consumer Debt Purchased on or after January 1,2014)",105450951,2024-12-19 00:00:00.000,Request for Entry of Default / Judgment,2,941602084267623782329347439372078415,Request,REQ080,request_for_default_judgment_24nwlc17378_105450951,https://drive.google.com/file/d/1YaVdWSwPOAOArdW1qJbkHW1KaymE9MwY/view?usp=drivesdk
Collections,24NWLC17378,453571388691011520,"Collections Case - Purchased Debt (Charged Off Consumer Debt Purchased on or after January 1,2014)",105450952,2024-12-19 00:00:00.000,Declaration (name extension),2,267750677947465070621889581895998981,Declaration,DEC010,declaration_24nwlc17378_105450952,https://drive.google.com/file/d/1oPejaACvvU5oHtT1t5Qzm3LmYibT2ph7/view?usp=drivesdk
Collections,24NWLC17378,453571388691011520,"Collections Case - Purchased Debt (Charged Off Consumer Debt Purchased on or after January 1,2014)",105450953,2024-12-19 00:00:00.000,Declaration (name extension),2,769936337218521589052400445397938492,Declaration,DEC010,declaration_24nwlc17378_105450953,https://drive.google.com/file/d/1nnQMyV_X4iq4DheQKGtvVJLSh_IONQt5/view?usp=drivesdk
Collections,24NWLC17378,453571388691011520,"Collections Case - Purchased Debt (Charged Off Consumer Debt Purchased on or after January 1,2014)",105450954,2025-01-10 00:00:00.000,Default Judgment,2,1098142686640215940074016492823975629,Judgment,JUD020,,
Collections,24NWLC17378,453571388691011520,"Collections Case - Purchased Debt (Charged Off Consumer Debt Purchased on or after January 1,2014)",108044706,2025-05-02 00:00:00.000,Request to Waive Court Fees,2,801522515661854752531138517679054113,Fee Waiver,FW001,,
Collections,24NWLC17378,453571388691011520,"Collections Case - Purchased Debt (Charged Off Consumer Debt Purchased on or after January 1,2014)",108044707,2025-05-02 00:00:00.000,Order on Court Fee Waiver (Superior Court),2,26265162640369353560567380359670271,Fee Waiver,FW003,,
Collections,24NWLC17378,453571388691011520,"Collections Case - Purchased Debt (Charged Off Consumer Debt Purchased on or after January 1,2014)",108842804,2025-05-30 00:00:00.000,"Memorandum of Costs After Judgment, Acknowledgment of Credit, and Declaration of Accrued Interest",2,223808356096513948319940587958720286,Costs,CST040,declaration_24nwlc17378_108842804,
Collections,24NWLC17378,453571388691011520,"Collections Case - Purchased Debt (Charged Off Consumer Debt Purchased on or after January 1,2014)",108842803,2025-06-06 00:00:00.000,Writ of Execution,2,416211487225275106138735870560194390,Writ,WRIT030,,
Collections,24NWLC18994,1099080796559090432,"Collections Case - Purchased Debt (Charged Off Consumer Debt Purchased on or after January 1,2014)",100497655,2024-05-08 00:00:00.000,Complaint,2,1068968377696087917561292224403182468,Complaint,COM040,complaint_24nwlc18994_100497655,https://drive.google.com/file/d/1ZD4MgtncVl7e0HyguXJ3IEtwAhA3sleP/view?usp=drivesdk
Collections,24NWLC18994,1099080796559090432,"Collections Case - Purchased Debt (Charged Off Consumer Debt Purchased on or after January 1,2014)",100497656,2024-05-08 00:00:00.000,Summons,2,4512279282623242835717042481782500,Issuance,ISS030,,
Collections,24NWLC18994,1099080796559090432,"Collections Case - Purchased Debt (Charged Off Consumer Debt Purchased on or after January 1,2014)",100497657,2024-05-08 00:00:00.000,Civil Case Cover Sheet,2,1235273302961230617118721231679537942,Miscellaneous,MISC020,,
Collections,24NWLC18994,1099080796559090432,"Collections Case - Purchased Debt (Charged Off Consumer Debt Purchased on or after January 1,2014)",100497658,2024-05-08 00:00:00.000,Declaration (name extension),2,897440759639282026496186709359028082,Declaration,DEC010,declaration_24nwlc18994_100497658,https://drive.google.com/file/d/17So5lW0Pvx298mpCgIGSxemTno3awRS9/view?usp=drivesdk
Collections,24NWLC18994,1099080796559090432,"Collections Case - Purchased Debt (Charged Off Consumer Debt Purchased on or after January 1,2014)",100497659,2024-05-08 00:00:00.000,Declaration in Support of Bus. & Prof. Code 6322.1(c)(1),2,610541943117068982810317477791966736,Declaration,DEC075,declaration_24nwlc18994_100497659,
Collections,24NWLC18994,1099080796559090432,"Collections Case - Purchased Debt (Charged Off Consumer Debt Purchased on or after January 1,2014)",100497660,2024-05-08 00:00:00.000,"Order to Show Cause Hearing/Case Management Review (Cal. Rules of Court, rule 3.740)",2,185808867322191492484077960007906291,Order to Show Cause,OSC030,,
Collections,24NWLC18994,1099080796559090432,"Collections Case - Purchased Debt (Charged Off Consumer Debt Purchased on or after January 1,2014)",100497661,2024-05-08 00:00:00.000,Notice of Case Assignment - Limited Civil Case,2,954137268158946556193328554494054770,Notice,NTC040L,,
Collections,24NWLC18994,1099080796559090432,"Collections Case - Purchased Debt (Charged Off Consumer Debt Purchased on or after January 1,2014)",101090954,2024-06-05 00:00:00.000,Proof of Personal Service,2,176530399989303814094739496083993672,Proof of Service,POS110,,
Collections,24NWLC18994,1099080796559090432,"Collections Case - Purchased Debt (Charged Off Consumer Debt Purchased on or after January 1,2014)",102642319,2024-08-12 00:00:00.000,Request for Entry of Default / Judgment,2,846629251797425489883602662592274592,Request,REQ080,request_for_default_judgment_24nwlc18994_102642319,https://drive.google.com/file/d/1NGFOX7Xy-6N5hqU5X_DBnkaUibz--S2t/view?usp=drivesdk
Collections,24NWLC18994,1099080796559090432,"Collections Case - Purchased Debt (Charged Off Consumer Debt Purchased on or after January 1,2014)",102642320,2024-08-12 00:00:00.000,Declaration of Costs - CCP 1033,2,408725845893546618637748989788745366,Costs,CST010,declaration_24nwlc18994_102642320,
Collections,24NWLC18994,1099080796559090432,"Collections Case - Purchased Debt (Charged Off Consumer Debt Purchased on or after January 1,2014)",102642321,2024-08-12 00:00:00.000,Request for Dismissal,2,77028723842412184914932793823113888,Request,REQ070,,
Collections,24NWLC18994,1099080796559090432,"Collections Case - Purchased Debt (Charged Off Consumer Debt Purchased on or after January 1,2014)",102642323,2024-08-12 00:00:00.000,Declaration (name extension),2,73812397315072967591843682960042641,Declaration,DEC010,declaration_24nwlc18994_102642323,https://drive.google.com/file/d/1JwxsZzlnJDppVFiwtAuccOCGraPZBJYW/view?usp=drivesdk
Collections,24NWLC18994,1099080796559090432,"Collections Case - Purchased Debt (Charged Off Consumer Debt Purchased on or after January 1,2014)",102642324,2024-08-12 00:00:00.000,Declaration (name extension),2,1140514767643106341726944261498723445,Declaration,DEC010,declaration_24nwlc18994_102642324,https://drive.google.com/file/d/1TRa8V-9s-x67jSVBT3sZfweFc6TnLem-/view?usp=drivesdk
Collections,24NWLC18994,1099080796559090432,"Collections Case - Purchased Debt (Charged Off Consumer Debt Purchased on or after January 1,2014)",102642325,2024-08-12 00:00:00.000,Declaration re: Attorney's Fees,2,1090575762375056496125938215077613268,Declaration,DEC080,declaration_24nwlc18994_102642325,
Collections,24NWLC18994,1099080796559090432,"Collections Case - Purchased Debt (Charged Off Consumer Debt Purchased on or after January 1,2014)",102642322,2024-08-28 00:00:00.000,Judgment,2,17108731130410109537798731582818213,Judgment,JUD015,,
Collections,24NWLC19282,1085025540391876480,"Collections Case - Purchased Debt (Charged Off Consumer Debt Purchased on or after January 1,2014)",100536795,2024-05-10 00:00:00.000,Complaint,2,991378226067882355856799049698343313,Complaint,COM040,complaint_24nwlc19282_100536795,https://drive.google.com/file/d/1E3kB8xIHGHVTgBXb1Y_kaWx9tNZ0Xkcb/view?usp=drivesdk
Collections,24NWLC19282,1085025540391876480,"Collections Case - Purchased Debt (Charged Off Consumer Debt Purchased on or after January 1,2014)",100536796,2024-05-10 00:00:00.000,Civil Case Cover Sheet,2,426702277344857532676788040869254857,Miscellaneous,MISC020,,
Collections,24NWLC19282,1085025540391876480,"Collections Case - Purchased Debt (Charged Off Consumer Debt Purchased on or after January 1,2014)",100536797,2024-05-10 00:00:00.000,Summons,2,1072702649693913307659243667969916859,Issuance,ISS030,,
Collections,24NWLC19282,1085025540391876480,"Collections Case - Purchased Debt (Charged Off Consumer Debt Purchased on or after January 1,2014)",100536798,2024-05-10 00:00:00.000,Declaration in Support of Bus. & Prof. Code 6322.1(c)(1),2,456088174456754518759845360055369725,Declaration,DEC075,declaration_24nwlc19282_100536798,
Collections,24NWLC19282,1085025540391876480,"Collections Case - Purchased Debt (Charged Off Consumer Debt Purchased on or after January 1,2014)",100536799,2024-05-10 00:00:00.000,"Order to Show Cause Hearing/Case Management Review (Cal. Rules of Court, rule 3.740)",2,1282912391911119288131024977864923607,Order to Show Cause,OSC030,,
Collections,24NWLC19282,1085025540391876480,"Collections Case - Purchased Debt (Charged Off Consumer Debt Purchased on or after January 1,2014)",100536800,2024-05-10 00:00:00.000,Notice of Case Assignment - Limited Civil Case,2,273049170543082956055101448265281718,Notice,NTC040L,,
Collections,24NWLC19282,1085025540391876480,"Collections Case - Purchased Debt (Charged Off Consumer Debt Purchased on or after January 1,2014)",101195645,2024-06-11 00:00:00.000,Proof of Service by Substituted Service,2,742444849801172295656468599242484418,Proof of Service,POS160,,
Collections,24NWLC19282,1085025540391876480,"Collections Case - Purchased Debt (Charged Off Consumer Debt Purchased on or after January 1,2014)",102792809,2024-08-19 00:00:00.000,Request for Dismissal,2,1189807714684570630617286111615900653,Request,REQ070,,
Collections,24NWLC19282,1085025540391876480,"Collections Case - Purchased Debt (Charged Off Consumer Debt Purchased on or after January 1,2014)",102792810,2024-08-19 00:00:00.000,Declaration (name extension),2,916665282828790177811717348104915434,Declaration,DEC010,declaration_24nwlc19282_102792810,https://drive.google.com/file/d/1vVhtjLFub3Yrm7FHyDXUNUvEVpiDsCsg/view?usp=drivesdk
Collections,24NWLC19282,1085025540391876480,"Collections Case - Purchased Debt (Charged Off Consumer Debt Purchased on or after January 1,2014)",102792812,2024-08-19 00:00:00.000,Request for Entry of Default / Judgment,2,678969295904196069748595761203472847,Request,REQ080,request_for_default_judgment_24nwlc19282_102792812,https://drive.google.com/file/d/1--9RRV_v0ZIIvJvNm9ftJHY8oQMe8pNM/view?usp=drivesdk
Collections,24NWLC19282,1085025540391876480,"Collections Case - Purchased Debt (Charged Off Consumer Debt Purchased on or after January 1,2014)",102792813,2024-08-19 00:00:00.000,Declaration (name extension),2,930054979870132717905230578992190290,Declaration,DEC010,declaration_24nwlc19282_102792813,https://drive.google.com/file/d/1-7TC_x_v82o1CextBWmgRJ1PB4djKL7a/view?usp=drivesdk
Collections,24NWLC19282,1085025540391876480,"Collections Case - Purchased Debt (Charged Off Consumer Debt Purchased on or after January 1,2014)",102792811,2024-09-04 00:00:00.000,Default Judgment,2,525614127441376385108367619244773745,Judgment,JUD020,,
Collections,24NWLC20213,834816972746612224,"Collections Case - Purchased Debt (Charged Off Consumer Debt Purchased on or after January 1,2014)",100646808,2024-05-16 00:00:00.000,Complaint,2,1228023240514585591556269108884219474,Complaint,COM040,complaint_24nwlc20213_100646808,https://drive.google.com/file/d/1wQaBbmmWaDDz2rkN3MT7us9T8WlKO0s9/view?usp=drivesdk
Collections,24NWLC20213,834816972746612224,"Collections Case - Purchased Debt (Charged Off Consumer Debt Purchased on or after January 1,2014)",100646809,2024-05-16 00:00:00.000,Civil Case Cover Sheet,2,135435938868460394681534237260475417,Miscellaneous,MISC020,,
Collections,24NWLC20213,834816972746612224,"Collections Case - Purchased Debt (Charged Off Consumer Debt Purchased on or after January 1,2014)",100646810,2024-05-16 00:00:00.000,Declaration in Support of Bus. & Prof. Code 6322.1(c)(1),2,1305374822475857386551413763658839647,Declaration,DEC075,declaration_24nwlc20213_100646810,
Collections,24NWLC20213,834816972746612224,"Collections Case - Purchased Debt (Charged Off Consumer Debt Purchased on or after January 1,2014)",100646811,2024-05-16 00:00:00.000,Summons,2,1054923120764031896381620218463278046,Issuance,ISS030,,
Collections,24NWLC20213,834816972746612224,"Collections Case - Purchased Debt (Charged Off Consumer Debt Purchased on or after January 1,2014)",100646812,2024-05-16 00:00:00.000,"Order to Show Cause Hearing/Case Management Review (Cal. Rules of Court, rule 3.740)",2,1204692407127371265006603217600738235,Order to Show Cause,OSC030,,
Collections,24NWLC20213,834816972746612224,"Collections Case - Purchased Debt (Charged Off Consumer Debt Purchased on or after January 1,2014)",100646813,2024-05-16 00:00:00.000,Notice of Case Assignment - Limited Civil Case,2,590864856364528962662354492131157718,Notice,NTC040L,,
Collections,24NWLC20213,834816972746612224,"Collections Case - Purchased Debt (Charged Off Consumer Debt Purchased on or after January 1,2014)",101099298,2024-06-05 00:00:00.000,Proof of Service by Substituted Service,2,311534348248081199661160176099793750,Proof of Service,POS160,,
Collections,24NWLC20213,834816972746612224,"Collections Case - Purchased Debt (Charged Off Consumer Debt Purchased on or after January 1,2014)",103762178,2024-10-09 00:00:00.000,Request for Dismissal,2,424583430403535388577018770085347278,Request,REQ070,,
Collections,24NWLC20213,834816972746612224,"Collections Case - Purchased Debt (Charged Off Consumer Debt Purchased on or after January 1,2014)",103762179,2024-10-09 00:00:00.000,Request for Entry of Default / Judgment,2,368364652458253627902340520063802402,Request,REQ080,request_for_default_judgment_24nwlc20213_103762179,https://drive.google.com/file/d/1CgVgTcRMz-X-TBxqQJAZMy1Gt7fazNWq/view?usp=drivesdk
Collections,24NWLC20213,834816972746612224,"Collections Case - Purchased Debt (Charged Off Consumer Debt Purchased on or after January 1,2014)",103762181,2024-10-09 00:00:00.000,Declaration (name extension),2,229620631874506475712289264283714339,Declaration,DEC010,declaration_24nwlc20213_103762181,https://drive.google.com/file/d/17BHmjaCHx92nj_hcrDnbP5rrBqt2vL92/view?usp=drivesdk
Collections,24NWLC20213,834816972746612224,"Collections Case - Purchased Debt (Charged Off Consumer Debt Purchased on or after January 1,2014)",103762182,2024-10-09 00:00:00.000,Declaration (name extension),2,1085868135762305495679588343069902707,Declaration,DEC010,declaration_24nwlc20213_103762182,https://drive.google.com/file/d/1mzoUURg7vAnysJcVmPkc0VSa9W2XdYOW/view?usp=drivesdk
Collections,24NWLC20213,834816972746612224,"Collections Case - Purchased Debt (Charged Off Consumer Debt Purchased on or after January 1,2014)",103762180,2024-10-29 00:00:00.000,Default Judgment,2,130629152075960466941262801595693550,Judgment,JUD020,,
Collections,24NWLC20213,834816972746612224,"Collections Case - Purchased Debt (Charged Off Consumer Debt Purchased on or after January 1,2014)",105617444,2025-01-15 00:00:00.000,Abstract of Judgment - Civil and Small Claims,2,452654513536991196697465421765395097,Post Judgment,PJ010,,
Collections,24NWLC21153,389936713559045312,"Collections Case - Purchased Debt (Charged Off Consumer Debt Purchased on or after January 1,2014)",100760976,2024-05-21 00:00:00.000,Complaint,2,842780787920170278092429092849158799,Complaint,COM040,complaint_24nwlc21153_100760976,https://drive.google.com/file/d/1LBHMwAQYwV7sHali_MtDZXAd5URd8IZl/view?usp=drivesdk
Collections,24NWLC21153,389936713559045312,"Collections Case - Purchased Debt (Charged Off Consumer Debt Purchased on or after January 1,2014)",100760977,2024-05-21 00:00:00.000,Civil Case Cover Sheet,2,133021055992390553747998270028433411,Miscellaneous,MISC020,,
Collections,24NWLC21153,389936713559045312,"Collections Case - Purchased Debt (Charged Off Consumer Debt Purchased on or after January 1,2014)",100760978,2024-05-21 00:00:00.000,Summons,2,998192263448393624706599314492796343,Issuance,ISS030,,
Collections,24NWLC21153,389936713559045312,"Collections Case - Purchased Debt (Charged Off Consumer Debt Purchased on or after January 1,2014)",100760979,2024-05-21 00:00:00.000,Declaration (name extension),2,1321515188692018522661227441298834910,Declaration,DEC010,declaration_24nwlc21153_100760979,https://drive.google.com/file/d/1VMpiEHX87SXyh4f2worfVRO43JBbGnJR/view?usp=drivesdk
Collections,24NWLC21153,389936713559045312,"Collections Case - Purchased Debt (Charged Off Consumer Debt Purchased on or after January 1,2014)",100760980,2024-05-21 00:00:00.000,"Order to Show Cause Hearing/Case Management Review (Cal. Rules of Court, rule 3.740)",2,1132141230136092671978821457885124731,Order to Show Cause,OSC030,,
Collections,24NWLC21153,389936713559045312,"Collections Case - Purchased Debt (Charged Off Consumer Debt Purchased on or after January 1,2014)",100760981,2024-05-21 00:00:00.000,Notice of Case Assignment - Limited Civil Case,2,1178141472174700646381467630052084465,Notice,NTC040L,,
Collections,24NWLC21153,389936713559045312,"Collections Case - Purchased Debt (Charged Off Consumer Debt Purchased on or after January 1,2014)",101447198,2024-06-14 00:00:00.000,Proof of Service by Substituted Service,2,1104350299205947390069975999145798252,Proof of Service,POS160,,
Collections,24NWLC21153,389936713559045312,"Collections Case - Purchased Debt (Charged Off Consumer Debt Purchased on or after January 1,2014)",104016971,2024-10-18 00:00:00.000,Request for Entry of Default / Judgment,2,67262281920558346118180682897523159,Request,REQ080,request_for_default_judgment_24nwlc21153_104016971,https://drive.google.com/file/d/1dz6epQABUdFjlZVfguTRpp8qEVexZQRj/view?usp=drivesdk
Collections,24NWLC21153,389936713559045312,"Collections Case - Purchased Debt (Charged Off Consumer Debt Purchased on or after January 1,2014)",104016973,2024-10-18 00:00:00.000,Declaration (name extension),2,1247767541534553294520139188461930747,Declaration,DEC010,declaration_24nwlc21153_104016973,https://drive.google.com/file/d/1xh1L3HK2IQ9foEvWx1RUSjZlFHV2DIbG/view?usp=drivesdk
Collections,24NWLC21153,389936713559045312,"Collections Case - Purchased Debt (Charged Off Consumer Debt Purchased on or after January 1,2014)",104016974,2024-10-18 00:00:00.000,Declaration (name extension),2,1022318765081874583098724956301417138,Declaration,DEC010,declaration_24nwlc21153_104016974,https://drive.google.com/file/d/15s-xdWthS_FDb7uO_vWpd4Byq86kx_R9/view?usp=drivesdk
Collections,24NWLC21153,389936713559045312,"Collections Case - Purchased Debt (Charged Off Consumer Debt Purchased on or after January 1,2014)",104016975,2024-10-18 00:00:00.000,Declaration re: Attorney's Fees,2,546140944068394683204061520467735827,Declaration,DEC080,declaration_24nwlc21153_104016975,
Collections,24NWLC21153,389936713559045312,"Collections Case - Purchased Debt (Charged Off Consumer Debt Purchased on or after January 1,2014)",104016976,2024-10-18 00:00:00.000,Declaration of Costs - CCP 1033,2,372104602514981308941968361627669120,Costs,CST010,declaration_24nwlc21153_104016976,
Collections,24NWLC21153,389936713559045312,"Collections Case - Purchased Debt (Charged Off Consumer Debt Purchased on or after January 1,2014)",104016977,2024-10-18 00:00:00.000,Request for Dismissal,2,909323403194132545776432671639943800,Request,REQ070,,
Collections,24NWLC21153,389936713559045312,"Collections Case - Purchased Debt (Charged Off Consumer Debt Purchased on or after January 1,2014)",104016972,2024-10-31 00:00:00.000,Judgment,2,597642005839116931968836813453433681,Judgment,JUD015,,
Collections,24NWLC21153,389936713559045312,"Collections Case - Purchased Debt (Charged Off Consumer Debt Purchased on or after January 1,2014)",108126323,2025-04-30 00:00:00.000,"Memorandum of Costs After Judgment, Acknowledgment of Credit, and Declaration of Accrued Interest",2,282597009248528455541821967249355875,Costs,CST040,declaration_24nwlc21153_108126323,
Collections,24NWLC21153,389936713559045312,"Collections Case - Purchased Debt (Charged Off Consumer Debt Purchased on or after January 1,2014)",108126322,2025-05-06 00:00:00.000,Writ of Execution,2,817906647364125468621317480766083700,Writ,WRIT030,,
Collections,24NWLC21153,389936713559045312,"Collections Case - Purchased Debt (Charged Off Consumer Debt Purchased on or after January 1,2014)",109062275,2025-06-04 00:00:00.000,Declaration (name extension),2,5974302404776484949054901470814443,Declaration,DEC010,declaration_24nwlc21153_109062275,https://drive.google.com/file/d/1DBKnhmzk_ee1GURO-oF8N4B1M0umKmgV/view?usp=drivesdk
Collections,24NWLC26005,226209406601353728,"Collections Case - Purchased Debt (Charged Off Consumer Debt Purchased on or after January 1,2014)",101320281,2024-06-14 00:00:00.000,Complaint,2,939480975114839168523630369622414103,Complaint,COM040,complaint_24nwlc26005_101320281,https://drive.google.com/file/d/1_zma54by9nAdybr8Vx17Q3cX9ZfvgalL/view?usp=drivesdk
Collections,24NWLC26005,226209406601353728,"Collections Case - Purchased Debt (Charged Off Consumer Debt Purchased on or after January 1,2014)",101320282,2024-06-14 00:00:00.000,Declaration in Support of Bus. & Prof. Code 6322.1(c)(1),2,1259099531638085583717568862031839321,Declaration,DEC075,declaration_24nwlc26005_101320282,
Collections,24NWLC26005,226209406601353728,"Collections Case - Purchased Debt (Charged Off Consumer Debt Purchased on or after January 1,2014)",101320283,2024-06-14 00:00:00.000,Declaration (name extension),2,514436597101170829170534896790287158,Declaration,DEC010,declaration_24nwlc26005_101320283,https://drive.google.com/file/d/1KitJsNAupNm0lHVVHn3V5hUSqbd5HysO/view?usp=drivesdk
Collections,24NWLC26005,226209406601353728,"Collections Case - Purchased Debt (Charged Off Consumer Debt Purchased on or after January 1,2014)",101320284,2024-06-14 00:00:00.000,Civil Case Cover Sheet,2,270220938263586810894605169445036259,Miscellaneous,MISC020,,
Collections,24NWLC26005,226209406601353728,"Collections Case - Purchased Debt (Charged Off Consumer Debt Purchased on or after January 1,2014)",101320285,2024-06-14 00:00:00.000,Summons,2,420211599014211107780198993620149298,Issuance,ISS030,,
Collections,24NWLC26005,226209406601353728,"Collections Case - Purchased Debt (Charged Off Consumer Debt Purchased on or after January 1,2014)",101320286,2024-06-14 00:00:00.000,"Order to Show Cause Hearing/Case Management Review (Cal. Rules of Court, rule 3.740)",2,1039869863044254415550424014960036369,Order to Show Cause,OSC030,,
Collections,24NWLC26005,226209406601353728,"Collections Case - Purchased Debt (Charged Off Consumer Debt Purchased on or after January 1,2014)",101320287,2024-06-14 00:00:00.000,Notice of Case Assignment - Limited Civil Case,2,953011935746485756006500856806336357,Notice,NTC040L,,
Collections,24NWLC26005,226209406601353728,"Collections Case - Purchased Debt (Charged Off Consumer Debt Purchased on or after January 1,2014)",101707956,2024-07-01 00:00:00.000,Proof of Personal Service,2,97724225272541533881505517754964101,Proof of Service,POS110,,
Collections,24NWLC26005,226209406601353728,"Collections Case - Purchased Debt (Charged Off Consumer Debt Purchased on or after January 1,2014)",106792615,2025-03-06 00:00:00.000,Request for Entry of Default / Judgment,2,600136408970894853755385474598739553,Request,REQ080,request_for_default_judgment_24nwlc26005_106792615,https://drive.google.com/file/d/13o3lGRo6XvW7hR03Hx0dC3hAtJ6OnJRS/view?usp=drivesdk
Collections,24NWLC26005,226209406601353728,"Collections Case - Purchased Debt (Charged Off Consumer Debt Purchased on or after January 1,2014)",106792616,2025-03-06 00:00:00.000,Declaration (name extension),2,1136599327521809431210363579264972945,Declaration,DEC010,declaration_24nwlc26005_106792616,https://drive.google.com/file/d/1fFcjzPtuEBjEmypn22uF5lL43cNL3dbX/view?usp=drivesdk
Collections,24NWLC26005,226209406601353728,"Collections Case - Purchased Debt (Charged Off Consumer Debt Purchased on or after January 1,2014)",106792617,2025-03-06 00:00:00.000,Declaration re: Attorney's Fees,2,720794871000133718237461487474946013,Declaration,DEC080,declaration_24nwlc26005_106792617,
Collections,24NWLC26005,226209406601353728,"Collections Case - Purchased Debt (Charged Off Consumer Debt Purchased on or after January 1,2014)",106792618,2025-03-06 00:00:00.000,Declaration (name extension),2,696575331144727523470968165650894344,Declaration,DEC010,declaration_24nwlc26005_106792618,https://drive.google.com/file/d/1v3nJATCwSIT5kuh_CrLxPpLPlfjkhAS0/view?usp=drivesdk
Collections,24NWLC26005,226209406601353728,"Collections Case - Purchased Debt (Charged Off Consumer Debt Purchased on or after January 1,2014)",106792620,2025-03-06 00:00:00.000,Declaration (name extension),2,1278820981908272872913058619996767626,Declaration,DEC010,declaration_24nwlc26005_106792620,https://drive.google.com/file/d/1j__9lWa8QsNmqaPYyRIlXIkYmvJ1Ox0X/view?usp=drivesdk
Collections,24NWLC26005,226209406601353728,"Collections Case - Purchased Debt (Charged Off Consumer Debt Purchased on or after January 1,2014)",106792622,2025-03-06 00:00:00.000,Request for Dismissal,2,1153240275053281927381765593971653630,Request,REQ070,,
Collections,24NWLC26005,226209406601353728,"Collections Case - Purchased Debt (Charged Off Consumer Debt Purchased on or after January 1,2014)",106792621,2025-03-18 00:00:00.000,Default Judgment,2,1308208982812919760403997691946588639,Judgment,JUD020,,
Collections,24NWLC27012,1096561267410409088,"Collections Case - Purchased Debt (Charged Off Consumer Debt Purchased on or after January 1,2014)",101455582,2024-06-18 00:00:00.000,Complaint,2,662898345207569372634065270110813172,Complaint,COM040,complaint_24nwlc27012_101455582,https://drive.google.com/file/d/1Weum3jgDloOTtanJ96-6ZIEq_gXC_gg9/view?usp=drivesdk
Collections,24NWLC27012,1096561267410409088,"Collections Case - Purchased Debt (Charged Off Consumer Debt Purchased on or after January 1,2014)",101455583,2024-06-18 00:00:00.000,Declaration in Support of Bus. & Prof. Code 6322.1(c)(1),2,357785188608413984309420501023486067,Declaration,DEC075,declaration_24nwlc27012_101455583,
Collections,24NWLC27012,1096561267410409088,"Collections Case - Purchased Debt (Charged Off Consumer Debt Purchased on or after January 1,2014)",101455584,2024-06-18 00:00:00.000,Civil Case Cover Sheet,2,968307341881904633696739905479140244,Miscellaneous,MISC020,,
Collections,24NWLC27012,1096561267410409088,"Collections Case - Purchased Debt (Charged Off Consumer Debt Purchased on or after January 1,2014)",101455585,2024-06-18 00:00:00.000,Summons,2,518639130869674964159557999965941614,Issuance,ISS030,,
Collections,24NWLC27012,1096561267410409088,"Collections Case - Purchased Debt (Charged Off Consumer Debt Purchased on or after January 1,2014)",101455586,2024-06-18 00:00:00.000,"Order to Show Cause Hearing/Case Management Review (Cal. Rules of Court, rule 3.740)",2,27489474324086078162532044966866367,Order to Show Cause,OSC030,,
Collections,24NWLC27012,1096561267410409088,"Collections Case - Purchased Debt (Charged Off Consumer Debt Purchased on or after January 1,2014)",101455587,2024-06-18 00:00:00.000,Notice of Case Assignment - Limited Civil Case,2,1267852127861625001914678052136524925,Notice,NTC040L,,
Collections,24NWLC27012,1096561267410409088,"Collections Case - Purchased Debt (Charged Off Consumer Debt Purchased on or after January 1,2014)",102137733,2024-07-24 00:00:00.000,Proof of Personal Service,2,513378217081733101609462019378151944,Proof of Service,POS110,,
Collections,24NWLC27012,1096561267410409088,"Collections Case - Purchased Debt (Charged Off Consumer Debt Purchased on or after January 1,2014)",104805645,2024-11-20 00:00:00.000,Request for Entry of Default / Judgment,2,594430478081276109927916269697615078,Request,REQ080,request_for_default_judgment_24nwlc27012_104805645,https://drive.google.com/file/d/14yoceM3KCaZ0SsLTEtK7sDphz4PmqT8T/view?usp=drivesdk
Collections,24NWLC27012,1096561267410409088,"Collections Case - Purchased Debt (Charged Off Consumer Debt Purchased on or after January 1,2014)",104805648,2024-11-20 00:00:00.000,Declaration of Costs - CCP 1033,2,1116449144254057738212326530274726347,Costs,CST010,declaration_24nwlc27012_104805648,
Collections,24NWLC27012,1096561267410409088,"Collections Case - Purchased Debt (Charged Off Consumer Debt Purchased on or after January 1,2014)",104805649,2024-11-20 00:00:00.000,Declaration Pursuant to 585 CCP in Support of Default Judgment,2,159420067060711168629822704015576835,Declaration,DEC071,declaration_24nwlc27012_104805649,https://drive.google.com/file/d/1_Pw68XiYn1_B3HcYoRX46ozfyJHlOH3n/view?usp=drivesdk
Collections,24NWLC27012,1096561267410409088,"Collections Case - Purchased Debt (Charged Off Consumer Debt Purchased on or after January 1,2014)",104805646,2024-12-11 00:00:00.000,Judgment,2,1102808752487603789679517661426794881,Judgment,JUD015,,
Collections,24NWLC27012,1096561267410409088,"Collections Case - Purchased Debt (Charged Off Consumer Debt Purchased on or after January 1,2014)",106175897,2025-02-10 00:00:00.000,Abstract of Judgment - Civil and Small Claims,2,773200588028300048317196768132386240,Post Judgment,PJ010,,
Collections,24NWLC27301,142288450428343216,"Collections Case - Purchased Debt (Charged Off Consumer Debt Purchased on or after January 1,2014)",101489451,2024-06-21 00:00:00.000,Complaint,2,293201326518814135135562637456783029,Complaint,COM040,complaint_24nwlc27301_101489451,https://drive.google.com/file/d/1EFqLwfpeDLC9YSfF5ztEmGHq3wcehWRS/view?usp=drivesdk
Collections,24NWLC27301,142288450428343216,"Collections Case - Purchased Debt (Charged Off Consumer Debt Purchased on or after January 1,2014)",101489452,2024-06-21 00:00:00.000,Declaration (name extension),2,579558037267342327203240291470150432,Declaration,DEC010,declaration_24nwlc27301_101489452,https://drive.google.com/file/d/1ANHkTAQj7v5F3TuM-lpmNAlcRGULJAaS/view?usp=drivesdk
Collections,24NWLC27301,142288450428343216,"Collections Case - Purchased Debt (Charged Off Consumer Debt Purchased on or after January 1,2014)",101489453,2024-06-21 00:00:00.000,Declaration in Support of Bus. & Prof. Code 6322.1(c)(1),2,383231051531227273980263106386249339,Declaration,DEC075,declaration_24nwlc27301_101489453,
Collections,24NWLC27301,142288450428343216,"Collections Case - Purchased Debt (Charged Off Consumer Debt Purchased on or after January 1,2014)",101489454,2024-06-21 00:00:00.000,Summons,2,1259985098280399655148077802203806907,Issuance,ISS030,,
Collections,24NWLC27301,142288450428343216,"Collections Case - Purchased Debt (Charged Off Consumer Debt Purchased on or after January 1,2014)",101489455,2024-06-21 00:00:00.000,Civil Case Cover Sheet,2,167404557563226049553908344709233931,Miscellaneous,MISC020,,
Collections,24NWLC27301,142288450428343216,"Collections Case - Purchased Debt (Charged Off Consumer Debt Purchased on or after January 1,2014)",101489457,2024-06-21 00:00:00.000,"Order to Show Cause Hearing/Case Management Review (Cal. Rules of Court, rule 3.740)",2,996988821445391970289418416172167644,Order to Show Cause,OSC030,,
Collections,24NWLC27301,142288450428343216,"Collections Case - Purchased Debt (Charged Off Consumer Debt Purchased on or after January 1,2014)",101489458,2024-06-21 00:00:00.000,Notice of Case Assignment - Limited Civil Case,2,1244984193253453216802893382051299668,Notice,NTC040L,,
Collections,24NWLC27301,142288450428343216,"Collections Case - Purchased Debt (Charged Off Consumer Debt Purchased on or after January 1,2014)",101800555,2024-07-08 00:00:00.000,Proof of Personal Service,2,1293554526167403141231102265225542137,Proof of Service,POS110,,
Collections,24NWLC27301,142288450428343216,"Collections Case - Purchased Debt (Charged Off Consumer Debt Purchased on or after January 1,2014)",104265066,2024-10-31 00:00:00.000,Request for Entry of Default / Judgment,2,869892946504826467734473724464452918,Request,REQ080,request_for_default_judgment_24nwlc27301_104265066,https://drive.google.com/file/d/1-SMEUZUJfOxeEPZNKjfoz0lihKgxG77J/view?usp=drivesdk
Collections,24NWLC27301,142288450428343216,"Collections Case - Purchased Debt (Charged Off Consumer Debt Purchased on or after January 1,2014)",104265067,2024-10-31 00:00:00.000,Declaration re: Attorney's Fees,2,563557111046834418903966055695695051,Declaration,DEC080,declaration_24nwlc27301_104265067,
Collections,24NWLC27301,142288450428343216,"Collections Case - Purchased Debt (Charged Off Consumer Debt Purchased on or after January 1,2014)",104265068,2024-10-31 00:00:00.000,Declaration of Costs - CCP 1033,2,941557457132606622805610927469388203,Costs,CST010,declaration_24nwlc27301_104265068,
Collections,24NWLC27301,142288450428343216,"Collections Case - Purchased Debt (Charged Off Consumer Debt Purchased on or after January 1,2014)",104265069,2024-10-31 00:00:00.000,Request for Dismissal,2,402429827506142780824941234169473185,Request,REQ070,,
Collections,24NWLC27301,142288450428343216,"Collections Case - Purchased Debt (Charged Off Consumer Debt Purchased on or after January 1,2014)",104265071,2024-10-31 00:00:00.000,Declaration (name extension),2,1005418767695683865245250295898512874,Declaration,DEC010,declaration_24nwlc27301_104265071,https://drive.google.com/file/d/10RWTwRQfwKJj7nKJ2KhX-spYiT0NUrdE/view?usp=drivesdk
Collections,24NWLC27301,142288450428343216,"Collections Case - Purchased Debt (Charged Off Consumer Debt Purchased on or after January 1,2014)",104265072,2024-10-31 00:00:00.000,Declaration (name extension),2,1125317152611595499448208402780124012,Declaration,DEC010,declaration_24nwlc27301_104265072,https://drive.google.com/file/d/1yqVbr_wsIjWYGP6ZCZ-PeNOEx6LTEfCT/view?usp=drivesdk
Collections,24NWLC27301,142288450428343216,"Collections Case - Purchased Debt (Charged Off Consumer Debt Purchased on or after January 1,2014)",104265070,2024-11-18 00:00:00.000,Judgment,2,847440725368432571777323400015501161,Judgment,JUD015,,
Collections,24NWLC27350,646299251503352576,"Collections Case - Purchased Debt (Charged Off Consumer Debt Purchased on or after January 1,2014)",101494710,2024-06-24 00:00:00.000,Complaint,2,640180272529674236363215098460131242,Complaint,COM040,complaint_24nwlc27350_101494710,https://drive.google.com/file/d/1xFsCcwQBknI2FG0cOxR4z0j0UWTD5NNs/view?usp=drivesdk
Collections,24NWLC27350,646299251503352576,"Collections Case - Purchased Debt (Charged Off Consumer Debt Purchased on or after January 1,2014)",101494711,2024-06-24 00:00:00.000,Civil Case Cover Sheet,2,379084571341250507699739411620878688,Miscellaneous,MISC020,,
Collections,24NWLC27350,646299251503352576,"Collections Case - Purchased Debt (Charged Off Consumer Debt Purchased on or after January 1,2014)",101494712,2024-06-24 00:00:00.000,Declaration in Support of Bus. & Prof. Code 6322.1(c)(1),2,301106952062954270895697262844237355,Declaration,DEC075,declaration_24nwlc27350_101494712,
Collections,24NWLC27350,646299251503352576,"Collections Case - Purchased Debt (Charged Off Consumer Debt Purchased on or after January 1,2014)",101494713,2024-06-24 00:00:00.000,Summons,2,633191915065303206912557872842624543,Issuance,ISS030,,
Collections,24NWLC27350,646299251503352576,"Collections Case - Purchased Debt (Charged Off Consumer Debt Purchased on or after January 1,2014)",101494714,2024-06-24 00:00:00.000,"Order to Show Cause Hearing/Case Management Review (Cal. Rules of Court, rule 3.740)",2,477010341166803998295829634823668040,Order to Show Cause,OSC030,,
Collections,24NWLC27350,646299251503352576,"Collections Case - Purchased Debt (Charged Off Consumer Debt Purchased on or after January 1,2014)",101494715,2024-06-24 00:00:00.000,Notice of Case Assignment - Limited Civil Case,2,964571992476098716118695790782950827,Notice,NTC040L,,
Collections,24NWLC27350,646299251503352576,"Collections Case - Purchased Debt (Charged Off Consumer Debt Purchased on or after January 1,2014)",102167816,2024-07-24 00:00:00.000,Proof of Service by Substituted Service,2,767435583326554008515484371324055181,Proof of Service,POS160,,
Collections,24NWLC27350,646299251503352576,"Collections Case - Purchased Debt (Charged Off Consumer Debt Purchased on or after January 1,2014)",103557359,2024-09-25 00:00:00.000,"Declaration of Interest, Costs and Attorney Fees",2,794011348768261862426277163153339253,Costs,CST020,declaration_24nwlc27350_103557359,
Collections,24NWLC27350,646299251503352576,"Collections Case - Purchased Debt (Charged Off Consumer Debt Purchased on or after January 1,2014)",103557360,2024-09-25 00:00:00.000,Request for Entry of Default / Judgment,2,8068002642340835924779910390170236,Request,REQ080,request_for_default_judgment_24nwlc27350_103557360,https://drive.google.com/file/d/1iuzRVM-kqjHLmpWy9Ahei4qN-ZmSLclW/view?usp=drivesdk
Collections,24NWLC27350,646299251503352576,"Collections Case - Purchased Debt (Charged Off Consumer Debt Purchased on or after January 1,2014)",103557361,2024-09-25 00:00:00.000,Declaration Pursuant to 585 CCP in Support of Default Judgment,2,37731349718223012490318218530477394,Declaration,DEC071,declaration_24nwlc27350_103557361,https://drive.google.com/file/d/1jzq6-pOQGNorgMIg-G8hOLDv9oMIGoLe/view?usp=drivesdk
Collections,24NWLC27350,646299251503352576,"Collections Case - Purchased Debt (Charged Off Consumer Debt Purchased on or after January 1,2014)",103557358,2024-10-11 00:00:00.000,Default Judgment,2,1202912473191780185088262503659417166,Judgment,JUD020,,
Collections,24NWLC27350,646299251503352576,"Collections Case - Purchased Debt (Charged Off Consumer Debt Purchased on or after January 1,2014)",105325226,2024-12-31 00:00:00.000,Abstract of Judgment - Civil and Small Claims,2,177801432402540195792550519848328303,Post Judgment,PJ010,,
Collections,24NWLC27350,646299251503352576,"Collections Case - Purchased Debt (Charged Off Consumer Debt Purchased on or after January 1,2014)",108502105,2025-05-22 00:00:00.000,Writ of Execution,2,297319234135085077013108296403836028,Writ,WRIT030,,
Collections,24NWLC28029,991437146919162240,"Collections Case - Purchased Debt (Charged Off Consumer Debt Purchased on or after January 1,2014)",101590465,2024-06-25 00:00:00.000,Complaint,2,725793001490150285516849695197348384,Complaint,COM040,complaint_24nwlc28029_101590465,https://drive.google.com/file/d/1FD6bhH0x1lxkqZUMDMq8ILIs6YOlcCOp/view?usp=drivesdk
Collections,24NWLC28029,991437146919162240,"Collections Case - Purchased Debt (Charged Off Consumer Debt Purchased on or after January 1,2014)",101590466,2024-06-25 00:00:00.000,Civil Case Cover Sheet,2,601475255682318708205196066651203721,Miscellaneous,MISC020,,
Collections,24NWLC28029,991437146919162240,"Collections Case - Purchased Debt (Charged Off Consumer Debt Purchased on or after January 1,2014)",101590467,2024-06-25 00:00:00.000,Declaration in Support of Bus. & Prof. Code 6322.1(c)(1),2,561885288221246190516477749455201969,Declaration,DEC075,declaration_24nwlc28029_101590467,
Collections,24NWLC28029,991437146919162240,"Collections Case - Purchased Debt (Charged Off Consumer Debt Purchased on or after January 1,2014)",101590468,2024-06-25 00:00:00.000,Declaration (name extension),2,1253996301254669449354956240116021850,Declaration,DEC010,declaration_24nwlc28029_101590468,https://drive.google.com/file/d/1pbYIhpC8KcZVOjX1g871umbJ6KL2CyYs/view?usp=drivesdk
Collections,24NWLC28029,991437146919162240,"Collections Case - Purchased Debt (Charged Off Consumer Debt Purchased on or after January 1,2014)",101590469,2024-06-25 00:00:00.000,"Order to Show Cause Hearing/Case Management Review (Cal. Rules of Court, rule 3.740)",2,155840822191292836292760993260973858,Order to Show Cause,OSC030,,
Collections,24NWLC28029,991437146919162240,"Collections Case - Purchased Debt (Charged Off Consumer Debt Purchased on or after January 1,2014)",101590471,2024-06-25 00:00:00.000,Notice of Case Assignment - Limited Civil Case,2,588085343331256700627839373704666444,Notice,NTC040L,,
Collections,24NWLC28029,991437146919162240,"Collections Case - Purchased Debt (Charged Off Consumer Debt Purchased on or after January 1,2014)",102841093,2024-09-04 00:00:00.000,Summons,2,405393058367192539827506180317120724,Issuance,ISS030,,
Collections,24NWLC28029,991437146919162240,"Collections Case - Purchased Debt (Charged Off Consumer Debt Purchased on or after January 1,2014)",103994888,2024-10-14 00:00:00.000,Proof of Personal Service,2,959576670802594078375128194096437577,Proof of Service,POS110,,
Collections,24NWLC28029,991437146919162240,"Collections Case - Purchased Debt (Charged Off Consumer Debt Purchased on or after January 1,2014)",106971449,2025-03-11 00:00:00.000,Request for Entry of Default / Judgment,2,728489696004593283746822011941113264,Request,REQ080,request_for_default_judgment_24nwlc28029_106971449,https://drive.google.com/file/d/1ijXipV0YvFu9Eb_3-zqq-XaekcMk3Qcu/view?usp=drivesdk
Collections,24NWLC28029,991437146919162240,"Collections Case - Purchased Debt (Charged Off Consumer Debt Purchased on or after January 1,2014)",106971450,2025-03-11 00:00:00.000,Declaration (name extension),2,491266639508444556451155261570167398,Declaration,DEC010,declaration_24nwlc28029_106971450,https://drive.google.com/file/d/1XjMjBgrKmWF-kKnfcVjA9_eJWpNb7FZq/view?usp=drivesdk
Collections,24NWLC28029,991437146919162240,"Collections Case - Purchased Debt (Charged Off Consumer Debt Purchased on or after January 1,2014)",106971451,2025-03-11 00:00:00.000,Declaration (name extension),2,1224762282232264367714156005906810671,Declaration,DEC010,declaration_24nwlc28029_106971451,https://drive.google.com/file/d/11hcLqF3pksyZpgSzPpaLlMapvlk1LIFc/view?usp=drivesdk
Collections,24NWLC28029,991437146919162240,"Collections Case - Purchased Debt (Charged Off Consumer Debt Purchased on or after January 1,2014)",106971452,2025-03-11 00:00:00.000,Declaration (name extension),2,811923583153543882222204875838359048,Declaration,DEC010,declaration_24nwlc28029_106971452,https://drive.google.com/file/d/16kUtkAqkuy-LExGi-JLKw_8RmbmMD_rD/view?usp=drivesdk
Collections,24NWLC28029,991437146919162240,"Collections Case - Purchased Debt (Charged Off Consumer Debt Purchased on or after January 1,2014)",106971454,2025-03-11 00:00:00.000,Request for Dismissal,2,1167578890619804430773253266797770505,Request,REQ070,,
Collections,24NWLC28029,991437146919162240,"Collections Case - Purchased Debt (Charged Off Consumer Debt Purchased on or after January 1,2014)",106971455,2025-03-11 00:00:00.000,Declaration of Costs - CCP 1033,2,146444635108140750697843232631558373,Costs,CST010,declaration_24nwlc28029_106971455,
Collections,24NWLC28029,991437146919162240,"Collections Case - Purchased Debt (Charged Off Consumer Debt Purchased on or after January 1,2014)",106971456,2025-03-11 00:00:00.000,Declaration re: Attorney's Fees,2,794157788535328568117464643020777261,Declaration,DEC080,declaration_24nwlc28029_106971456,
Collections,24NWLC28029,991437146919162240,"Collections Case - Purchased Debt (Charged Off Consumer Debt Purchased on or after January 1,2014)",106971453,2025-03-27 00:00:00.000,Judgment,2,196847979160765142903856830431933233,Judgment,JUD015,,
Collections,24NWLC28029,991437146919162240,"Collections Case - Purchased Debt (Charged Off Consumer Debt Purchased on or after January 1,2014)",110875479,2025-08-19 00:00:00.000,"Memorandum of Costs After Judgment, Acknowledgment of Credit, and Declaration of Accrued Interest",2,756063985478284414805607416123721883,Costs,CST040,declaration_24nwlc28029_110875479,
Collections,24NWLC28029,991437146919162240,"Collections Case - Purchased Debt (Charged Off Consumer Debt Purchased on or after January 1,2014)",110875478,2025-09-02 00:00:00.000,Writ of Execution,2,392847108306728131612609011159779659,Writ,WRIT030,,
Collections,24NWLC31072,28888228926296280,"Collections Case - Purchased Debt (Charged Off Consumer Debt Purchased on or after January 1,2014)",101989832,2024-07-17 00:00:00.000,Complaint,2,1317417145180904780817078438373183338,Complaint,COM040,complaint_24nwlc31072_101989832,https://drive.google.com/file/d/1g10Ohv_IlYL7tO6XJhIvRDgo6CCQaWGV/view?usp=drivesdk
Collections,24NWLC31072,28888228926296280,"Collections Case - Purchased Debt (Charged Off Consumer Debt Purchased on or after January 1,2014)",101989833,2024-07-17 00:00:00.000,Summons,2,1001132115398531451890873055567865126,Issuance,ISS030,,
Collections,24NWLC31072,28888228926296280,"Collections Case - Purchased Debt (Charged Off Consumer Debt Purchased on or after January 1,2014)",101989834,2024-07-17 00:00:00.000,Civil Case Cover Sheet,2,1024927083385398127002292109658369531,Miscellaneous,MISC020,,
Collections,24NWLC31072,28888228926296280,"Collections Case - Purchased Debt (Charged Off Consumer Debt Purchased on or after January 1,2014)",101989835,2024-07-17 00:00:00.000,Declaration (name extension),2,786633504078101474736443997471821386,Declaration,DEC010,declaration_24nwlc31072_101989835,https://drive.google.com/file/d/1msf791GTSl6xkqxsCP2MMlxYJzvCP3Ou/view?usp=drivesdk
Collections,24NWLC31072,28888228926296280,"Collections Case - Purchased Debt (Charged Off Consumer Debt Purchased on or after January 1,2014)",101989836,2024-07-17 00:00:00.000,Declaration in Support of Bus. & Prof. Code 6322.1(c)(1),2,1001583459618251077485485843960056883,Declaration,DEC075,declaration_24nwlc31072_101989836,
Collections,24NWLC31072,28888228926296280,"Collections Case - Purchased Debt (Charged Off Consumer Debt Purchased on or after January 1,2014)",101989837,2024-07-17 00:00:00.000,"Order to Show Cause Hearing/Case Management Review (Cal. Rules of Court, rule 3.740)",2,1170809676252266085481066892289929108,Order to Show Cause,OSC030,,
Collections,24NWLC31072,28888228926296280,"Collections Case - Purchased Debt (Charged Off Consumer Debt Purchased on or after January 1,2014)",101989838,2024-07-17 00:00:00.000,Notice of Case Assignment - Limited Civil Case,2,745439259725411480280907658724594729,Notice,NTC040L,,
Collections,24NWLC31072,28888228926296280,"Collections Case - Purchased Debt (Charged Off Consumer Debt Purchased on or after January 1,2014)",102268829,2024-07-29 00:00:00.000,Proof of Personal Service,2,703706420041460866446966375977401821,Proof of Service,POS110,,
Collections,24NWLC31072,28888228926296280,"Collections Case - Purchased Debt (Charged Off Consumer Debt Purchased on or after January 1,2014)",105889567,2025-01-22 00:00:00.000,Request for Entry of Default / Judgment,2,837868491251055517485089852108117927,Request,REQ080,request_for_default_judgment_24nwlc31072_105889567,https://drive.google.com/file/d/1Paz8ppaeoBMwTzflIR58Vl2HnbUU8Hkq/view?usp=drivesdk
Collections,24NWLC31072,28888228926296280,"Collections Case - Purchased Debt (Charged Off Consumer Debt Purchased on or after January 1,2014)",105889568,2025-01-22 00:00:00.000,Request for Dismissal,2,628425035705350703470278207190379715,Request,REQ070,,
Collections,24NWLC31072,28888228926296280,"Collections Case - Purchased Debt (Charged Off Consumer Debt Purchased on or after January 1,2014)",105889569,2025-01-22 00:00:00.000,Declaration (name extension),2,472667551851608443554128494677819285,Declaration,DEC010,declaration_24nwlc31072_105889569,https://drive.google.com/file/d/1rhHyfHpc8EYUpWW8M2cSUhT4EA25qsPB/view?usp=drivesdk
Collections,24NWLC31072,28888228926296280,"Collections Case - Purchased Debt (Charged Off Consumer Debt Purchased on or after January 1,2014)",105889570,2025-01-22 00:00:00.000,Declaration (name extension),2,537964689938980165751273199923594532,Declaration,DEC010,declaration_24nwlc31072_105889570,https://drive.google.com/file/d/1eAmyYnEZLfHeP5JrHkxMTtrHUy70aqvT/view?usp=drivesdk
Collections,24NWLC31072,28888228926296280,"Collections Case - Purchased Debt (Charged Off Consumer Debt Purchased on or after January 1,2014)",105889571,2025-01-22 00:00:00.000,Declaration (name extension),2,945022035622116323152740659128740306,Declaration,DEC010,declaration_24nwlc31072_105889571,https://drive.google.com/file/d/1esUZZapbwChMJWXXEqvPisDa6k9-m36U/view?usp=drivesdk
Collections,24NWLC31072,28888228926296280,"Collections Case - Purchased Debt (Charged Off Consumer Debt Purchased on or after January 1,2014)",105889572,2025-01-22 00:00:00.000,Declaration re: Attorney's Fees,2,1187686172184394028705651513845188126,Declaration,DEC080,declaration_24nwlc31072_105889572,
Collections,24NWLC31072,28888228926296280,"Collections Case - Purchased Debt (Charged Off Consumer Debt Purchased on or after January 1,2014)",105889573,2025-02-04 00:00:00.000,Default Judgment,2,416688682114201954919491404586757621,Judgment,JUD020,,
Collections,24NWLC31509,447120410513477888,"Collections Case - Purchased Debt (Charged Off Consumer Debt Purchased on or after January 1,2014)",102083931,2024-07-22 00:00:00.000,Complaint,2,553780185708562739947288357320707387,Complaint,COM040,complaint_24nwlc31509_102083931,https://drive.google.com/file/d/1cz875hfnqFKbHWAPCW8ZbtaV7skJo2Gw/view?usp=drivesdk
Collections,24NWLC31509,447120410513477888,"Collections Case - Purchased Debt (Charged Off Consumer Debt Purchased on or after January 1,2014)",102083932,2024-07-22 00:00:00.000,Declaration in Support of Bus. & Prof. Code 6322.1(c)(1),2,168053711164449663106282428598500154,Declaration,DEC075,declaration_24nwlc31509_102083932,
Collections,24NWLC31509,447120410513477888,"Collections Case - Purchased Debt (Charged Off Consumer Debt Purchased on or after January 1,2014)",102083933,2024-07-22 00:00:00.000,Civil Case Cover Sheet,2,1004337886252267832056247266924867920,Miscellaneous,MISC020,,
Collections,24NWLC31509,447120410513477888,"Collections Case - Purchased Debt (Charged Off Consumer Debt Purchased on or after January 1,2014)",102083934,2024-07-22 00:00:00.000,Summons,2,38371997424645230335057579867563576,Issuance,ISS030,,
Collections,24NWLC31509,447120410513477888,"Collections Case - Purchased Debt (Charged Off Consumer Debt Purchased on or after January 1,2014)",102083935,2024-07-22 00:00:00.000,"Order to Show Cause Hearing/Case Management Review (Cal. Rules of Court, rule 3.740)",2,1137918954601755945035145826415765191,Order to Show Cause,OSC030,,
Collections,24NWLC31509,447120410513477888,"Collections Case - Purchased Debt (Charged Off Consumer Debt Purchased on or after January 1,2014)",102083936,2024-07-22 00:00:00.000,Notice of Case Assignment - Limited Civil Case,2,474338234966365345577368201894533422,Notice,NTC040L,,
Collections,24NWLC31509,447120410513477888,"Collections Case - Purchased Debt (Charged Off Consumer Debt Purchased on or after January 1,2014)",103255707,2024-09-10 00:00:00.000,Proof of Personal Service,2,683032311211683629770864832375556338,Proof of Service,POS110,,
Collections,24NWLC31509,447120410513477888,"Collections Case - Purchased Debt (Charged Off Consumer Debt Purchased on or after January 1,2014)",106269433,2025-02-11 00:00:00.000,Request for Entry of Default / Judgment,2,154781596877701523750770806307100081,Request,REQ080,request_for_default_judgment_24nwlc31509_106269433,https://drive.google.com/file/d/1lxxR67WY0zM7hKBiVUISw55BogQ61UfT/view?usp=drivesdk
Collections,24NWLC31509,447120410513477888,"Collections Case - Purchased Debt (Charged Off Consumer Debt Purchased on or after January 1,2014)",106269434,2025-02-11 00:00:00.000,Declaration re: Attorney's Fees,2,932627083005113419981601649120642748,Declaration,DEC080,declaration_24nwlc31509_106269434,
Collections,24NWLC31509,447120410513477888,"Collections Case - Purchased Debt (Charged Off Consumer Debt Purchased on or after January 1,2014)",106269435,2025-02-11 00:00:00.000,Summary of the Case,2,103607360399528969097266261252353413,Miscellaneous,MISC145,,
Collections,24NWLC31509,447120410513477888,"Collections Case - Purchased Debt (Charged Off Consumer Debt Purchased on or after January 1,2014)",106269436,2025-02-11 00:00:00.000,Declaration (name extension),2,1080260472972585519836341422459433519,Declaration,DEC010,declaration_24nwlc31509_106269436,https://drive.google.com/file/d/1-epsrH7T-CrUwM2Fsf9xFLiasVgrAvMD/view?usp=drivesdk
Collections,24NWLC31509,447120410513477888,"Collections Case - Purchased Debt (Charged Off Consumer Debt Purchased on or after January 1,2014)",106269438,2025-02-11 00:00:00.000,Request for Dismissal,2,655759856890360240846121774289376382,Request,REQ070,,
Collections,24NWLC31509,447120410513477888,"Collections Case - Purchased Debt (Charged Off Consumer Debt Purchased on or after January 1,2014)",106269439,2025-02-11 00:00:00.000,Declaration of Costs - CCP 1033,2,398990946562976065091343501131021135,Costs,CST010,declaration_24nwlc31509_106269439,
Collections,24NWLC31509,447120410513477888,"Collections Case - Purchased Debt (Charged Off Consumer Debt Purchased on or after January 1,2014)",106269437,2025-02-25 00:00:00.000,Judgment,2,601224505684370902071386863484659509,Judgment,JUD015,,
Collections,24NWLC33094,572652523135987968,"Collections Case - Purchased Debt (Charged Off Consumer Debt Purchased on or after January 1,2014)",102318966,2024-07-31 00:00:00.000,Complaint,2,182238183368533565617293734149560367,Complaint,COM040,complaint_24nwlc33094_102318966,https://drive.google.com/file/d/1KDl9MQ6ud_glxdfwktas57Cx2dDR-anr/view?usp=drivesdk
Collections,24NWLC33094,572652523135987968,"Collections Case - Purchased Debt (Charged Off Consumer Debt Purchased on or after January 1,2014)",102318967,2024-07-31 00:00:00.000,Civil Case Cover Sheet,2,836385782325677813163458330141978341,Miscellaneous,MISC020,,
Collections,24NWLC33094,572652523135987968,"Collections Case - Purchased Debt (Charged Off Consumer Debt Purchased on or after January 1,2014)",102318968,2024-07-31 00:00:00.000,Summons,2,484597740597806243114872169286433226,Issuance,ISS030,,
Collections,24NWLC33094,572652523135987968,"Collections Case - Purchased Debt (Charged Off Consumer Debt Purchased on or after January 1,2014)",102318969,2024-07-31 00:00:00.000,"Order to Show Cause Hearing/Case Management Review (Cal. Rules of Court, rule 3.740)",2,1118217299711815786998983313735243982,Order to Show Cause,OSC030,,
Collections,24NWLC33094,572652523135987968,"Collections Case - Purchased Debt (Charged Off Consumer Debt Purchased on or after January 1,2014)",102318970,2024-07-31 00:00:00.000,Notice of Case Assignment - Limited Civil Case,2,319892740054012023010457298030632391,Notice,NTC040L,,
Collections,24NWLC33094,572652523135987968,"Collections Case - Purchased Debt (Charged Off Consumer Debt Purchased on or after January 1,2014)",103304049,2024-09-16 00:00:00.000,Proof of Service by Substituted Service,2,606786776956299029822199137048393785,Proof of Service,POS160,,
Collections,24NWLC33094,572652523135987968,"Collections Case - Purchased Debt (Charged Off Consumer Debt Purchased on or after January 1,2014)",104492941,2024-11-08 00:00:00.000,Declaration Pursuant to 585 CCP in Support of Default Judgment,2,1130300085872082832133685884855154685,Declaration,DEC071,declaration_24nwlc33094_104492941,https://drive.google.com/file/d/1ZMZASgwbu0wJQOoZg7YxpXsyod0mtefB/view?usp=drivesdk
Collections,24NWLC33094,572652523135987968,"Collections Case - Purchased Debt (Charged Off Consumer Debt Purchased on or after January 1,2014)",104492942,2024-11-08 00:00:00.000,Request for Entry of Default / Judgment,2,776986173461252169163654529088066258,Request,REQ080,request_for_default_judgment_24nwlc33094_104492942,https://drive.google.com/file/d/1iVwSqa72x5UgMl9LMtM3QNbhr9DS8jo_/view?usp=drivesdk
Collections,24NWLC33094,572652523135987968,"Collections Case - Purchased Debt (Charged Off Consumer Debt Purchased on or after January 1,2014)",104492944,2024-11-08 00:00:00.000,Request for Dismissal,2,1288913081419884458877164591203594504,Request,REQ070,,
Collections,24NWLC33094,572652523135987968,"Collections Case - Purchased Debt (Charged Off Consumer Debt Purchased on or after January 1,2014)",104492945,2024-11-08 00:00:00.000,Declaration of Costs - CCP 1033,2,430180828593490347595277113760742258,Costs,CST010,declaration_24nwlc33094_104492945,
Collections,24NWLC33094,572652523135987968,"Collections Case - Purchased Debt (Charged Off Consumer Debt Purchased on or after January 1,2014)",104492943,2024-11-25 00:00:00.000,Judgment,2,162527537551446916997763358410755562,Judgment,JUD015,,
Collections,24NWLC33206,996655059867067264,"Collections Case - Purchased Debt (Charged Off Consumer Debt Purchased on or after January 1,2014)",102320788,2024-07-31 00:00:00.000,Complaint,2,575845180989289921757288966628295350,Complaint,COM040,complaint_24nwlc33206_102320788,https://drive.google.com/file/d/1xt5ta5e4EntEJ9AS7dOIQjHigjZsCIRk/view?usp=drivesdk
Collections,24NWLC33206,996655059867067264,"Collections Case - Purchased Debt (Charged Off Consumer Debt Purchased on or after January 1,2014)",102320789,2024-07-31 00:00:00.000,Declaration in Support of Bus. & Prof. Code 6322.1(c)(1),2,865565731254468842401794441250691515,Declaration,DEC075,declaration_24nwlc33206_102320789,
Collections,24NWLC33206,996655059867067264,"Collections Case - Purchased Debt (Charged Off Consumer Debt Purchased on or after January 1,2014)",102320790,2024-07-31 00:00:00.000,Summons,2,217426607609723129865122501295902708,Issuance,ISS030,,
Collections,24NWLC33206,996655059867067264,"Collections Case - Purchased Debt (Charged Off Consumer Debt Purchased on or after January 1,2014)",102320791,2024-07-31 00:00:00.000,Civil Case Cover Sheet,2,873357168556604598575714669425037477,Miscellaneous,MISC020,,
Collections,24NWLC33206,996655059867067264,"Collections Case - Purchased Debt (Charged Off Consumer Debt Purchased on or after January 1,2014)",102320792,2024-07-31 00:00:00.000,"Order to Show Cause Hearing/Case Management Review (Cal. Rules of Court, rule 3.740)",2,73438308346702128655519377591480807,Order to Show Cause,OSC030,,
Collections,24NWLC33206,996655059867067264,"Collections Case - Purchased Debt (Charged Off Consumer Debt Purchased on or after January 1,2014)",102320793,2024-07-31 00:00:00.000,Notice of Case Assignment - Limited Civil Case,2,851751402886940738730795000705044771,Notice,NTC040L,,
Collections,24NWLC33206,996655059867067264,"Collections Case - Purchased Debt (Charged Off Consumer Debt Purchased on or after January 1,2014)",102585187,2024-08-15 00:00:00.000,Proof of Personal Service,2,764863691562358016699727849628305997,Proof of Service,POS110,,
Collections,24NWLC33206,996655059867067264,"Collections Case - Purchased Debt (Charged Off Consumer Debt Purchased on or after January 1,2014)",105518524,2024-12-20 00:00:00.000,Request for Dismissal,2,755644733073721823091164114060911244,Request,REQ070,,
Collections,24NWLC33206,996655059867067264,"Collections Case - Purchased Debt (Charged Off Consumer Debt Purchased on or after January 1,2014)",105518525,2024-12-20 00:00:00.000,Declaration (name extension),2,727697859251527328747808465155492639,Declaration,DEC010,declaration_24nwlc33206_105518525,https://drive.google.com/file/d/1bBgf_UQf8epGXJgNkH6l4qbIkawrps0n/view?usp=drivesdk
Collections,24NWLC33206,996655059867067264,"Collections Case - Purchased Debt (Charged Off Consumer Debt Purchased on or after January 1,2014)",105518526,2024-12-20 00:00:00.000,Request for Entry of Default / Judgment,2,121091810664094232858135389952651669,Request,REQ080,request_for_default_judgment_24nwlc33206_105518526,https://drive.google.com/file/d/16hjVHasYi5xS2DzruaunBpmqAYyyMi9x/view?usp=drivesdk
Collections,24NWLC33206,996655059867067264,"Collections Case - Purchased Debt (Charged Off Consumer Debt Purchased on or after January 1,2014)",105518528,2024-12-20 00:00:00.000,Declaration (name extension),2,461150169671132512304987930975654198,Declaration,DEC010,declaration_24nwlc33206_105518528,https://drive.google.com/file/d/1E-BukjvHWaWC6imEe_bUdEmrGFgEBmGf/view?usp=drivesdk
Collections,24NWLC33206,996655059867067264,"Collections Case - Purchased Debt (Charged Off Consumer Debt Purchased on or after January 1,2014)",105518527,2025-01-10 00:00:00.000,Default Judgment,2,200231888769343171632399123357694826,Judgment,JUD020,,
Collections,24NWLC36400,99715260441651648,"Collections Case - Purchased Debt (Charged Off Consumer Debt Purchased on or after January 1,2014)",102897515,2024-08-26 00:00:00.000,Complaint,2,899820510055001376248646828932493847,Complaint,COM040,complaint_24nwlc36400_102897515,https://drive.google.com/file/d/15-u_DLFHI4RnlUh9OPq_f-2xBJO8EVUG/view?usp=drivesdk
Collections,24NWLC36400,99715260441651648,"Collections Case - Purchased Debt (Charged Off Consumer Debt Purchased on or after January 1,2014)",102897516,2024-08-26 00:00:00.000,Summons,2,428539857529920972697181886488324223,Issuance,ISS030,,
Collections,24NWLC36400,99715260441651648,"Collections Case - Purchased Debt (Charged Off Consumer Debt Purchased on or after January 1,2014)",102897517,2024-08-26 00:00:00.000,Declaration in Support of Bus. & Prof. Code 6322.1(c)(1),2,1037986142731776667136370075245327398,Declaration,DEC075,declaration_24nwlc36400_102897517,
Collections,24NWLC36400,99715260441651648,"Collections Case - Purchased Debt (Charged Off Consumer Debt Purchased on or after January 1,2014)",102897518,2024-08-26 00:00:00.000,Civil Case Cover Sheet,2,308885909213006156367063349830454699,Miscellaneous,MISC020,,
Collections,24NWLC36400,99715260441651648,"Collections Case - Purchased Debt (Charged Off Consumer Debt Purchased on or after January 1,2014)",102897519,2024-08-26 00:00:00.000,Declaration (name extension),2,1314171083412510432695170197586425355,Declaration,DEC010,declaration_24nwlc36400_102897519,https://drive.google.com/file/d/1Mpt5VZZvLdAVif3nVp-5pHu7QS8m-nk6/view?usp=drivesdk
Collections,24NWLC36400,99715260441651648,"Collections Case - Purchased Debt (Charged Off Consumer Debt Purchased on or after January 1,2014)",102897520,2024-08-26 00:00:00.000,"Order to Show Cause Hearing/Case Management Review (Cal. Rules of Court, rule 3.740)",2,1061989678169787116320513382058530460,Order to Show Cause,OSC030,,
Collections,24NWLC36400,99715260441651648,"Collections Case - Purchased Debt (Charged Off Consumer Debt Purchased on or after January 1,2014)",102897521,2024-08-26 00:00:00.000,Notice of Case Assignment - Limited Civil Case,2,922586316184613985256176432205627462,Notice,NTC040L,,
Collections,24NWLC36400,99715260441651648,"Collections Case - Purchased Debt (Charged Off Consumer Debt Purchased on or after January 1,2014)",103256048,2024-09-11 00:00:00.000,Proof of Personal Service,2,980329061037993652860034685585138476,Proof of Service,POS110,,
Collections,24NWLC36400,99715260441651648,"Collections Case - Purchased Debt (Charged Off Consumer Debt Purchased on or after January 1,2014)",107705186,2025-04-09 00:00:00.000,Request for Entry of Default / Judgment,2,980673470735005800540759687279995638,Request,REQ080,request_for_default_judgment_24nwlc36400_107705186,https://drive.google.com/file/d/19oDqldtHbZdItH7DnDrgTctjlEkvSTbN/view?usp=drivesdk
Collections,24NWLC36400,99715260441651648,"Collections Case - Purchased Debt (Charged Off Consumer Debt Purchased on or after January 1,2014)",107705189,2025-04-09 00:00:00.000,Declaration (name extension),2,1323168209281221825583349944466770087,Declaration,DEC010,declaration_24nwlc36400_107705189,https://drive.google.com/file/d/1IJBr4qSvv3XcuJxKQDAVQl4iQsvaNsVv/view?usp=drivesdk
Collections,24NWLC36400,99715260441651648,"Collections Case - Purchased Debt (Charged Off Consumer Debt Purchased on or after January 1,2014)",107705190,2025-04-09 00:00:00.000,Declaration (name extension),2,134787125377678338314503392200014099,Declaration,DEC010,declaration_24nwlc36400_107705190,https://drive.google.com/file/d/1VX0SQ_F66PBpRSRZ8rXTYXXo_Ot81Jow/view?usp=drivesdk
Collections,24NWLC36400,99715260441651648,"Collections Case - Purchased Debt (Charged Off Consumer Debt Purchased on or after January 1,2014)",107705191,2025-04-09 00:00:00.000,Declaration of Costs - CCP 1033,2,467412266569237594479125173196430241,Costs,CST010,declaration_24nwlc36400_107705191,
Collections,24NWLC36400,99715260441651648,"Collections Case - Purchased Debt (Charged Off Consumer Debt Purchased on or after January 1,2014)",107705192,2025-04-09 00:00:00.000,Declaration re: Attorney's Fees,2,358045194332431413671260408026418833,Declaration,DEC080,declaration_24nwlc36400_107705192,
Collections,24NWLC36400,99715260441651648,"Collections Case - Purchased Debt (Charged Off Consumer Debt Purchased on or after January 1,2014)",107705194,2025-04-09 00:00:00.000,Request for Dismissal,2,6128740982047645996564823870682480,Request,REQ070,,
Collections,24NWLC36400,99715260441651648,"Collections Case - Purchased Debt (Charged Off Consumer Debt Purchased on or after January 1,2014)",107705188,2025-04-30 00:00:00.000,Judgment,2,782311386443763597381716751633635038,Judgment,JUD015,,
Collections,24NWLC39218,1039252771062348672,"Collections Case - Purchased Debt (Charged Off Consumer Debt Purchased on or after January 1,2014)",103418062,2024-09-12 00:00:00.000,Complaint,2,745142324551736654474985447222965255,Complaint,COM040,complaint_24nwlc39218_103418062,https://drive.google.com/file/d/1ZlX3kfYXQIqN_ryPpD77yV_kbY10Jt-5/view?usp=drivesdk
Collections,24NWLC39218,1039252771062348672,"Collections Case - Purchased Debt (Charged Off Consumer Debt Purchased on or after January 1,2014)",103418063,2024-09-12 00:00:00.000,Civil Case Cover Sheet,2,88921691923478752163693042982629652,Miscellaneous,MISC020,,
Collections,24NWLC39218,1039252771062348672,"Collections Case - Purchased Debt (Charged Off Consumer Debt Purchased on or after January 1,2014)",103418064,2024-09-12 00:00:00.000,Summons,2,1289798966646877207760478203275125294,Issuance,ISS030,,
Collections,24NWLC39218,1039252771062348672,"Collections Case - Purchased Debt (Charged Off Consumer Debt Purchased on or after January 1,2014)",103418067,2024-09-12 00:00:00.000,"Order to Show Cause Hearing/Case Management Review (Cal. Rules of Court, rule 3.740)",2,354567049078015437954630415529697001,Order to Show Cause,OSC030,,
Collections,24NWLC39218,1039252771062348672,"Collections Case - Purchased Debt (Charged Off Consumer Debt Purchased on or after January 1,2014)",103418069,2024-09-12 00:00:00.000,Notice of Case Assignment - Limited Civil Case,2,549531251252204388007950533580722539,Notice,NTC040L,,
Collections,24NWLC39218,1039252771062348672,"Collections Case - Purchased Debt (Charged Off Consumer Debt Purchased on or after January 1,2014)",103937193,2024-10-07 00:00:00.000,Proof of Personal Service,2,1214017557060796268054728204133037406,Proof of Service,POS110,,
Collections,24NWLC39218,1039252771062348672,"Collections Case - Purchased Debt (Charged Off Consumer Debt Purchased on or after January 1,2014)",107220607,2025-03-24 00:00:00.000,Request for Entry of Default / Judgment,2,756493865005418867164330491751560756,Request,REQ080,request_for_default_judgment_24nwlc39218_107220607,https://drive.google.com/file/d/1L_UNy2Cou8mDu7dKOZKn9c55KThPsk9l/view?usp=drivesdk
Collections,24NWLC39218,1039252771062348672,"Collections Case - Purchased Debt (Charged Off Consumer Debt Purchased on or after January 1,2014)",107220608,2025-03-24 00:00:00.000,Request for Dismissal,2,653243509548008578079035435982298292,Request,REQ070,,
Collections,24NWLC39218,1039252771062348672,"Collections Case - Purchased Debt (Charged Off Consumer Debt Purchased on or after January 1,2014)",107220610,2025-03-24 00:00:00.000,Declaration of Costs - CCP 1033,2,1197914957483714095719779208884356043,Costs,CST010,declaration_24nwlc39218_107220610,
Collections,24NWLC39218,1039252771062348672,"Collections Case - Purchased Debt (Charged Off Consumer Debt Purchased on or after January 1,2014)",107220611,2025-03-24 00:00:00.000,Declaration re: Attorney's Fees,2,1158632123094505739901919449001225373,Declaration,DEC080,declaration_24nwlc39218_107220611,
Collections,24NWLC39218,1039252771062348672,"Collections Case - Purchased Debt (Charged Off Consumer Debt Purchased on or after January 1,2014)",107220612,2025-03-24 00:00:00.000,Declaration Pursuant to 585 CCP in Support of Default Judgment,2,844758017884952406184622693812700730,Declaration,DEC071,declaration_24nwlc39218_107220612,https://drive.google.com/file/d/1ewKR8fqC5AAfOZnLU50_1218V2LVhTKw/view?usp=drivesdk
Collections,24NWLC39218,1039252771062348672,"Collections Case - Purchased Debt (Charged Off Consumer Debt Purchased on or after January 1,2014)",107220613,2025-03-24 00:00:00.000,Declaration (name extension),2,268128488854328693730566969711821367,Declaration,DEC010,declaration_24nwlc39218_107220613,https://drive.google.com/file/d/1g8Okk_XLXsuzzJUn2_uRm19QVzJqVWFW/view?usp=drivesdk
Collections,24NWLC39218,1039252771062348672,"Collections Case - Purchased Debt (Charged Off Consumer Debt Purchased on or after January 1,2014)",107220614,2025-04-07 00:00:00.000,Judgment,2,768898654302733630095258337792320127,Judgment,JUD015,,
Collections,24NWLC39292,1077527594764675072,"Collections Case - Purchased Debt (Charged Off Consumer Debt Purchased on or after January 1,2014)",103427247,2024-09-12 00:00:00.000,Complaint,2,127633968800269421048711529887937782,Complaint,COM040,complaint_24nwlc39292_103427247,https://drive.google.com/file/d/1w7QGQlv5TFoPPtg24xrp4QFRprFRxqBW/view?usp=drivesdk
Collections,24NWLC39292,1077527594764675072,"Collections Case - Purchased Debt (Charged Off Consumer Debt Purchased on or after January 1,2014)",103427248,2024-09-12 00:00:00.000,Summons,2,492879245556751218409962762766224636,Issuance,ISS030,,
Collections,24NWLC39292,1077527594764675072,"Collections Case - Purchased Debt (Charged Off Consumer Debt Purchased on or after January 1,2014)",103427249,2024-09-12 00:00:00.000,Declaration in Support of Bus. & Prof. Code 6322.1(c)(1),2,929702584262070111931947687860175605,Declaration,DEC075,declaration_24nwlc39292_103427249,
Collections,24NWLC39292,1077527594764675072,"Collections Case - Purchased Debt (Charged Off Consumer Debt Purchased on or after January 1,2014)",103427250,2024-09-12 00:00:00.000,Civil Case Cover Sheet,2,522096727582496306121834677933224750,Miscellaneous,MISC020,,
Collections,24NWLC39292,1077527594764675072,"Collections Case - Purchased Debt (Charged Off Consumer Debt Purchased on or after January 1,2014)",103427251,2024-09-12 00:00:00.000,Declaration (name extension),2,119892094509556199163614174644473510,Declaration,DEC010,declaration_24nwlc39292_103427251,https://drive.google.com/file/d/1adYFQiTOvadiacVwlBqs4dx6x1nuKPxI/view?usp=drivesdk
Collections,24NWLC39292,1077527594764675072,"Collections Case - Purchased Debt (Charged Off Consumer Debt Purchased on or after January 1,2014)",103427252,2024-09-12 00:00:00.000,"Order to Show Cause Hearing/Case Management Review (Cal. Rules of Court, rule 3.740)",2,24666889171684271762116514767775345,Order to Show Cause,OSC030,,
Collections,24NWLC39292,1077527594764675072,"Collections Case - Purchased Debt (Charged Off Consumer Debt Purchased on or after January 1,2014)",103427253,2024-09-12 00:00:00.000,Notice of Case Assignment - Limited Civil Case,2,260741801553307198567112914121206429,Notice,NTC040L,,
Collections,24NWLC39292,1077527594764675072,"Collections Case - Purchased Debt (Charged Off Consumer Debt Purchased on or after January 1,2014)",103889337,2024-10-04 00:00:00.000,Proof of Personal Service,2,135961514885029674086696638207436001,Proof of Service,POS110,,
Collections,24NWLC39292,1077527594764675072,"Collections Case - Purchased Debt (Charged Off Consumer Debt Purchased on or after January 1,2014)",105890375,2025-01-23 00:00:00.000,Request for Entry of Default / Judgment,2,955441391807518026619249424577093119,Request,REQ080,request_for_default_judgment_24nwlc39292_105890375,https://drive.google.com/file/d/1lJ4gRdpG3Xbej8CHAlPhKOQ3rJhLV3mU/view?usp=drivesdk
Collections,24NWLC39292,1077527594764675072,"Collections Case - Purchased Debt (Charged Off Consumer Debt Purchased on or after January 1,2014)",105890377,2025-01-23 00:00:00.000,Declaration (name extension),2,768281800899625664970467725281072924,Declaration,DEC010,declaration_24nwlc39292_105890377,https://drive.google.com/file/d/1EUE5fcA9mDAzB1Z4Ch8ZFdVmX5W60xsI/view?usp=drivesdk
Collections,24NWLC39292,1077527594764675072,"Collections Case - Purchased Debt (Charged Off Consumer Debt Purchased on or after January 1,2014)",105890378,2025-01-23 00:00:00.000,Declaration (name extension),2,66210198501589036456456360985711936,Declaration,DEC010,declaration_24nwlc39292_105890378,https://drive.google.com/file/d/12_QW7hLfvGg_CVDZTymXLeJPVWeFK9lH/view?usp=drivesdk
Collections,24NWLC39292,1077527594764675072,"Collections Case - Purchased Debt (Charged Off Consumer Debt Purchased on or after January 1,2014)",105890379,2025-01-23 00:00:00.000,Declaration re: Attorney's Fees,2,768639459466716742891063465431388848,Declaration,DEC080,declaration_24nwlc39292_105890379,
Collections,24NWLC39292,1077527594764675072,"Collections Case - Purchased Debt (Charged Off Consumer Debt Purchased on or after January 1,2014)",105890380,2025-01-23 00:00:00.000,Declaration of Costs - CCP 1033,2,298444337894133773256049356248058233,Costs,CST010,declaration_24nwlc39292_105890380,
Collections,24NWLC39292,1077527594764675072,"Collections Case - Purchased Debt (Charged Off Consumer Debt Purchased on or after January 1,2014)",105890381,2025-01-23 00:00:00.000,Request for Dismissal,2,394648844346475367371775074289496105,Request,REQ070,,
Collections,24NWLC39292,1077527594764675072,"Collections Case - Purchased Debt (Charged Off Consumer Debt Purchased on or after January 1,2014)",105890376,2025-02-06 00:00:00.000,Judgment,2,890832565900734672928933830010032614,Judgment,JUD015,,
Collections,24NWLC39292,1077527594764675072,"Collections Case - Purchased Debt (Charged Off Consumer Debt Purchased on or after January 1,2014)",109046942,2025-06-10 00:00:00.000,"Memorandum of Costs After Judgment, Acknowledgment of Credit, and Declaration of Accrued Interest",2,566792581615122812694714294390577845,Costs,CST040,declaration_24nwlc39292_109046942,
Collections,24NWLC39292,1077527594764675072,"Collections Case - Purchased Debt (Charged Off Consumer Debt Purchased on or after January 1,2014)",109046941,2025-06-16 00:00:00.000,Writ of Execution,2,541610124132747250968235113077768969,Writ,WRIT030,,
Collections,24NWLC39292,1077527594764675072,"Collections Case - Purchased Debt (Charged Off Consumer Debt Purchased on or after January 1,2014)",110515643,2025-08-12 00:00:00.000,Declaration (name extension),2,776440848070767156791025020951405957,Declaration,DEC010,declaration_24nwlc39292_110515643,https://drive.google.com/file/d/1ACSveZw_eLZ1YBewms-vPwkmU5uO-gso/view?usp=drivesdk
Collections,24NWLC39550,551576800615179776,"Collections Case - Purchased Debt (Charged Off Consumer Debt Purchased on or after January 1,2014)",103452433,2024-09-13 00:00:00.000,Complaint,2,602402987834738674577141441436253390,Complaint,COM040,complaint_24nwlc39550_103452433,https://drive.google.com/file/d/1y-lXxIpnZU6UIlPkVaQVnS6pefsRW_SQ/view?usp=drivesdk
Collections,24NWLC39550,551576800615179776,"Collections Case - Purchased Debt (Charged Off Consumer Debt Purchased on or after January 1,2014)",103452434,2024-09-13 00:00:00.000,Declaration in Support of Bus. & Prof. Code 6322.1(c)(1),2,782691368803123755451036428120828276,Declaration,DEC075,declaration_24nwlc39550_103452434,
Collections,24NWLC39550,551576800615179776,"Collections Case - Purchased Debt (Charged Off Consumer Debt Purchased on or after January 1,2014)",103452435,2024-09-13 00:00:00.000,Summons,2,519222398671339814701244184498394622,Issuance,ISS030,,
Collections,24NWLC39550,551576800615179776,"Collections Case - Purchased Debt (Charged Off Consumer Debt Purchased on or after January 1,2014)",103452436,2024-09-13 00:00:00.000,Civil Case Cover Sheet,2,792307576839488738365893009715408638,Miscellaneous,MISC020,,
Collections,24NWLC39550,551576800615179776,"Collections Case - Purchased Debt (Charged Off Consumer Debt Purchased on or after January 1,2014)",103452438,2024-09-13 00:00:00.000,"Order to Show Cause Hearing/Case Management Review (Cal. Rules of Court, rule 3.740)",2,208350778237442825288039463077718018,Order to Show Cause,OSC030,,
Collections,24NWLC39550,551576800615179776,"Collections Case - Purchased Debt (Charged Off Consumer Debt Purchased on or after January 1,2014)",103452439,2024-09-13 00:00:00.000,Notice of Case Assignment - Limited Civil Case,2,178325923615796344479205567052396320,Notice,NTC040L,,
Collections,24NWLC39550,551576800615179776,"Collections Case - Purchased Debt (Charged Off Consumer Debt Purchased on or after January 1,2014)",104009973,2024-10-14 00:00:00.000,Proof of Service by Substituted Service,2,721037195930884330122181056664103334,Proof of Service,POS160,,
Collections,24NWLC39550,551576800615179776,"Collections Case - Purchased Debt (Charged Off Consumer Debt Purchased on or after January 1,2014)",105503419,2024-12-23 00:00:00.000,Request for Entry of Default / Judgment,2,470333018989073114298866872351185039,Request,REQ080,request_for_default_judgment_24nwlc39550_105503419,https://drive.google.com/file/d/1v1Q_4IJlclhiZxKjviWzMXWIYZKnUlnE/view?usp=drivesdk
Collections,24NWLC39550,551576800615179776,"Collections Case - Purchased Debt (Charged Off Consumer Debt Purchased on or after January 1,2014)",105503421,2024-12-23 00:00:00.000,Declaration Pursuant to 585 CCP in Support of Default Judgment,2,129464045963591259855404218599150122,Declaration,DEC071,declaration_24nwlc39550_105503421,https://drive.google.com/file/d/1zx4aF58c7OUG8NqSHF3T0CHLn-6t7f6f/view?usp=drivesdk
Collections,24NWLC39550,551576800615179776,"Collections Case - Purchased Debt (Charged Off Consumer Debt Purchased on or after January 1,2014)",105503422,2024-12-23 00:00:00.000,Request for Dismissal,2,1097027393475262282686319228908392154,Request,REQ070,,
Collections,24NWLC39550,551576800615179776,"Collections Case - Purchased Debt (Charged Off Consumer Debt Purchased on or after January 1,2014)",105503423,2024-12-23 00:00:00.000,Declaration of Costs - CCP 1033,2,415210614795853899798910041250465842,Costs,CST010,declaration_24nwlc39550_105503423,
Collections,24NWLC39550,551576800615179776,"Collections Case - Purchased Debt (Charged Off Consumer Debt Purchased on or after January 1,2014)",105503424,2024-12-23 00:00:00.000,Declaration Pursuant to 585 CCP in Support of Default Judgment,2,1007896991023814375979896458409714571,Declaration,DEC071,declaration_24nwlc39550_105503424,https://drive.google.com/file/d/1M3cG_LHh7n4HZDL2gh8j8VNEIEoq6wp-/view?usp=drivesdk
Collections,24NWLC39550,551576800615179776,"Collections Case - Purchased Debt (Charged Off Consumer Debt Purchased on or after January 1,2014)",105503420,2025-01-10 00:00:00.000,Judgment,2,695331757788629931455648590501670473,Judgment,JUD015,,
Collections,24NWLC39550,551576800615179776,"Collections Case - Purchased Debt (Charged Off Consumer Debt Purchased on or after January 1,2014)",107508172,2025-04-04 00:00:00.000,"Memorandum of Costs After Judgment, Acknowledgment of Credit, and Declaration of Accrued Interest",2,297420780670019182683288277435668582,Costs,CST040,declaration_24nwlc39550_107508172,
Collections,24NWLC39550,551576800615179776,"Collections Case - Purchased Debt (Charged Off Consumer Debt Purchased on or after January 1,2014)",107508171,2025-04-09 00:00:00.000,Writ of Execution,2,581309714310363080217752987019181652,Writ,WRIT030,,
Collections,24NWLC39550,551576800615179776,"Collections Case - Purchased Debt (Charged Off Consumer Debt Purchased on or after January 1,2014)",108371800,2025-05-09 00:00:00.000,Declaration (name extension),2,1172474471152508323330503450686251570,Declaration,DEC010,declaration_24nwlc39550_108371800,https://drive.google.com/file/d/1yGemthmygH8GTHDXEby7FmrQxvu80-Ou/view?usp=drivesdk
Collections,24NWLC41043,1105356460645072640,"Collections Case - Purchased Debt (Charged Off Consumer Debt Purchased on or after January 1,2014)",103632955,2024-09-20 00:00:00.000,Complaint,2,1020566019842661038029195695636285962,Complaint,COM040,complaint_24nwlc41043_103632955,https://drive.google.com/file/d/1gXlP6SOA9WGuj_tPVdfwS4fJrknNeq7T/view?usp=drivesdk
Collections,24NWLC41043,1105356460645072640,"Collections Case - Purchased Debt (Charged Off Consumer Debt Purchased on or after January 1,2014)",103632956,2024-09-20 00:00:00.000,Declaration (name extension),2,375303769585785218411053368082663509,Declaration,DEC010,declaration_24nwlc41043_103632956,https://drive.google.com/file/d/1zEhHa3jnvOWo7cCQEYukEmTG6sqmjiHw/view?usp=drivesdk
Collections,24NWLC41043,1105356460645072640,"Collections Case - Purchased Debt (Charged Off Consumer Debt Purchased on or after January 1,2014)",103632957,2024-09-20 00:00:00.000,Declaration in Support of Bus. & Prof. Code 6322.1(c)(1),2,435804573061442304863517301265716119,Declaration,DEC075,declaration_24nwlc41043_103632957,
Collections,24NWLC41043,1105356460645072640,"Collections Case - Purchased Debt (Charged Off Consumer Debt Purchased on or after January 1,2014)",103632958,2024-09-20 00:00:00.000,Summons,2,1036633970251465481255227675526058447,Issuance,ISS030,,
Collections,24NWLC41043,1105356460645072640,"Collections Case - Purchased Debt (Charged Off Consumer Debt Purchased on or after January 1,2014)",103632959,2024-09-20 00:00:00.000,Civil Case Cover Sheet,2,1145118812876199555868187412619190859,Miscellaneous,MISC020,,
Collections,24NWLC41043,1105356460645072640,"Collections Case - Purchased Debt (Charged Off Consumer Debt Purchased on or after January 1,2014)",103632960,2024-09-20 00:00:00.000,"Order to Show Cause Hearing/Case Management Review (Cal. Rules of Court, rule 3.740)",2,684801700549047884939334146076050277,Order to Show Cause,OSC030,,
Collections,24NWLC41043,1105356460645072640,"Collections Case - Purchased Debt (Charged Off Consumer Debt Purchased on or after January 1,2014)",103632961,2024-09-20 00:00:00.000,Notice of Case Assignment - Limited Civil Case,2,746877455609111287014569782657084117,Notice,NTC040L,,
Collections,24NWLC41043,1105356460645072640,"Collections Case - Purchased Debt (Charged Off Consumer Debt Purchased on or after January 1,2014)",104206606,2024-11-05 00:00:00.000,Proof of Personal Service,2,306913831686925826954436242066829977,Proof of Service,POS110,,
Collections,24NWLC41043,1105356460645072640,"Collections Case - Purchased Debt (Charged Off Consumer Debt Purchased on or after January 1,2014)",107242839,2025-03-24 00:00:00.000,Request for Entry of Default / Judgment,2,617221276936977300127572590738783881,Request,REQ080,request_for_default_judgment_24nwlc41043_107242839,https://drive.google.com/file/d/1-ai__TLVN50GU0v1HK4_24ZTgkJ7KZ6h/view?usp=drivesdk
Collections,24NWLC41043,1105356460645072640,"Collections Case - Purchased Debt (Charged Off Consumer Debt Purchased on or after January 1,2014)",107242840,2025-03-24 00:00:00.000,Request for Dismissal,2,540413176195663774181850128357194946,Request,REQ070,,
Collections,24NWLC41043,1105356460645072640,"Collections Case - Purchased Debt (Charged Off Consumer Debt Purchased on or after January 1,2014)",107242841,2025-03-24 00:00:00.000,Declaration re: Attorney's Fees,2,674562590391919586802605877459833735,Declaration,DEC080,declaration_24nwlc41043_107242841,
Collections,24NWLC41043,1105356460645072640,"Collections Case - Purchased Debt (Charged Off Consumer Debt Purchased on or after January 1,2014)",107242842,2025-03-24 00:00:00.000,Declaration (name extension),2,14799759771827588612245750079912321,Declaration,DEC010,declaration_24nwlc41043_107242842,https://drive.google.com/file/d/1V10uCdAfJ8e0vd8JWZiINXk0r1XQ8xAP/view?usp=drivesdk
Collections,24NWLC41043,1105356460645072640,"Collections Case - Purchased Debt (Charged Off Consumer Debt Purchased on or after January 1,2014)",107242843,2025-03-24 00:00:00.000,Declaration of Costs - CCP 1033,2,478035585598173024748124350390565221,Costs,CST010,declaration_24nwlc41043_107242843,
Collections,24NWLC41043,1105356460645072640,"Collections Case - Purchased Debt (Charged Off Consumer Debt Purchased on or after January 1,2014)",107242844,2025-03-24 00:00:00.000,Declaration (name extension),2,1231339590822800161308481115014418184,Declaration,DEC010,declaration_24nwlc41043_107242844,https://drive.google.com/file/d/14OLlh5TxQi0zNybE-lMcaSvEGJx-oR6h/view?usp=drivesdk
Collections,24NWLC41043,1105356460645072640,"Collections Case - Purchased Debt (Charged Off Consumer Debt Purchased on or after January 1,2014)",107242845,2025-04-17 00:00:00.000,Judgment,2,761536067610289601636306327037078684,Judgment,JUD015,,
Collections,24NWLC41043,1105356460645072640,"Collections Case - Purchased Debt (Charged Off Consumer Debt Purchased on or after January 1,2014)",111082039,2025-08-26 00:00:00.000,"Memorandum of Costs After Judgment, Acknowledgment of Credit, and Declaration of Accrued Interest",2,178379825351534450750789114364548039,Costs,CST040,declaration_24nwlc41043_111082039,
Collections,24NWLC41043,1105356460645072640,"Collections Case - Purchased Debt (Charged Off Consumer Debt Purchased on or after January 1,2014)",111082037,2025-09-10 00:00:00.000,Writ of Execution,2,329189048269668268504532039934945157,Writ,WRIT030,,
Collections,24NWLC43493,1008648898984973824,"Collections Case - Purchased Debt (Charged Off Consumer Debt Purchased on or after January 1,2014)",103997225,2024-10-08 00:00:00.000,Complaint,2,1008415514610918971237706908822112238,Complaint,COM040,complaint_24nwlc43493_103997225,https://drive.google.com/file/d/1YyyNLkPGmykJomT47yaLlOulNm1oA1lT/view?usp=drivesdk
Collections,24NWLC43493,1008648898984973824,"Collections Case - Purchased Debt (Charged Off Consumer Debt Purchased on or after January 1,2014)",103997226,2024-10-08 00:00:00.000,Summons,2,722499029537799971590462881836323085,Issuance,ISS030,,
Collections,24NWLC43493,1008648898984973824,"Collections Case - Purchased Debt (Charged Off Consumer Debt Purchased on or after January 1,2014)",103997227,2024-10-08 00:00:00.000,Civil Case Cover Sheet,2,1308494607315243230910361485965840875,Miscellaneous,MISC020,,
Collections,24NWLC43493,1008648898984973824,"Collections Case - Purchased Debt (Charged Off Consumer Debt Purchased on or after January 1,2014)",103997228,2024-10-08 00:00:00.000,"Order to Show Cause Hearing/Case Management Review (Cal. Rules of Court, rule 3.740)",2,709742593699951374726631939447204398,Order to Show Cause,OSC030,,
Collections,24NWLC43493,1008648898984973824,"Collections Case - Purchased Debt (Charged Off Consumer Debt Purchased on or after January 1,2014)",103997229,2024-10-08 00:00:00.000,Notice of Case Assignment - Limited Civil Case,2,1305086930069466184540136295433744180,Notice,NTC040L,,
Collections,24NWLC43493,1008648898984973824,"Collections Case - Purchased Debt (Charged Off Consumer Debt Purchased on or after January 1,2014)",106344194,2025-02-14 00:00:00.000,Proof of Service by Substituted Service,2,1147341907370328237360143197103001217,Proof of Service,POS160,,
Collections,24NWLC43493,1008648898984973824,"Collections Case - Purchased Debt (Charged Off Consumer Debt Purchased on or after January 1,2014)",107861244,2025-04-17 00:00:00.000,Request for Entry of Default / Judgment,2,1293346663611638504097528793286603388,Request,REQ080,request_for_default_judgment_24nwlc43493_107861244,https://drive.google.com/file/d/1zhshWpvqGUKyhlEEIC9mmgeFGWDPqMSi/view?usp=drivesdk
Collections,24NWLC43493,1008648898984973824,"Collections Case - Purchased Debt (Charged Off Consumer Debt Purchased on or after January 1,2014)",107861245,2025-04-17 00:00:00.000,Declaration (name extension),2,1003783605568166494201370853434280438,Declaration,DEC010,declaration_24nwlc43493_107861245,https://drive.google.com/file/d/16dUubB550Vz_9nThvIdjMYUPnJy4J7FO/view?usp=drivesdk
Collections,24NWLC43493,1008648898984973824,"Collections Case - Purchased Debt (Charged Off Consumer Debt Purchased on or after January 1,2014)",107861248,2025-04-17 00:00:00.000,Declaration (name extension),2,171046370312039345031434928930283554,Declaration,DEC010,declaration_24nwlc43493_107861248,https://drive.google.com/file/d/15J-TypFiZnwLjtBvHd6qmMw1EaHeFzlQ/view?usp=drivesdk
Collections,24NWLC43493,1008648898984973824,"Collections Case - Purchased Debt (Charged Off Consumer Debt Purchased on or after January 1,2014)",107861247,2025-05-14 00:00:00.000,Default Judgment,2,63784700094075822467263590749180139,Judgment,JUD020,,
Collections,24NWLC44200,396960152116248896,"Collections Case - Purchased Debt (Charged Off Consumer Debt Purchased on or after January 1,2014)",104061944,2024-10-11 00:00:00.000,Complaint,2,772120731635576882367069775039506452,Complaint,COM040,complaint_24nwlc44200_104061944,https://drive.google.com/file/d/1SsJtG9ys4GGbhYobR1RpRQXDoRCfh0-W/view?usp=drivesdk
Collections,24NWLC44200,396960152116248896,"Collections Case - Purchased Debt (Charged Off Consumer Debt Purchased on or after January 1,2014)",104061996,2024-10-11 00:00:00.000,Declaration in Support of Bus. & Prof. Code 6322.1(c)(1),2,1074711561549291384289641331434014042,Declaration,DEC075,declaration_24nwlc44200_104061996,
Collections,24NWLC44200,396960152116248896,"Collections Case - Purchased Debt (Charged Off Consumer Debt Purchased on or after January 1,2014)",104061998,2024-10-11 00:00:00.000,Summons,2,1252426838987799505882058702064309298,Issuance,ISS030,,
Collections,24NWLC44200,396960152116248896,"Collections Case - Purchased Debt (Charged Off Consumer Debt Purchased on or after January 1,2014)",104062001,2024-10-11 00:00:00.000,Civil Case Cover Sheet,2,252695134353887717184881800849618707,Miscellaneous,MISC020,,
Collections,24NWLC44200,396960152116248896,"Collections Case - Purchased Debt (Charged Off Consumer Debt Purchased on or after January 1,2014)",104062028,2024-10-11 00:00:00.000,"Order to Show Cause Hearing/Case Management Review (Cal. Rules of Court, rule 3.740)",2,958186878605815677574475192659047333,Order to Show Cause,OSC030,,
Collections,24NWLC44200,396960152116248896,"Collections Case - Purchased Debt (Charged Off Consumer Debt Purchased on or after January 1,2014)",104062034,2024-10-11 00:00:00.000,Notice of Case Assignment - Limited Civil Case,2,1172625634447733644024191029644980838,Notice,NTC040L,,
Collections,24NWLC44200,396960152116248896,"Collections Case - Purchased Debt (Charged Off Consumer Debt Purchased on or after January 1,2014)",104352775,2024-11-12 00:00:00.000,Proof of Personal Service,2,1202428790252533194490029832410694385,Proof of Service,POS110,,
Collections,24NWLC44200,396960152116248896,"Collections Case - Purchased Debt (Charged Off Consumer Debt Purchased on or after January 1,2014)",106860316,2025-03-07 00:00:00.000,Request for Entry of Default / Judgment,2,104443002250514693358339019183248369,Request,REQ080,request_for_default_judgment_24nwlc44200_106860316,https://drive.google.com/file/d/13IBpPCe1bmPAcj9g8gwNBQuhLZGdS3oO/view?usp=drivesdk
Collections,24NWLC44200,396960152116248896,"Collections Case - Purchased Debt (Charged Off Consumer Debt Purchased on or after January 1,2014)",106860318,2025-03-07 00:00:00.000,Declaration of Costs - CCP 1033,2,696755641555418740685780298615630441,Costs,CST010,declaration_24nwlc44200_106860318,
Collections,24NWLC44200,396960152116248896,"Collections Case - Purchased Debt (Charged Off Consumer Debt Purchased on or after January 1,2014)",106860319,2025-03-07 00:00:00.000,Declaration Pursuant to 585 CCP in Support of Default Judgment,2,906216763431604730141584133367262524,Declaration,DEC071,declaration_24nwlc44200_106860319,https://drive.google.com/file/d/16Xup0UKiFaZzL0lu2wtef9EHJwXa3boh/view?usp=drivesdk
Collections,24NWLC44200,396960152116248896,"Collections Case - Purchased Debt (Charged Off Consumer Debt Purchased on or after January 1,2014)",106860320,2025-03-07 00:00:00.000,Request for Dismissal,2,872436475424656433912302873003326716,Request,REQ070,,
Collections,24NWLC44200,396960152116248896,"Collections Case - Purchased Debt (Charged Off Consumer Debt Purchased on or after January 1,2014)",106860317,2025-03-19 00:00:00.000,Judgment,2,736719805089109550228699792141619464,Judgment,JUD015,,
Collections,24NWLC46008,937598009662479744,"Collections Case - Purchased Debt (Charged Off Consumer Debt Purchased on or after January 1,2014)",104182652,2024-10-18 00:00:00.000,Complaint,2,1059614645718926311994656919347991678,Complaint,COM040,complaint_24nwlc46008_104182652,https://drive.google.com/file/d/1-SMMuXQ8somJVahJpJ8y-GHn5_kzDGpW/view?usp=drivesdk
Collections,24NWLC46008,937598009662479744,"Collections Case - Purchased Debt (Charged Off Consumer Debt Purchased on or after January 1,2014)",104182653,2024-10-18 00:00:00.000,Civil Case Cover Sheet,2,634628904252364345487863430449071263,Miscellaneous,MISC020,,
Collections,24NWLC46008,937598009662479744,"Collections Case - Purchased Debt (Charged Off Consumer Debt Purchased on or after January 1,2014)",104182654,2024-10-18 00:00:00.000,Summons,2,591471156289516283141108541366521852,Issuance,ISS030,,
Collections,24NWLC46008,937598009662479744,"Collections Case - Purchased Debt (Charged Off Consumer Debt Purchased on or after January 1,2014)",104182655,2024-10-18 00:00:00.000,"Order to Show Cause Hearing/Case Management Review (Cal. Rules of Court, rule 3.740)",2,578174070089190217619222176436722372,Order to Show Cause,OSC030,,
Collections,24NWLC46008,937598009662479744,"Collections Case - Purchased Debt (Charged Off Consumer Debt Purchased on or after January 1,2014)",104182656,2024-10-18 00:00:00.000,Notice of Case Assignment - Limited Civil Case,2,522396523520384566397176121556924978,Notice,NTC040L,,
Collections,24NWLC46008,937598009662479744,"Collections Case - Purchased Debt (Charged Off Consumer Debt Purchased on or after January 1,2014)",104364186,2024-11-12 00:00:00.000,Proof of Service by Substituted Service,2,820433568766414412263957505015166769,Proof of Service,POS160,,
Collections,24NWLC46008,937598009662479744,"Collections Case - Purchased Debt (Charged Off Consumer Debt Purchased on or after January 1,2014)",106093132,2025-02-04 00:00:00.000,Request for Entry of Default / Judgment,2,903385584881196095615075041547376007,Request,REQ080,request_for_default_judgment_24nwlc46008_106093132,https://drive.google.com/file/d/1kxiY_UT5cUqrvScS2VOhj5SxBO3pzU19/view?usp=drivesdk
Collections,24NWLC46008,937598009662479744,"Collections Case - Purchased Debt (Charged Off Consumer Debt Purchased on or after January 1,2014)",106093134,2025-02-04 00:00:00.000,Declaration Pursuant to 585 CCP in Support of Default Judgment,2,1236226863191534259125492165338970383,Declaration,DEC071,declaration_24nwlc46008_106093134,https://drive.google.com/file/d/1LNvQN0TvKvYCLtNA3sYWdkHdMKR0cfWz/view?usp=drivesdk
Collections,24NWLC46008,937598009662479744,"Collections Case - Purchased Debt (Charged Off Consumer Debt Purchased on or after January 1,2014)",106093135,2025-02-04 00:00:00.000,Request for Dismissal,2,591046612672323714460846436319079220,Request,REQ070,,
Collections,24NWLC46008,937598009662479744,"Collections Case - Purchased Debt (Charged Off Consumer Debt Purchased on or after January 1,2014)",106093136,2025-02-04 00:00:00.000,Declaration of Costs - CCP 1033,2,553413799385530070354893974954416325,Costs,CST010,declaration_24nwlc46008_106093136,
Collections,24NWLC46008,937598009662479744,"Collections Case - Purchased Debt (Charged Off Consumer Debt Purchased on or after January 1,2014)",106093133,2025-02-20 00:00:00.000,Default Judgment,2,199638769156184489449214986598082089,Judgment,JUD020,,
Collections,24NWLC46824,328227106464544768,"Collections Case - Purchased Debt (Charged Off Consumer Debt Purchased on or after January 1,2014)",104248157,2024-10-25 00:00:00.000,Complaint,2,157826858123208648938292201385212537,Complaint,COM040,complaint_24nwlc46824_104248157,https://drive.google.com/file/d/1SyaokIKw2GqEZVc-ZK5IPq4bIV2Eywf7/view?usp=drivesdk
Collections,24NWLC46824,328227106464544768,"Collections Case - Purchased Debt (Charged Off Consumer Debt Purchased on or after January 1,2014)",104248158,2024-10-25 00:00:00.000,Civil Case Cover Sheet,2,634953037261278030323576497857188853,Miscellaneous,MISC020,,
Collections,24NWLC46824,328227106464544768,"Collections Case - Purchased Debt (Charged Off Consumer Debt Purchased on or after January 1,2014)",104248159,2024-10-25 00:00:00.000,Declaration in Support of Bus. & Prof. Code 6322.1(c)(1),2,891166577405249281308217326325698794,Declaration,DEC075,declaration_24nwlc46824_104248159,
Collections,24NWLC46824,328227106464544768,"Collections Case - Purchased Debt (Charged Off Consumer Debt Purchased on or after January 1,2014)",104248160,2024-10-25 00:00:00.000,Summons,2,642212959663633510862863282776405772,Issuance,ISS030,,
Collections,24NWLC46824,328227106464544768,"Collections Case - Purchased Debt (Charged Off Consumer Debt Purchased on or after January 1,2014)",104248161,2024-10-25 00:00:00.000,"Order to Show Cause Hearing/Case Management Review (Cal. Rules of Court, rule 3.740)",2,1040277632313751434858695535200709240,Order to Show Cause,OSC030,,
Collections,24NWLC46824,328227106464544768,"Collections Case - Purchased Debt (Charged Off Consumer Debt Purchased on or after January 1,2014)",104248162,2024-10-25 00:00:00.000,Notice of Case Assignment - Limited Civil Case,2,1150662309700143422576860312372365860,Notice,NTC040L,,
Collections,24NWLC46824,328227106464544768,"Collections Case - Purchased Debt (Charged Off Consumer Debt Purchased on or after January 1,2014)",104513789,2024-11-19 00:00:00.000,Proof of Personal Service,2,167332450134799220731938796856423954,Proof of Service,POS110,,
Collections,24NWLC46824,328227106464544768,"Collections Case - Purchased Debt (Charged Off Consumer Debt Purchased on or after January 1,2014)",110511605,2025-08-04 00:00:00.000,Request for Entry of Default / Judgment,2,1012573520958237630034976165952813625,Request,REQ080,request_for_default_judgment_24nwlc46824_110511605,https://drive.google.com/file/d/1xSVgLiGDGLuTzBBO_l6T3RXCKaCJa1Td/view?usp=drivesdk
Collections,24NWLC46824,328227106464544768,"Collections Case - Purchased Debt (Charged Off Consumer Debt Purchased on or after January 1,2014)",110511607,2025-08-04 00:00:00.000,Declaration Pursuant to 585 CCP in Support of Default Judgment,2,992844621045559893765998419596235597,Declaration,DEC071,declaration_24nwlc46824_110511607,https://drive.google.com/file/d/16fZbHFlE1DEDi60W6wshsX0KOZ7Uck4j/view?usp=drivesdk
Collections,24NWLC46824,328227106464544768,"Collections Case - Purchased Debt (Charged Off Consumer Debt Purchased on or after January 1,2014)",110511608,2025-08-04 00:00:00.000,Declaration of Costs - CCP 1033,2,972450547514558889359307983584495784,Costs,CST010,declaration_24nwlc46824_110511608,
Collections,24NWLC46824,328227106464544768,"Collections Case - Purchased Debt (Charged Off Consumer Debt Purchased on or after January 1,2014)",110511609,2025-08-04 00:00:00.000,Request for Dismissal,2,665447168264701414536811655851456535,Request,REQ070,,
Collections,24NWLC46824,328227106464544768,"Collections Case - Purchased Debt (Charged Off Consumer Debt Purchased on or after January 1,2014)",110511606,2025-09-08 00:00:00.000,Judgment,2,1324588952405351201741478296482693096,Judgment,JUD015,,
Collections,24NWLC47462,328031542555056704,"Collections Case - Purchased Debt (Charged Off Consumer Debt Purchased on or after January 1,2014)",104315024,2024-10-29 00:00:00.000,Complaint,2,287780067815201874063599867525587859,Complaint,COM040,complaint_24nwlc47462_104315024,https://drive.google.com/file/d/1db7R4tmPZp8t__8px1xhKTLjFrSc3GQw/view?usp=drivesdk
Collections,24NWLC47462,328031542555056704,"Collections Case - Purchased Debt (Charged Off Consumer Debt Purchased on or after January 1,2014)",104315025,2024-10-29 00:00:00.000,Declaration (name extension),2,1026391612215469637092106694347787622,Declaration,DEC010,declaration_24nwlc47462_104315025,https://drive.google.com/file/d/1FAVexp-4eePYCzqt70TLDlGAQg_6_erR/view?usp=drivesdk
Collections,24NWLC47462,328031542555056704,"Collections Case - Purchased Debt (Charged Off Consumer Debt Purchased on or after January 1,2014)",104315026,2024-10-29 00:00:00.000,Summons,2,110595122664077736174121017870441864,Issuance,ISS030,,
Collections,24NWLC47462,328031542555056704,"Collections Case - Purchased Debt (Charged Off Consumer Debt Purchased on or after January 1,2014)",104315027,2024-10-29 00:00:00.000,Civil Case Cover Sheet,2,982678220573190696998983797376119118,Miscellaneous,MISC020,,
Collections,24NWLC47462,328031542555056704,"Collections Case - Purchased Debt (Charged Off Consumer Debt Purchased on or after January 1,2014)",104315029,2024-10-29 00:00:00.000,"Order to Show Cause Hearing/Case Management Review (Cal. Rules of Court, rule 3.740)",2,248364540793574083083708734387517061,Order to Show Cause,OSC030,,
Collections,24NWLC47462,328031542555056704,"Collections Case - Purchased Debt (Charged Off Consumer Debt Purchased on or after January 1,2014)",104315030,2024-10-29 00:00:00.000,Notice of Case Assignment - Limited Civil Case,2,368317708019200516883135076618313952,Notice,NTC040L,,
Collections,24NWLC47462,328031542555056704,"Collections Case - Purchased Debt (Charged Off Consumer Debt Purchased on or after January 1,2014)",104577323,2024-11-18 00:00:00.000,Proof of Personal Service,2,1165056353595598494532927438336918908,Proof of Service,POS110,,
Collections,24NWLC47462,328031542555056704,"Collections Case - Purchased Debt (Charged Off Consumer Debt Purchased on or after January 1,2014)",106679344,2025-02-28 00:00:00.000,Request for Entry of Default / Judgment,2,159197915453513992584502128173566740,Request,REQ080,request_for_default_judgment_24nwlc47462_106679344,https://drive.google.com/file/d/1Q4LTP1rgACaBCuSjm-ytPyw3mF0UDSQ2/view?usp=drivesdk
Collections,24NWLC47462,328031542555056704,"Collections Case - Purchased Debt (Charged Off Consumer Debt Purchased on or after January 1,2014)",106679346,2025-02-28 00:00:00.000,Declaration (name extension),2,225974618094178862855997058567867566,Declaration,DEC010,declaration_24nwlc47462_106679346,https://drive.google.com/file/d/16fjJMAQnHbiO_mirDD79NDQHDZzb2MS6/view?usp=drivesdk
Collections,24NWLC47462,328031542555056704,"Collections Case - Purchased Debt (Charged Off Consumer Debt Purchased on or after January 1,2014)",106679347,2025-02-28 00:00:00.000,Declaration (name extension),2,958781384378381323538446557470325479,Declaration,DEC010,declaration_24nwlc47462_106679347,https://drive.google.com/file/d/1W-cBr0sQXRKi_AJJMLHopLsSnp_f6BD5/view?usp=drivesdk
Collections,24NWLC47462,328031542555056704,"Collections Case - Purchased Debt (Charged Off Consumer Debt Purchased on or after January 1,2014)",106679348,2025-02-28 00:00:00.000,Declaration of Costs - CCP 1033,2,1078587748808292826217686958257673284,Costs,CST010,declaration_24nwlc47462_106679348,
Collections,24NWLC47462,328031542555056704,"Collections Case - Purchased Debt (Charged Off Consumer Debt Purchased on or after January 1,2014)",106679349,2025-02-28 00:00:00.000,Declaration re: Attorney's Fees,2,485275701143185378028932796328311964,Declaration,DEC080,declaration_24nwlc47462_106679349,
Collections,24NWLC47462,328031542555056704,"Collections Case - Purchased Debt (Charged Off Consumer Debt Purchased on or after January 1,2014)",106679351,2025-02-28 00:00:00.000,Request for Dismissal,2,814210128161465954568033606152912141,Request,REQ070,,
Collections,24NWLC47462,328031542555056704,"Collections Case - Purchased Debt (Charged Off Consumer Debt Purchased on or after January 1,2014)",106679345,2025-03-13 00:00:00.000,Judgment,2,647467905450139444855748376677186196,Judgment,JUD015,,
Collections,24NWLC47462,328031542555056704,"Collections Case - Purchased Debt (Charged Off Consumer Debt Purchased on or after January 1,2014)",110939239,2025-08-20 00:00:00.000,"Memorandum of Costs After Judgment, Acknowledgment of Credit, and Declaration of Accrued Interest",2,698713827745836727419074218093221491,Costs,CST040,declaration_24nwlc47462_110939239,
Collections,24NWLC47462,328031542555056704,"Collections Case - Purchased Debt (Charged Off Consumer Debt Purchased on or after January 1,2014)",110939238,2025-09-04 00:00:00.000,Writ of Execution,2,300112387652416475510366081658264848,Writ,WRIT030,,
Collections,24NWLC47699,576060337827079360,"Collections Case - Purchased Debt (Charged Off Consumer Debt Purchased on or after January 1,2014)",104354473,2024-10-31 00:00:00.000,Complaint,2,1222098440032426928491919870941658815,Complaint,COM040,complaint_24nwlc47699_104354473,https://drive.google.com/file/d/1PEy2-B8C5UqUFNESdizOOmVgtLrxWml8/view?usp=drivesdk
Collections,24NWLC47699,576060337827079360,"Collections Case - Purchased Debt (Charged Off Consumer Debt Purchased on or after January 1,2014)",104354474,2024-10-31 00:00:00.000,Civil Case Cover Sheet,2,632550161576660727681928387936297292,Miscellaneous,MISC020,,
Collections,24NWLC47699,576060337827079360,"Collections Case - Purchased Debt (Charged Off Consumer Debt Purchased on or after January 1,2014)",104354475,2024-10-31 00:00:00.000,Summons,2,680104407605674485376789052971479102,Issuance,ISS030,,
Collections,24NWLC47699,576060337827079360,"Collections Case - Purchased Debt (Charged Off Consumer Debt Purchased on or after January 1,2014)",104354476,2024-10-31 00:00:00.000,Declaration (name extension),2,606589201340966696644884213867206753,Declaration,DEC010,declaration_24nwlc47699_104354476,https://drive.google.com/file/d/1VKk98o9gMSHsX7qCheS8Osnbb9NPOChA/view?usp=drivesdk
Collections,24NWLC47699,576060337827079360,"Collections Case - Purchased Debt (Charged Off Consumer Debt Purchased on or after January 1,2014)",104354477,2024-10-31 00:00:00.000,"Order to Show Cause Hearing/Case Management Review (Cal. Rules of Court, rule 3.740)",2,492252027898230804837624380654373364,Order to Show Cause,OSC030,,
Collections,24NWLC47699,576060337827079360,"Collections Case - Purchased Debt (Charged Off Consumer Debt Purchased on or after January 1,2014)",104354478,2024-10-31 00:00:00.000,Notice of Case Assignment - Limited Civil Case,2,703100679246035695044952641541770063,Notice,NTC040L,,
Collections,24NWLC47699,576060337827079360,"Collections Case - Purchased Debt (Charged Off Consumer Debt Purchased on or after January 1,2014)",104576525,2024-11-18 00:00:00.000,Proof of Personal Service,2,160805886945172278851112935415665474,Proof of Service,POS110,,
Collections,24NWLC47699,576060337827079360,"Collections Case - Purchased Debt (Charged Off Consumer Debt Purchased on or after January 1,2014)",108595972,2025-05-20 00:00:00.000,Request for Entry of Default / Judgment,2,1140172055000804798570371497478631020,Request,REQ080,request_for_default_judgment_24nwlc47699_108595972,https://drive.google.com/file/d/1wJaDtABb7T6YvTmiwahdUTDYqq79ULif/view?usp=drivesdk
Collections,24NWLC47699,576060337827079360,"Collections Case - Purchased Debt (Charged Off Consumer Debt Purchased on or after January 1,2014)",108595973,2025-05-20 00:00:00.000,Declaration (name extension),2,1270847432866185905533369819919841192,Declaration,DEC010,declaration_24nwlc47699_108595973,https://drive.google.com/file/d/1dCmN2lY6Nu5N2-jLo8BbQssfnBbx2lJe/view?usp=drivesdk
Collections,24NWLC47699,576060337827079360,"Collections Case - Purchased Debt (Charged Off Consumer Debt Purchased on or after January 1,2014)",108595974,2025-05-20 00:00:00.000,Declaration re: Attorney's Fees,2,773756441685281002752282725909191590,Declaration,DEC080,declaration_24nwlc47699_108595974,
Collections,24NWLC47699,576060337827079360,"Collections Case - Purchased Debt (Charged Off Consumer Debt Purchased on or after January 1,2014)",108595976,2025-05-20 00:00:00.000,Declaration (name extension),2,1776075829028331375024555328634134,Declaration,DEC010,declaration_24nwlc47699_108595976,https://drive.google.com/file/d/1zlMPV_KAqVCG08WtTF448zLfvwiWrUWm/view?usp=drivesdk
Collections,24NWLC47699,576060337827079360,"Collections Case - Purchased Debt (Charged Off Consumer Debt Purchased on or after January 1,2014)",108595977,2025-05-20 00:00:00.000,Declaration of Costs - CCP 1033,2,802639532567639360645512847195384600,Costs,CST010,declaration_24nwlc47699_108595977,
Collections,24NWLC47699,576060337827079360,"Collections Case - Purchased Debt (Charged Off Consumer Debt Purchased on or after January 1,2014)",108595978,2025-05-20 00:00:00.000,Request for Dismissal,2,1145517084300733719562439919211106684,Request,REQ070,,
Collections,24NWLC47699,576060337827079360,"Collections Case - Purchased Debt (Charged Off Consumer Debt Purchased on or after January 1,2014)",108595975,2025-06-09 00:00:00.000,Judgment,2,330237031798361087734698616058041865,Judgment,JUD015,,
Collections,24NWLC51041,1111643207508647680,"Collections Case - Purchased Debt (Charged Off Consumer Debt Purchased on or after January 1,2014)",104724475,2024-11-19 00:00:00.000,Complaint,2,1224964438232252525804749685810202415,Complaint,COM040,complaint_24nwlc51041_104724475,https://drive.google.com/file/d/163gVY63WO-GMZKezK-TR915xc_cmCYyH/view?usp=drivesdk
Collections,24NWLC51041,1111643207508647680,"Collections Case - Purchased Debt (Charged Off Consumer Debt Purchased on or after January 1,2014)",104724476,2024-11-19 00:00:00.000,Civil Case Cover Sheet,2,1186368933655566929129893096341875887,Miscellaneous,MISC020,,
Collections,24NWLC51041,1111643207508647680,"Collections Case - Purchased Debt (Charged Off Consumer Debt Purchased on or after January 1,2014)",104724477,2024-11-19 00:00:00.000,Summons,2,157593498740224443259080709659635352,Issuance,ISS030,,
Collections,24NWLC51041,1111643207508647680,"Collections Case - Purchased Debt (Charged Off Consumer Debt Purchased on or after January 1,2014)",104724478,2024-11-19 00:00:00.000,Declaration in Support of Bus. & Prof. Code 6322.1(c)(1),2,375922969509017909313139313748171347,Declaration,DEC075,declaration_24nwlc51041_104724478,
Collections,24NWLC51041,1111643207508647680,"Collections Case - Purchased Debt (Charged Off Consumer Debt Purchased on or after January 1,2014)",104724479,2024-11-19 00:00:00.000,Declaration (name extension),2,104931096557926795183814520875587863,Declaration,DEC010,declaration_24nwlc51041_104724479,https://drive.google.com/file/d/1ZCKIMPe-4sicex0feKm7_IMlMPl0389G/view?usp=drivesdk
Collections,24NWLC51041,1111643207508647680,"Collections Case - Purchased Debt (Charged Off Consumer Debt Purchased on or after January 1,2014)",104724480,2024-11-19 00:00:00.000,"Order to Show Cause Hearing/Case Management Review (Cal. Rules of Court, rule 3.740)",2,1271313278381015896745837076070337593,Order to Show Cause,OSC030,,
Collections,24NWLC51041,1111643207508647680,"Collections Case - Purchased Debt (Charged Off Consumer Debt Purchased on or after January 1,2014)",104724482,2024-11-19 00:00:00.000,Notice of Case Assignment - Limited Civil Case,2,175474703414764274730873219401219479,Notice,NTC040L,,
Collections,24NWLC51041,1111643207508647680,"Collections Case - Purchased Debt (Charged Off Consumer Debt Purchased on or after January 1,2014)",105207726,2024-12-10 00:00:00.000,Proof of Personal Service,2,917625248153093535699321652979001494,Proof of Service,POS110,,
Collections,24NWLC51041,1111643207508647680,"Collections Case - Purchased Debt (Charged Off Consumer Debt Purchased on or after January 1,2014)",107342613,2025-03-25 00:00:00.000,Request for Entry of Default / Judgment,2,759239222273773570302136924206202214,Request,REQ080,request_for_default_judgment_24nwlc51041_107342613,https://drive.google.com/file/d/1J1Vtcn7RIU_1fBa62HTHKflQRZLDQ7JC/view?usp=drivesdk
Collections,24NWLC51041,1111643207508647680,"Collections Case - Purchased Debt (Charged Off Consumer Debt Purchased on or after January 1,2014)",107342614,2025-03-25 00:00:00.000,Declaration of Costs - CCP 1033,2,332616859982101930886809617066003032,Costs,CST010,declaration_24nwlc51041_107342614,
Collections,24NWLC51041,1111643207508647680,"Collections Case - Purchased Debt (Charged Off Consumer Debt Purchased on or after January 1,2014)",107342615,2025-03-25 00:00:00.000,Declaration re: Attorney's Fees,2,535412410372450978707032595383045513,Declaration,DEC080,declaration_24nwlc51041_107342615,
Collections,24NWLC51041,1111643207508647680,"Collections Case - Purchased Debt (Charged Off Consumer Debt Purchased on or after January 1,2014)",107342616,2025-03-25 00:00:00.000,Declaration (name extension),2,73440048482869321301250077620016070,Declaration,DEC010,declaration_24nwlc51041_107342616,https://drive.google.com/file/d/1dblKggcSt58mawG3H7Q9trL1y4rtGGI9/view?usp=drivesdk
Collections,24NWLC51041,1111643207508647680,"Collections Case - Purchased Debt (Charged Off Consumer Debt Purchased on or after January 1,2014)",107342617,2025-03-25 00:00:00.000,Declaration (name extension),2,1002184042790846912513073016902416466,Declaration,DEC010,declaration_24nwlc51041_107342617,https://drive.google.com/file/d/13a_lj2bE_nd62JjXE26_o0WK22FcBu41/view?usp=drivesdk
Collections,24NWLC51041,1111643207508647680,"Collections Case - Purchased Debt (Charged Off Consumer Debt Purchased on or after January 1,2014)",107342619,2025-03-25 00:00:00.000,Request for Dismissal,2,337555909937543938575914654996595549,Request,REQ070,,
Collections,24NWLC51041,1111643207508647680,"Collections Case - Purchased Debt (Charged Off Consumer Debt Purchased on or after January 1,2014)",107342618,2025-04-15 00:00:00.000,Judgment,2,697336988688459679221137300122221058,Judgment,JUD015,,
Collections,24NWLC51572,398604274163019904,"Collections Case - Purchased Debt (Charged Off Consumer Debt Purchased on or after January 1,2014)",104775484,2024-11-22 00:00:00.000,Complaint,2,490718216588411916108751049839883453,Complaint,COM040,complaint_24nwlc51572_104775484,https://drive.google.com/file/d/11NDddeC_ur4NoLSkIkoPx9smn245tMg6/view?usp=drivesdk
Collections,24NWLC51572,398604274163019904,"Collections Case - Purchased Debt (Charged Off Consumer Debt Purchased on or after January 1,2014)",104775485,2024-11-22 00:00:00.000,Declaration in Support of Bus. & Prof. Code 6322.1(c)(1),2,1016207559229788970162278129129700295,Declaration,DEC075,declaration_24nwlc51572_104775485,
Collections,24NWLC51572,398604274163019904,"Collections Case - Purchased Debt (Charged Off Consumer Debt Purchased on or after January 1,2014)",104775486,2024-11-22 00:00:00.000,Summons,2,763109098121130477019941235857575875,Issuance,ISS030,,
Collections,24NWLC51572,398604274163019904,"Collections Case - Purchased Debt (Charged Off Consumer Debt Purchased on or after January 1,2014)",104775487,2024-11-22 00:00:00.000,Civil Case Cover Sheet,2,725740803432793317546940293950402257,Miscellaneous,MISC020,,
Collections,24NWLC51572,398604274163019904,"Collections Case - Purchased Debt (Charged Off Consumer Debt Purchased on or after January 1,2014)",104775488,2024-11-22 00:00:00.000,Declaration (name extension),2,623125499748579242310023532936828726,Declaration,DEC010,declaration_24nwlc51572_104775488,https://drive.google.com/file/d/1NCHN9SKpszY7IU9DP31nHIgtEotWhJmo/view?usp=drivesdk
Collections,24NWLC51572,398604274163019904,"Collections Case - Purchased Debt (Charged Off Consumer Debt Purchased on or after January 1,2014)",104775489,2024-11-22 00:00:00.000,"Order to Show Cause Hearing/Case Management Review (Cal. Rules of Court, rule 3.740)",2,460755892198759312187244314809278022,Order to Show Cause,OSC030,,
Collections,24NWLC51572,398604274163019904,"Collections Case - Purchased Debt (Charged Off Consumer Debt Purchased on or after January 1,2014)",104775490,2024-11-22 00:00:00.000,Notice of Case Assignment - Limited Civil Case,2,1233341974959341659505509623172398371,Notice,NTC040L,,
Collections,24NWLC51572,398604274163019904,"Collections Case - Purchased Debt (Charged Off Consumer Debt Purchased on or after January 1,2014)",104944967,2024-12-10 00:00:00.000,Proof of Personal Service,2,1002865209856184674012253417462235210,Proof of Service,POS110,,
Collections,24NWLC51572,398604274163019904,"Collections Case - Purchased Debt (Charged Off Consumer Debt Purchased on or after January 1,2014)",107371833,2025-03-25 00:00:00.000,Request for Entry of Default / Judgment,2,411033496331181263447099858957740556,Request,REQ080,request_for_default_judgment_24nwlc51572_107371833,https://drive.google.com/file/d/17u7HKVtGdHY-pw0TeGlejoOyiw7eWQT5/view?usp=drivesdk
Collections,24NWLC51572,398604274163019904,"Collections Case - Purchased Debt (Charged Off Consumer Debt Purchased on or after January 1,2014)",107371834,2025-03-25 00:00:00.000,Declaration re: Attorney's Fees,2,1226816592453921189766153255024469028,Declaration,DEC080,declaration_24nwlc51572_107371834,
Collections,24NWLC51572,398604274163019904,"Collections Case - Purchased Debt (Charged Off Consumer Debt Purchased on or after January 1,2014)",107371835,2025-03-25 00:00:00.000,Declaration (name extension),2,1167995068433540189607428807390090609,Declaration,DEC010,declaration_24nwlc51572_107371835,https://drive.google.com/file/d/1tTNzDUO3UpYNzqlfqxl73l-CQdfMneqI/view?usp=drivesdk
Collections,24NWLC51572,398604274163019904,"Collections Case - Purchased Debt (Charged Off Consumer Debt Purchased on or after January 1,2014)",107371836,2025-03-25 00:00:00.000,Request for Dismissal,2,997546754637099652184902509847943813,Request,REQ070,,
Collections,24NWLC51572,398604274163019904,"Collections Case - Purchased Debt (Charged Off Consumer Debt Purchased on or after January 1,2014)",107371837,2025-03-25 00:00:00.000,Declaration of Costs - CCP 1033,2,1072775423243780250725250321686641608,Costs,CST010,declaration_24nwlc51572_107371837,
Collections,24NWLC51572,398604274163019904,"Collections Case - Purchased Debt (Charged Off Consumer Debt Purchased on or after January 1,2014)",107371838,2025-03-25 00:00:00.000,Declaration (name extension),2,580816783538545772612705123422617564,Declaration,DEC010,declaration_24nwlc51572_107371838,https://drive.google.com/file/d/1l1YS_J6f8wu242tVecMx5QPe6BQvkVRe/view?usp=drivesdk
Collections,24NWLC51572,398604274163019904,"Collections Case - Purchased Debt (Charged Off Consumer Debt Purchased on or after January 1,2014)",107371839,2025-04-21 00:00:00.000,Judgment,2,293395979837835090206097720246626604,Judgment,JUD015,,
Collections,24NWLC51572,398604274163019904,"Collections Case - Purchased Debt (Charged Off Consumer Debt Purchased on or after January 1,2014)",110880586,2025-08-19 00:00:00.000,"Memorandum of Costs After Judgment, Acknowledgment of Credit, and Declaration of Accrued Interest",2,667535161498222893219009989361550712,Costs,CST040,declaration_24nwlc51572_110880586,
Collections,24NWLC51572,398604274163019904,"Collections Case - Purchased Debt (Charged Off Consumer Debt Purchased on or after January 1,2014)",110880584,2025-09-02 00:00:00.000,Writ of Execution,2,734932561873738376268200872312501339,Writ,WRIT030,,
Collections,24NWLC52119,887538858671994496,"Collections Case - Purchased Debt (Charged Off Consumer Debt Purchased on or after January 1,2014)",104834590,2024-11-25 00:00:00.000,Complaint,2,1271609656812311945849873293403807066,Complaint,COM040,complaint_24nwlc52119_104834590,https://drive.google.com/file/d/13df-Fl2FN64JU0r4EOV_glgVbalmQCUj/view?usp=drivesdk
Collections,24NWLC52119,887538858671994496,"Collections Case - Purchased Debt (Charged Off Consumer Debt Purchased on or after January 1,2014)",104834591,2024-11-25 00:00:00.000,Declaration in Support of Bus. & Prof. Code 6322.1(c)(1),2,622718245926222353417991023243889817,Declaration,DEC075,declaration_24nwlc52119_104834591,
Collections,24NWLC52119,887538858671994496,"Collections Case - Purchased Debt (Charged Off Consumer Debt Purchased on or after January 1,2014)",104834592,2024-11-25 00:00:00.000,Summons,2,60819011873298428418011108881064072,Issuance,ISS030,,
Collections,24NWLC52119,887538858671994496,"Collections Case - Purchased Debt (Charged Off Consumer Debt Purchased on or after January 1,2014)",104834593,2024-11-25 00:00:00.000,Civil Case Cover Sheet,2,754305875661826574560964659670809347,Miscellaneous,MISC020,,
Collections,24NWLC52119,887538858671994496,"Collections Case - Purchased Debt (Charged Off Consumer Debt Purchased on or after January 1,2014)",104834594,2024-11-25 00:00:00.000,"Order to Show Cause Hearing/Case Management Review (Cal. Rules of Court, rule 3.740)",2,1181770451178439297487167722375235591,Order to Show Cause,OSC030,,
Collections,24NWLC52119,887538858671994496,"Collections Case - Purchased Debt (Charged Off Consumer Debt Purchased on or after January 1,2014)",104834596,2024-11-25 00:00:00.000,Notice of Case Assignment - Limited Civil Case,2,1276170325865989515730938196328261056,Notice,NTC040L,,
Collections,24NWLC52119,887538858671994496,"Collections Case - Purchased Debt (Charged Off Consumer Debt Purchased on or after January 1,2014)",105758403,2025-01-21 00:00:00.000,Proof of Personal Service,2,663455874606508726430421513680264798,Proof of Service,POS110,,
Collections,24NWLC52119,887538858671994496,"Collections Case - Purchased Debt (Charged Off Consumer Debt Purchased on or after January 1,2014)",107225171,2025-03-24 00:00:00.000,Request for Entry of Default / Judgment,2,922158740269250287705378084614830548,Request,REQ080,request_for_default_judgment_24nwlc52119_107225171,https://drive.google.com/file/d/1Rc_x9MwuEo3TEaC3F9_RnBhnmbJWlPLX/view?usp=drivesdk
Collections,24NWLC52119,887538858671994496,"Collections Case - Purchased Debt (Charged Off Consumer Debt Purchased on or after January 1,2014)",107225172,2025-03-24 00:00:00.000,"Declaration of Interest, Costs and Attorney Fees",2,660293527049625857998953390787401336,Costs,CST020,declaration_24nwlc52119_107225172,
Collections,24NWLC52119,887538858671994496,"Collections Case - Purchased Debt (Charged Off Consumer Debt Purchased on or after January 1,2014)",107225173,2025-03-24 00:00:00.000,Declaration Pursuant to 585 CCP in Support of Default Judgment,2,349194245816589718888372391802006493,Declaration,DEC071,declaration_24nwlc52119_107225173,https://drive.google.com/file/d/12t7NafsT3LvoAPkHXdwRDjpYuHcMmDgF/view?usp=drivesdk
Collections,24NWLC52119,887538858671994496,"Collections Case - Purchased Debt (Charged Off Consumer Debt Purchased on or after January 1,2014)",107225170,2025-04-15 00:00:00.000,Default Judgment,2,364228928699119034217318225167706515,Judgment,JUD020,,
Collections,24NWLC52119,887538858671994496,"Collections Case - Purchased Debt (Charged Off Consumer Debt Purchased on or after January 1,2014)",110307689,2025-08-07 00:00:00.000,Abstract of Judgment - Civil and Small Claims,2,283995916104125039603285926950654656,Post Judgment,PJ010,,
Collections,24NWLC53530,758322260927322752,"Collections Case - Purchased Debt (Charged Off Consumer Debt Purchased on or after January 1,2014)",104995349,2024-12-02 00:00:00.000,Complaint,2,910893346565595206869955527260042526,Complaint,COM040,complaint_24nwlc53530_104995349,https://drive.google.com/file/d/1Zyi8ysEdObERm6wAktiPj3NB8qnfS0y5/view?usp=drivesdk
Collections,24NWLC53530,758322260927322752,"Collections Case - Purchased Debt (Charged Off Consumer Debt Purchased on or after January 1,2014)",104995350,2024-12-02 00:00:00.000,Summons,2,1042651982952251715704230391274076570,Issuance,ISS030,,
Collections,24NWLC53530,758322260927322752,"Collections Case - Purchased Debt (Charged Off Consumer Debt Purchased on or after January 1,2014)",104995351,2024-12-02 00:00:00.000,Civil Case Cover Sheet,2,822172518072206426434880181841877603,Miscellaneous,MISC020,,
Collections,24NWLC53530,758322260927322752,"Collections Case - Purchased Debt (Charged Off Consumer Debt Purchased on or after January 1,2014)",104995352,2024-12-02 00:00:00.000,Declaration (name extension),2,653571408477717786055877516960204839,Declaration,DEC010,declaration_24nwlc53530_104995352,https://drive.google.com/file/d/1I42hfTjExj6L77HzxbO3XUesTb9CSHjP/view?usp=drivesdk
Collections,24NWLC53530,758322260927322752,"Collections Case - Purchased Debt (Charged Off Consumer Debt Purchased on or after January 1,2014)",104995353,2024-12-02 00:00:00.000,Declaration in Support of Bus. & Prof. Code 6322.1(c)(1),2,983918159280304112360695646614266507,Declaration,DEC075,declaration_24nwlc53530_104995353,
Collections,24NWLC53530,758322260927322752,"Collections Case - Purchased Debt (Charged Off Consumer Debt Purchased on or after January 1,2014)",104995354,2024-12-02 00:00:00.000,"Order to Show Cause Hearing/Case Management Review (Cal. Rules of Court, rule 3.740)",2,187072444988745837180805076468881121,Order to Show Cause,OSC030,,
Collections,24NWLC53530,758322260927322752,"Collections Case - Purchased Debt (Charged Off Consumer Debt Purchased on or after January 1,2014)",104995355,2024-12-02 00:00:00.000,Notice of Case Assignment - Limited Civil Case,2,549787335040914537988987356358471279,Notice,NTC040L,,
Collections,24NWLC53530,758322260927322752,"Collections Case - Purchased Debt (Charged Off Consumer Debt Purchased on or after January 1,2014)",105184480,2024-12-20 00:00:00.000,Proof of Personal Service,2,402849441852038020180372298483836012,Proof of Service,POS110,,
Collections,24NWLC53530,758322260927322752,"Collections Case - Purchased Debt (Charged Off Consumer Debt Purchased on or after January 1,2014)",108280624,2025-05-05 00:00:00.000,Request for Entry of Default / Judgment,2,90894410305465904482586766954126895,Request,REQ080,request_for_default_judgment_24nwlc53530_108280624,https://drive.google.com/file/d/13Kxq3pJjo-TvF-UdB8DlUbMVIh42PLZa/view?usp=drivesdk
Collections,24NWLC53530,758322260927322752,"Collections Case - Purchased Debt (Charged Off Consumer Debt Purchased on or after January 1,2014)",108280625,2025-05-05 00:00:00.000,Request for Dismissal,2,136883096044165896305217228235601085,Request,REQ070,,
Collections,24NWLC53530,758322260927322752,"Collections Case - Purchased Debt (Charged Off Consumer Debt Purchased on or after January 1,2014)",108280626,2025-05-05 00:00:00.000,Declaration re: Attorney's Fees,2,149385328382562428707032241852750019,Declaration,DEC080,declaration_24nwlc53530_108280626,
Collections,24NWLC53530,758322260927322752,"Collections Case - Purchased Debt (Charged Off Consumer Debt Purchased on or after January 1,2014)",108280627,2025-05-05 00:00:00.000,Declaration (name extension),2,448994166236302179694038448280859491,Declaration,DEC010,declaration_24nwlc53530_108280627,https://drive.google.com/file/d/1Gsd0tCPp1JECG-oEWCvyaAR8zjDo9e8S/view?usp=drivesdk
Collections,24NWLC53530,758322260927322752,"Collections Case - Purchased Debt (Charged Off Consumer Debt Purchased on or after January 1,2014)",108280628,2025-05-05 00:00:00.000,Declaration (name extension),2,994721892474769249490122586767844201,Declaration,DEC010,declaration_24nwlc53530_108280628,https://drive.google.com/file/d/1V0XzKf2S-BRpeqmeGSm0W7EY9rYWBQmm/view?usp=drivesdk
Collections,24NWLC53530,758322260927322752,"Collections Case - Purchased Debt (Charged Off Consumer Debt Purchased on or after January 1,2014)",108280629,2025-05-05 00:00:00.000,Declaration (name extension),2,1190861047072044712682956573729818042,Declaration,DEC010,declaration_24nwlc53530_108280629,https://drive.google.com/file/d/1lr5FVDWry-e_GZTzrzXMNJcP5nGhfi0b/view?usp=drivesdk
Collections,24NWLC53530,758322260927322752,"Collections Case - Purchased Debt (Charged Off Consumer Debt Purchased on or after January 1,2014)",108280630,2025-05-30 00:00:00.000,Judgment,2,806702149271588360501987309522256953,Judgment,JUD015,,
Collections,24NWLC53577,333369264240524480,"Collections Case - Purchased Debt (Charged Off Consumer Debt Purchased on or after January 1,2014)",104999766,2024-12-04 00:00:00.000,Complaint,2,9199418124784285871009175196489125,Complaint,COM040,complaint_24nwlc53577_104999766,https://drive.google.com/file/d/1Mu9avpQSj4XVrpJaisxKQQTMWV80x1em/view?usp=drivesdk
Collections,24NWLC53577,333369264240524480,"Collections Case - Purchased Debt (Charged Off Consumer Debt Purchased on or after January 1,2014)",104999767,2024-12-04 00:00:00.000,Summons,2,42464455296524813167418438828157471,Issuance,ISS030,,
Collections,24NWLC53577,333369264240524480,"Collections Case - Purchased Debt (Charged Off Consumer Debt Purchased on or after January 1,2014)",104999768,2024-12-04 00:00:00.000,Declaration in Support of Bus. & Prof. Code 6322.1(c)(1),2,587428729413527873472675779038187297,Declaration,DEC075,declaration_24nwlc53577_104999768,
Collections,24NWLC53577,333369264240524480,"Collections Case - Purchased Debt (Charged Off Consumer Debt Purchased on or after January 1,2014)",104999769,2024-12-04 00:00:00.000,Civil Case Cover Sheet,2,747036383901800069072196637408905620,Miscellaneous,MISC020,,
Collections,24NWLC53577,333369264240524480,"Collections Case - Purchased Debt (Charged Off Consumer Debt Purchased on or after January 1,2014)",104999770,2024-12-04 00:00:00.000,"Order to Show Cause Hearing/Case Management Review (Cal. Rules of Court, rule 3.740)",2,1290124490932808941108410268179746643,Order to Show Cause,OSC030,,
Collections,24NWLC53577,333369264240524480,"Collections Case - Purchased Debt (Charged Off Consumer Debt Purchased on or after January 1,2014)",104999771,2024-12-04 00:00:00.000,Notice of Case Assignment - Limited Civil Case,2,1248766178144512121964058617552494077,Notice,NTC040L,,
Collections,24NWLC53577,333369264240524480,"Collections Case - Purchased Debt (Charged Off Consumer Debt Purchased on or after January 1,2014)",105360057,2024-12-24 00:00:00.000,Proof of Personal Service,2,809888367942487428830502029860522993,Proof of Service,POS110,,
Collections,24NWLC53577,333369264240524480,"Collections Case - Purchased Debt (Charged Off Consumer Debt Purchased on or after January 1,2014)",107153607,2025-03-19 00:00:00.000,Request for Dismissal,2,765705702700558013772049426838965955,Request,REQ070,,
Collections,24NWLC53577,333369264240524480,"Collections Case - Purchased Debt (Charged Off Consumer Debt Purchased on or after January 1,2014)",107153608,2025-03-19 00:00:00.000,Declaration (name extension),2,822997198534839278924801125323040169,Declaration,DEC010,declaration_24nwlc53577_107153608,https://drive.google.com/file/d/1CaOQtgf-inmPFURJdFhbg0vmfk8x9D0o/view?usp=drivesdk
Collections,24NWLC53577,333369264240524480,"Collections Case - Purchased Debt (Charged Off Consumer Debt Purchased on or after January 1,2014)",107153609,2025-03-19 00:00:00.000,Request for Entry of Default / Judgment,2,144835110860118377391109391291274252,Request,REQ080,request_for_default_judgment_24nwlc53577_107153609,https://drive.google.com/file/d/1LPPrt-rL76mqk5GHedmBY9toPpYBFeoE/view?usp=drivesdk
Collections,24NWLC53577,333369264240524480,"Collections Case - Purchased Debt (Charged Off Consumer Debt Purchased on or after January 1,2014)",107153611,2025-03-19 00:00:00.000,Declaration (name extension),2,500232456954016250149860124465875494,Declaration,DEC010,declaration_24nwlc53577_107153611,https://drive.google.com/file/d/17mY_ZHVSLoihEcoGv4AbZ5Ohrs4cE_93/view?usp=drivesdk
Collections,24NWLC53577,333369264240524480,"Collections Case - Purchased Debt (Charged Off Consumer Debt Purchased on or after January 1,2014)",107153610,2025-04-09 00:00:00.000,Default Judgment,2,247066421877663798724722647392613476,Judgment,JUD020,,
Collections,24NWLC53577,333369264240524480,"Collections Case - Purchased Debt (Charged Off Consumer Debt Purchased on or after January 1,2014)",108955359,2025-06-11 00:00:00.000,Abstract of Judgment - Civil and Small Claims,2,226572929340122761601036182969480562,Post Judgment,PJ010,,
Collections,24NWLC54767,117316622062972240,"Collections Case - Purchased Debt (Charged Off Consumer Debt Purchased on or after January 1,2014)",105153157,2024-12-11 00:00:00.000,Complaint,2,124981334984242383749285675718011338,Complaint,COM040,complaint_24nwlc54767_105153157,https://drive.google.com/file/d/1_6Ebo4bt3qMzNbytKmohNVZQ7rgTfkjt/view?usp=drivesdk
Collections,24NWLC54767,117316622062972240,"Collections Case - Purchased Debt (Charged Off Consumer Debt Purchased on or after January 1,2014)",105153158,2024-12-11 00:00:00.000,Civil Case Cover Sheet,2,559054004104672713698164626611264835,Miscellaneous,MISC020,,
Collections,24NWLC54767,117316622062972240,"Collections Case - Purchased Debt (Charged Off Consumer Debt Purchased on or after January 1,2014)",105153159,2024-12-11 00:00:00.000,Summons,2,738840978112415087731355643071952346,Issuance,ISS030,,
Collections,24NWLC54767,117316622062972240,"Collections Case - Purchased Debt (Charged Off Consumer Debt Purchased on or after January 1,2014)",105153161,2024-12-11 00:00:00.000,"Order to Show Cause Hearing/Case Management Review (Cal. Rules of Court, rule 3.740)",2,1107615331645248048537302896294888629,Order to Show Cause,OSC030,,
Collections,24NWLC54767,117316622062972240,"Collections Case - Purchased Debt (Charged Off Consumer Debt Purchased on or after January 1,2014)",105153162,2024-12-11 00:00:00.000,Notice of Case Assignment - Limited Civil Case,2,862796799696095684893021918114351186,Notice,NTC040L,,
Collections,24NWLC54767,117316622062972240,"Collections Case - Purchased Debt (Charged Off Consumer Debt Purchased on or after January 1,2014)",106732163,2025-03-06 00:00:00.000,Proof of Service by Substituted Service,2,1161669628272865725732745519969754774,Proof of Service,POS160,,
Collections,24NWLC54767,117316622062972240,"Collections Case - Purchased Debt (Charged Off Consumer Debt Purchased on or after January 1,2014)",107865904,2025-04-17 00:00:00.000,Request for Entry of Default / Judgment,2,357492943670851552807786376504382103,Request,REQ080,request_for_default_judgment_24nwlc54767_107865904,https://drive.google.com/file/d/1l19ZwJ6viQOMU1sdwg380YdmJoIurIRN/view?usp=drivesdk
Collections,24NWLC54767,117316622062972240,"Collections Case - Purchased Debt (Charged Off Consumer Debt Purchased on or after January 1,2014)",107865906,2025-04-17 00:00:00.000,Declaration (name extension),2,771369920782321905214088201134912833,Declaration,DEC010,declaration_24nwlc54767_107865906,https://drive.google.com/file/d/1G4exeHq5kSjtAE3b2CL1wt-eBGizr214/view?usp=drivesdk
Collections,24NWLC54767,117316622062972240,"Collections Case - Purchased Debt (Charged Off Consumer Debt Purchased on or after January 1,2014)",107865907,2025-04-17 00:00:00.000,Declaration (name extension),2,268847026130214765791258372849967684,Declaration,DEC010,declaration_24nwlc54767_107865907,https://drive.google.com/file/d/1VLhtplTiuws1cKEH_y5cPFN9ip0PSnQV/view?usp=drivesdk
Collections,24NWLC54767,117316622062972240,"Collections Case - Purchased Debt (Charged Off Consumer Debt Purchased on or after January 1,2014)",107865905,2025-05-14 00:00:00.000,Default Judgment,2,1228840795183626017420821074918586991,Judgment,JUD020,,
Collections,24NWLC56705,274966363456026240,"Collections Case - Purchased Debt (Charged Off Consumer Debt Purchased on or after January 1,2014)",105328833,2024-12-23 00:00:00.000,Complaint,2,598216508814593731616408942107789723,Complaint,COM040,complaint_24nwlc56705_105328833,https://drive.google.com/file/d/1LtfQPf4MhJup4x08iUjV6FJz_10SyJEx/view?usp=drivesdk
Collections,24NWLC56705,274966363456026240,"Collections Case - Purchased Debt (Charged Off Consumer Debt Purchased on or after January 1,2014)",105328834,2024-12-23 00:00:00.000,Summons,2,297251212501546322334176701737846313,Issuance,ISS030,,
Collections,24NWLC56705,274966363456026240,"Collections Case - Purchased Debt (Charged Off Consumer Debt Purchased on or after January 1,2014)",105328835,2024-12-23 00:00:00.000,Civil Case Cover Sheet,2,1266564008531638786216939134624239149,Miscellaneous,MISC020,,
Collections,24NWLC56705,274966363456026240,"Collections Case - Purchased Debt (Charged Off Consumer Debt Purchased on or after January 1,2014)",105328836,2024-12-23 00:00:00.000,Declaration (name extension),2,69690346594584314315886410902471244,Declaration,DEC010,declaration_24nwlc56705_105328836,https://drive.google.com/file/d/1aUm-ZYh3C-Bis6DcRXGR6yyMPDOL_5CN/view?usp=drivesdk
Collections,24NWLC56705,274966363456026240,"Collections Case - Purchased Debt (Charged Off Consumer Debt Purchased on or after January 1,2014)",105328837,2024-12-23 00:00:00.000,Declaration in Support of Bus. & Prof. Code 6322.1(c)(1),2,1049575970071094285026880325483202912,Declaration,DEC075,declaration_24nwlc56705_105328837,
Collections,24NWLC56705,274966363456026240,"Collections Case - Purchased Debt (Charged Off Consumer Debt Purchased on or after January 1,2014)",105328838,2024-12-23 00:00:00.000,"Order to Show Cause Hearing/Case Management Review (Cal. Rules of Court, rule 3.740)",2,54929425794068813830034972955061690,Order to Show Cause,OSC030,,
Collections,24NWLC56705,274966363456026240,"Collections Case - Purchased Debt (Charged Off Consumer Debt Purchased on or after January 1,2014)",105328839,2024-12-23 00:00:00.000,Notice of Case Assignment - Limited Civil Case,2,877616472650276057689698524552138428,Notice,NTC040L,,
Collections,24NWLC56705,274966363456026240,"Collections Case - Purchased Debt (Charged Off Consumer Debt Purchased on or after January 1,2014)",105707878,2025-01-14 00:00:00.000,Proof of Personal Service,2,993797101580809625358268789110020792,Proof of Service,POS110,,
Collections,24NWLC56705,274966363456026240,"Collections Case - Purchased Debt (Charged Off Consumer Debt Purchased on or after January 1,2014)",107802078,2025-04-10 00:00:00.000,Request for Entry of Default / Judgment,2,838321001690393470405762533887201928,Request,REQ080,request_for_default_judgment_24nwlc56705_107802078,https://drive.google.com/file/d/1cvEfqCfnrBk2WuQsd66JVLvzTcwFeTyq/view?usp=drivesdk
Collections,24NWLC56705,274966363456026240,"Collections Case - Purchased Debt (Charged Off Consumer Debt Purchased on or after January 1,2014)",107802080,2025-04-10 00:00:00.000,Request for Dismissal,2,21995149777625091946786867323883742,Request,REQ070,,
Collections,24NWLC56705,274966363456026240,"Collections Case - Purchased Debt (Charged Off Consumer Debt Purchased on or after January 1,2014)",107802081,2025-04-10 00:00:00.000,Declaration (name extension),2,1022748410272198362639808798102558538,Declaration,DEC010,declaration_24nwlc56705_107802081,https://drive.google.com/file/d/1PVvLTW7y_LVMcVYhSZrmNpBrM4mxFpXu/view?usp=drivesdk
Collections,24NWLC56705,274966363456026240,"Collections Case - Purchased Debt (Charged Off Consumer Debt Purchased on or after January 1,2014)",107802082,2025-04-10 00:00:00.000,Declaration (name extension),2,69908783361590673443710579534910440,Declaration,DEC010,declaration_24nwlc56705_107802082,https://drive.google.com/file/d/1_FfggHmKhMYVIcrQ2wknF_gBuJyBtqO1/view?usp=drivesdk
Collections,24NWLC56705,274966363456026240,"Collections Case - Purchased Debt (Charged Off Consumer Debt Purchased on or after January 1,2014)",107802083,2025-04-10 00:00:00.000,Declaration re: Attorney's Fees,2,745199388737142416507581821207401426,Declaration,DEC080,declaration_24nwlc56705_107802083,
Collections,24NWLC56705,274966363456026240,"Collections Case - Purchased Debt (Charged Off Consumer Debt Purchased on or after January 1,2014)",107802084,2025-04-10 00:00:00.000,Declaration of Costs - CCP 1033,2,890639694199153927071717364682494451,Costs,CST010,declaration_24nwlc56705_107802084,
Collections,24NWLC56705,274966363456026240,"Collections Case - Purchased Debt (Charged Off Consumer Debt Purchased on or after January 1,2014)",107802079,2025-05-08 00:00:00.000,Judgment,2,1138318600895449019657140846647154249,Judgment,JUD015,,
Collections,24NWLC56705,274966363456026240,"Collections Case - Purchased Debt (Charged Off Consumer Debt Purchased on or after January 1,2014)",110943491,2025-08-20 00:00:00.000,"Memorandum of Costs After Judgment, Acknowledgment of Credit, and Declaration of Accrued Interest",2,755968783014242799543022100628046596,Costs,CST040,declaration_24nwlc56705_110943491,
Collections,24NWLC56705,274966363456026240,"Collections Case - Purchased Debt (Charged Off Consumer Debt Purchased on or after January 1,2014)",110943490,2025-09-04 00:00:00.000,Writ of Execution,2,378662488663942459178528104775843505,Writ,WRIT030,,
