CASE_NUMBER,DOCUMENT_ID,DOCUMENT_FILED_DATE,DOCUMENT_NAME,DOCUMENT_NAME_DRIVE,LINK_DRIVE
23CHLC04088,91598076,2023-02-14 00:00:00.000,Complaint,complaint_23chlc04088_91598076,https://drive.google.com/file/d/1QQ2jhATpelBlSJpBktarybpRtwsPBrWh/view?usp=drivesdk
23CHLC04088,91598077,2023-02-14 00:00:00.000,Summons,,
23CHLC04088,91598078,2023-02-14 00:00:00.000,Declaration (name extension),declaration_23chlc04088_91598078,https://drive.google.com/file/d/1akavBwhSn4GrOoSbMQYPKyLy8MEkrYhs/view?usp=drivesdk
23CHLC04088,91598079,2023-02-14 00:00:00.000,Civil Case Cover Sheet,,
23CHLC04088,91598080,2023-02-14 00:00:00.000,"Order to Show Cause Hearing/Case Management Review (Cal. Rules of Court, rule 3.740)",,
23CHLC04088,91598081,2023-02-14 00:00:00.000,Notice of Case Assignment - Limited Civil Case,,
23CHLC04088,91934476,2023-03-07 00:00:00.000,Proof of Personal Service,,
23CHLC04088,98714888,2024-02-20 00:00:00.000,Minute Order,,
23CHLC04088,103850347,2024-10-21 00:00:00.000,Request for Entry of Default / Judgment,request_for_default_judgment_23chlc04088_103850347,https://drive.google.com/file/d/1v9vBpNwvozZlMBGdLVOdywAvKmi4qWSb/view?usp=drivesdk
23CHLC04088,103850348,2024-10-21 00:00:00.000,Declaration (name extension),declaration_23chlc04088_103850348,https://drive.google.com/file/d/11YyKUIK5Wz_ruR1MsTPgXEHS0Fsu8wZA/view?usp=drivesdk
23CHLC04088,103850349,2024-10-21 00:00:00.000,Declaration (name extension),declaration_23chlc04088_103850349,https://drive.google.com/file/d/1M3LNB_FJvI235EdmQxpTwmbOSd6E_7S7/view?usp=drivesdk
23CHLC04088,103850350,2024-10-21 00:00:00.000,Request for Dismissal,,
23CHLC04088,103850353,2024-10-21 00:00:00.000,Declaration Pursuant to 585 CCP in Support of Default Judgment,declaration_23chlc04088_103850353,https://drive.google.com/file/d/1sxKSMjdNUuHzg34Z1qWI6izXAmewakN4/view?usp=drivesdk
23CHLC04088,103850351,2024-10-22 00:00:00.000,Order (name extension),,
23CHLC04088,103850352,2024-10-23 00:00:00.000,Default Judgment,,
23CHLC04088,107477402,2025-04-07 00:00:00.000,Notice (name extension),,
23CHLC04088,107477401,2025-04-08 00:00:00.000,Abstract of Judgment - Civil and Small Claims,,
23CHLC12118,93063550,2023-05-05 00:00:00.000,Complaint,complaint_23chlc12118_93063550,https://drive.google.com/file/d/1IZ3WK0PlH0RXB_3Opx0pgp7gnuM46lvD/view?usp=drivesdk
23CHLC12118,93063551,2023-05-05 00:00:00.000,Civil Case Cover Sheet,,
23CHLC12118,93063552,2023-05-05 00:00:00.000,Summons,,
23CHLC12118,93063553,2023-05-05 00:00:00.000,"Order to Show Cause Hearing/Case Management Review (Cal. Rules of Court, rule 3.740)",,
23CHLC12118,93063554,2023-05-05 00:00:00.000,Notice of Case Assignment - Limited Civil Case,,
23CHLC12118,93493205,2023-05-26 00:00:00.000,Proof of Service by Substituted Service,,
23CHLC12118,100018709,2024-04-19 00:00:00.000,Minute Order,,
23CHLC12118,100018710,2024-04-19 00:00:00.000,Certificate of Mailing for,,
23CHLC12118,100981000,2024-06-06 00:00:00.000,Declaration (name extension),declaration_23chlc12118_100981000,https://drive.google.com/file/d/1bxNbJUU1jFHD9loEDvDNLyHO9K4XUcNd/view?usp=drivesdk
23CHLC12118,101237094,2024-06-18 00:00:00.000,Minute Order,,
23CHLC12118,103723014,2024-10-15 00:00:00.000,Request for Dismissal,,
23CHLC12118,103723016,2024-10-15 00:00:00.000,Request for Entry of Default / Judgment,request_for_default_judgment_23chlc12118_103723016,https://drive.google.com/file/d/1m5fQzjbfWP8aYFqUFDIFF64UX332-HvO/view?usp=drivesdk
23CHLC12118,103723015,2024-10-17 00:00:00.000,Default Judgment,,
23CHLC12118,105304712,2024-12-31 00:00:00.000,Abstract of Judgment - Civil and Small Claims,,
23CHLC12580,93145777,2023-05-09 00:00:00.000,Complaint,complaint_23chlc12580_93145777,https://drive.google.com/file/d/1YRrwT3tTdAIYBseinC0nbYb9myLEBEQ0/view?usp=drivesdk
23CHLC12580,93145778,2023-05-09 00:00:00.000,Declaration in Support of Bus. & Prof. Code 6322.1(c)(1),declaration_23chlc12580_93145778,
23CHLC12580,93145779,2023-05-09 00:00:00.000,Summons,,
23CHLC12580,93145780,2023-05-09 00:00:00.000,Civil Case Cover Sheet,,
23CHLC12580,93145785,2023-05-09 00:00:00.000,"Order to Show Cause Hearing/Case Management Review (Cal. Rules of Court, rule 3.740)",,
23CHLC12580,93145786,2023-05-09 00:00:00.000,Notice of Case Assignment - Limited Civil Case,,
23CHLC12580,94828066,2023-08-04 00:00:00.000,Proof of Service by Substituted Service,,
23CHLC12580,98734052,2024-02-20 00:00:00.000,Request for Entry of Default / Judgment,request_for_default_judgment_23chlc12580_98734052,https://drive.google.com/file/d/1Uil18fwcwel-_4czjh2DIi_vtPF2yLv-/view?usp=drivesdk
23CHLC12580,98734053,2024-02-20 00:00:00.000,Declaration (name extension),declaration_23chlc12580_98734053,https://drive.google.com/file/d/1HAI9ngp8VelUY09GvbbdPgXkGLs3u3hE/view?usp=drivesdk
23CHLC12580,98734054,2024-02-20 00:00:00.000,Declaration (name extension),declaration_23chlc12580_98734054,https://drive.google.com/file/d/1IFJClMTB_GSaPjuvsMeOnyiito8_Qzm0/view?usp=drivesdk
23CHLC12580,98734055,2024-02-20 00:00:00.000,Request for Dismissal,,
23CHLC12580,98734056,2024-02-20 00:00:00.000,Default Judgment,,
23CHLC12580,98734057,2024-02-20 00:00:00.000,Summary of the Case,,
23CHLC12580,98734058,2024-02-20 00:00:00.000,Declaration (name extension),declaration_23chlc12580_98734058,https://drive.google.com/file/d/1xwz4ikfzcASYNR_JhAVp0v02RKT4t_YC/view?usp=drivesdk
23CHLC12580,98783473,2024-02-20 00:00:00.000,Notice of Rejection of Electronic Filing,,
23CHLC12580,98783482,2024-02-22 00:00:00.000,Certificate of Mailing for,,
23CHLC12580,100499368,2024-05-14 00:00:00.000,Minute Order,,
23CHLC12580,103469438,2024-10-03 00:00:00.000,Request for Entry of Default / Judgment,request_for_default_judgment_23chlc12580_103469438,
23CHLC12580,103469439,2024-10-03 00:00:00.000,Declaration (name extension),declaration_23chlc12580_103469439,
23CHLC12580,103469441,2024-10-03 00:00:00.000,Declaration of Costs - CCP 1033,declaration_23chlc12580_103469441,
23CHLC12580,103469442,2024-10-03 00:00:00.000,Declaration re: Attorney's Fees,declaration_23chlc12580_103469442,
23CHLC12580,103469443,2024-10-03 00:00:00.000,Summary of the Case,,
23CHLC12580,103469440,2024-10-15 00:00:00.000,Judgment,,
23CHLC16737,94093388,2023-06-29 00:00:00.000,Complaint,complaint_23chlc16737_94093388,https://drive.google.com/file/d/1Xvxnlal1N8QXwlwNMz9ry-ynvqNKOnq1/view?usp=drivesdk
23CHLC16737,94093389,2023-06-29 00:00:00.000,Civil Case Cover Sheet,,
23CHLC16737,94093390,2023-06-29 00:00:00.000,Summons,,
23CHLC16737,94093391,2023-06-29 00:00:00.000,Declaration in Support of Bus. & Prof. Code 6322.1(c)(1),declaration_23chlc16737_94093391,
23CHLC16737,94093392,2023-06-29 00:00:00.000,"Order to Show Cause Hearing/Case Management Review (Cal. Rules of Court, rule 3.740)",,
23CHLC16737,94093393,2023-06-29 00:00:00.000,Notice of Case Assignment - Limited Civil Case,,
23CHLC16737,94690802,2023-07-31 00:00:00.000,Proof of Personal Service,,
23CHLC16737,101484749,2024-06-28 00:00:00.000,Notice of Change of Firm Name,,
23CHLC16737,101484751,2024-06-28 00:00:00.000,Request for Entry of Default / Judgment,request_for_default_judgment_23chlc16737_101484751,
23CHLC16737,101484752,2024-06-28 00:00:00.000,Declaration (name extension),declaration_23chlc16737_101484752,https://drive.google.com/file/d/18c9xC9Mqa7k-iEsM1by8JniiatmtoxW6/view?usp=drivesdk
23CHLC16737,101576794,2024-07-05 00:00:00.000,Minute Order,,
23CHLC16737,103665958,2024-10-10 00:00:00.000,Declaration Pursuant to 585 CCP in Support of Default Judgment,declaration_23chlc16737_103665958,https://drive.google.com/file/d/1G1-uvY4XaEGyaMhzAx8Wpze8P8R4c5jY/view?usp=drivesdk
23CHLC16737,103665959,2024-10-10 00:00:00.000,Declaration (name extension),declaration_23chlc16737_103665959,https://drive.google.com/file/d/1bGQBdjYbclM3PQwisICi6qXqSveuO80Q/view?usp=drivesdk
23CHLC16737,103665960,2024-10-10 00:00:00.000,Declaration (name extension),declaration_23chlc16737_103665960,https://drive.google.com/file/d/1N9XxD_m2a6hdUD0zX4EP6gCk9QY9UvgJ/view?usp=drivesdk
23CHLC16737,103665961,2024-10-10 00:00:00.000,Request for Dismissal,,
23CHLC16737,103665962,2024-10-10 00:00:00.000,Request for Entry of Default / Judgment,request_for_default_judgment_23chlc16737_103665962,https://drive.google.com/file/d/1j9XBY4ABC9FytUKQGO_U3UgUtIZVOsBm/view?usp=drivesdk
23CHLC16737,103665957,2024-10-16 00:00:00.000,Default Judgment,,
23CHLC18504,94449510,2023-07-17 00:00:00.000,Complaint,complaint_23chlc18504_94449510,https://drive.google.com/file/d/1wa2PU5_wQTRXreGgbhEjj5TnumK1G2bT/view?usp=drivesdk
23CHLC18504,94449511,2023-07-17 00:00:00.000,Civil Case Cover Sheet,,
23CHLC18504,94449512,2023-07-17 00:00:00.000,Summons,,
23CHLC18504,94449513,2023-07-17 00:00:00.000,Declaration (name extension),declaration_23chlc18504_94449513,https://drive.google.com/file/d/1YAnaw4KhMK4dzCgaWqWC440CUS6AqGab/view?usp=drivesdk
23CHLC18504,94449514,2023-07-17 00:00:00.000,"Order to Show Cause Hearing/Case Management Review (Cal. Rules of Court, rule 3.740)",,
23CHLC18504,94449515,2023-07-17 00:00:00.000,Notice of Case Assignment - Limited Civil Case,,
23CHLC18504,94540038,2023-07-21 00:00:00.000,Declaration (name extension),declaration_23chlc18504_94540038,https://drive.google.com/file/d/1_ABzd6C_s48pNNOozZeGn_sREkBFZn3J/view?usp=drivesdk
23CHLC18504,94553073,2023-07-24 00:00:00.000,Declaration (name extension),declaration_23chlc18504_94553073,https://drive.google.com/file/d/1XbSyl0_3zXuRjxuxzHjOPUqnGBL2Fvmf/view?usp=drivesdk
23CHLC18504,100466094,2024-05-13 00:00:00.000,Proof of Personal Service,,
23CHLC18504,101892392,2024-07-22 00:00:00.000,Minute Order,,
23CHLC18504,101892395,2024-07-22 00:00:00.000,Certificate of Mailing for,,
23CHLC18504,103409315,2024-09-30 00:00:00.000,Request for Entry of Default / Judgment,request_for_default_judgment_23chlc18504_103409315,https://drive.google.com/file/d/1IEl2dNhHpni6lpsD-vTUbZBwt8D1qDW9/view?usp=drivesdk
23CHLC18504,103409316,2024-09-30 00:00:00.000,Request for Dismissal,,
23CHLC18504,103409317,2024-09-30 00:00:00.000,Declaration (name extension),declaration_23chlc18504_103409317,https://drive.google.com/file/d/1khRl9-uOPgFQ3ktU71zGEjIucxyp3jS2/view?usp=drivesdk
23CHLC18504,103409318,2024-09-30 00:00:00.000,Declaration (name extension),declaration_23chlc18504_103409318,https://drive.google.com/file/d/1TN_aUDl5xhh1M6Bz7-wG2nkRADriUjlV/view?usp=drivesdk
23CHLC18504,103409319,2024-09-30 00:00:00.000,Declaration of Costs - CCP 1033,declaration_23chlc18504_103409319,
23CHLC18504,103409320,2024-09-30 00:00:00.000,Declaration (name extension),declaration_23chlc18504_103409320,https://drive.google.com/file/d/15CIl8934HUb242Vsk3d-ylqJC3QFJVF1/view?usp=drivesdk
23CHLC18504,103409321,2024-10-09 00:00:00.000,Judgment,,
23CHLC18998,94523059,2023-07-20 00:00:00.000,Complaint,complaint_23chlc18998_94523059,https://drive.google.com/file/d/1MHz-FUgffu8UK3g-hO01g2km0Ji-WhPE/view?usp=drivesdk
23CHLC18998,94523060,2023-07-20 00:00:00.000,Summons,,
23CHLC18998,94523062,2023-07-20 00:00:00.000,Civil Case Cover Sheet,,
23CHLC18998,94523063,2023-07-20 00:00:00.000,Declaration in Support of Bus. & Prof. Code 6322.1(c)(1),declaration_23chlc18998_94523063,
23CHLC18998,94523068,2023-07-20 00:00:00.000,"Order to Show Cause Hearing/Case Management Review (Cal. Rules of Court, rule 3.740)",,
23CHLC18998,94523070,2023-07-20 00:00:00.000,Notice of Case Assignment - Limited Civil Case,,
23CHLC18998,95591456,2023-09-13 00:00:00.000,Proof of Service by Substituted Service,,
23CHLC18998,98768329,2024-02-21 00:00:00.000,Request for Entry of Default / Judgment,request_for_default_judgment_23chlc18998_98768329,https://drive.google.com/file/d/1cHqkg95SJGpH-Xhl4ZrpADJpPK4cs1jE/view?usp=drivesdk
23CHLC18998,98768330,2024-02-21 00:00:00.000,Default Judgment,,
23CHLC18998,98768331,2024-02-21 00:00:00.000,Summary of the Case,,
23CHLC18998,98768333,2024-02-21 00:00:00.000,Declaration (name extension),declaration_23chlc18998_98768333,https://drive.google.com/file/d/1LW5CR_SZyhNr7Uxk3GLEIgdvZTPOEeyn/view?usp=drivesdk
23CHLC18998,98768334,2024-02-21 00:00:00.000,Request for Dismissal,,
23CHLC18998,98768335,2024-02-21 00:00:00.000,Declaration re: Attorney's Fees,declaration_23chlc18998_98768335,
23CHLC18998,98768336,2024-02-21 00:00:00.000,Declaration (name extension),declaration_23chlc18998_98768336,https://drive.google.com/file/d/1XxlmCcZc-wN0KI34HaoTlfPuKw-g5B8k/view?usp=drivesdk
23CHLC18998,98828877,2024-02-21 00:00:00.000,Notice of Rejection of Electronic Filing,,
23CHLC18998,98828897,2024-02-23 00:00:00.000,Certificate of Mailing for,,
23CHLC18998,101937211,2024-07-25 00:00:00.000,Minute Order,,
23CHLC18998,104259534,2024-11-06 00:00:00.000,Request for Entry of Default / Judgment,request_for_default_judgment_23chlc18998_104259534,
23CHLC18998,104259536,2024-11-06 00:00:00.000,Declaration (name extension),declaration_23chlc18998_104259536,
23CHLC18998,104259537,2024-11-06 00:00:00.000,Summary of the Case,,
23CHLC18998,104259538,2024-11-06 00:00:00.000,Declaration re: Attorney's Fees,declaration_23chlc18998_104259538,
23CHLC18998,104259539,2024-11-06 00:00:00.000,Declaration of Costs - CCP 1033,declaration_23chlc18998_104259539,
23CHLC18998,104259535,2024-11-15 00:00:00.000,Judgment,,
23CHLC22869,95289635,2023-08-28 00:00:00.000,Complaint,complaint_23chlc22869_95289635,https://drive.google.com/file/d/1Urp2zMzfPBGOXXuvTTXXoGdKMz9yvu1l/view?usp=drivesdk
23CHLC22869,95289636,2023-08-28 00:00:00.000,Summons,,
23CHLC22869,95289637,2023-08-28 00:00:00.000,Civil Case Cover Sheet,,
23CHLC22869,95289638,2023-08-28 00:00:00.000,"Order to Show Cause Hearing/Case Management Review (Cal. Rules of Court, rule 3.740)",,
23CHLC22869,95289639,2023-08-28 00:00:00.000,Notice of Case Assignment - Limited Civil Case,,
23CHLC22869,95700431,2023-09-18 00:00:00.000,Proof of Personal Service,,
23CHLC22869,98728501,2024-02-20 00:00:00.000,Request for Entry of Default / Judgment,request_for_default_judgment_23chlc22869_98728501,
23CHLC22869,98728502,2024-02-20 00:00:00.000,Declaration (name extension),declaration_23chlc22869_98728502,https://drive.google.com/file/d/1yVWyr0DuyjqumINW0n6KDcr36l7Ra0dn/view?usp=drivesdk
23CHLC22869,98728503,2024-02-20 00:00:00.000,Summary of the Case,,
23CHLC22869,98728504,2024-02-20 00:00:00.000,Declaration (name extension),declaration_23chlc22869_98728504,https://drive.google.com/file/d/1dGLDsV5fyaZe3dmWUSpaGLsWOxgqDnCn/view?usp=drivesdk
23CHLC22869,98728505,2024-02-20 00:00:00.000,Default Judgment,,
23CHLC22869,98728506,2024-02-20 00:00:00.000,Request for Dismissal,,
23CHLC22869,98728507,2024-02-20 00:00:00.000,Declaration (name extension),declaration_23chlc22869_98728507,https://drive.google.com/file/d/1YVKnxsIYKQgUDF5f2MfLPdt_7i18lW1O/view?usp=drivesdk
23CHLC22869,98782393,2024-02-20 00:00:00.000,Notice of Rejection of Electronic Filing,,
23CHLC22869,98782421,2024-02-22 00:00:00.000,Certificate of Mailing for,,
23CHLC22869,102782442,2024-09-03 00:00:00.000,Minute Order,,
23CHLC22869,103520646,2024-10-07 00:00:00.000,Request for Entry of Default / Judgment,request_for_default_judgment_23chlc22869_103520646,https://drive.google.com/file/d/1YdxSwt0_sX6Cqr5pUBPiB_GHf9Xu3uvc/view?usp=drivesdk
23CHLC22869,103520647,2024-10-07 00:00:00.000,Declaration re: Attorney's Fees,declaration_23chlc22869_103520647,
23CHLC22869,103520649,2024-10-07 00:00:00.000,Request for Dismissal,,
23CHLC22869,103520650,2024-10-07 00:00:00.000,Declaration (name extension),declaration_23chlc22869_103520650,https://drive.google.com/file/d/1XHdPOxaU5iACFlLoQlp0HDFSrn1ZdYH0/view?usp=drivesdk
23CHLC22869,103520651,2024-10-07 00:00:00.000,Summary of the Case,,
23CHLC22869,103520652,2024-10-07 00:00:00.000,Declaration of Costs - CCP 1033,declaration_23chlc22869_103520652,
23CHLC22869,103520648,2024-10-15 00:00:00.000,Judgment,,
23CHLC26147,95952518,2023-10-02 00:00:00.000,Complaint,complaint_23chlc26147_95952518,https://drive.google.com/file/d/1vNAQv_ob7vOcTPS7kDTkD9k_6IICJnQo/view?usp=drivesdk
23CHLC26147,95952519,2023-10-02 00:00:00.000,Declaration (name extension),declaration_23chlc26147_95952519,https://drive.google.com/file/d/1upjTj63GrYOUqYJc_md_vCklCsIe21vL/view?usp=drivesdk
23CHLC26147,95952520,2023-10-02 00:00:00.000,Declaration in Support of Bus. & Prof. Code 6322.1(c)(1),declaration_23chlc26147_95952520,
23CHLC26147,95952521,2023-10-02 00:00:00.000,Summons,,
23CHLC26147,95952522,2023-10-02 00:00:00.000,Civil Case Cover Sheet,,
23CHLC26147,95952523,2023-10-02 00:00:00.000,"Order to Show Cause Hearing/Case Management Review (Cal. Rules of Court, rule 3.740)",,
23CHLC26147,95952524,2023-10-02 00:00:00.000,Notice of Case Assignment - Limited Civil Case,,
23CHLC26147,96155193,2023-10-10 00:00:00.000,Proof of Personal Service,,
23CHLC26147,103503517,2024-10-07 00:00:00.000,Minute Order,,
23CHLC26147,103847097,2024-10-21 00:00:00.000,Request for Entry of Default / Judgment,request_for_default_judgment_23chlc26147_103847097,https://drive.google.com/file/d/1C19VbGGBdvala5R3ySa48IJhjbQN3-gB/view?usp=drivesdk
23CHLC26147,103847098,2024-10-21 00:00:00.000,Declaration (name extension),declaration_23chlc26147_103847098,https://drive.google.com/file/d/1IZy5tMt3lpZetqti3BBOBc5GhwYj5gtn/view?usp=drivesdk
23CHLC26147,103847099,2024-10-21 00:00:00.000,Declaration (name extension),declaration_23chlc26147_103847099,https://drive.google.com/file/d/1TI87-xQYFCnhAC78OpNJN51eEfaavE3M/view?usp=drivesdk
23CHLC26147,103847100,2024-10-21 00:00:00.000,Declaration re: Attorney's Fees,declaration_23chlc26147_103847100,
23CHLC26147,103847101,2024-10-21 00:00:00.000,Declaration of Costs - CCP 1033,declaration_23chlc26147_103847101,
23CHLC26147,103847102,2024-10-21 00:00:00.000,Request for Dismissal,,
23CHLC26147,103847103,2024-10-25 00:00:00.000,Judgment,,
23CHLC28557,96448482,2023-10-24 00:00:00.000,Complaint,complaint_23chlc28557_96448482,https://drive.google.com/file/d/1XN61ptnNWhH737IsTGdrZeEVa0oIEITh/view?usp=drivesdk
23CHLC28557,96448483,2023-10-24 00:00:00.000,Declaration (name extension),declaration_23chlc28557_96448483,https://drive.google.com/file/d/1Lnp7zOWTDIwe-9XQuU-AQYbg868AFesr/view?usp=drivesdk
23CHLC28557,96448484,2023-10-24 00:00:00.000,Summons,,
23CHLC28557,96448485,2023-10-24 00:00:00.000,Civil Case Cover Sheet,,
23CHLC28557,96448486,2023-10-24 00:00:00.000,"Order to Show Cause Hearing/Case Management Review (Cal. Rules of Court, rule 3.740)",,
23CHLC28557,96448487,2023-10-24 00:00:00.000,Notice of Case Assignment - Limited Civil Case,,
23CHLC28557,96709175,2023-11-06 00:00:00.000,Proof of Service by Substituted Service,,
23CHLC28557,96709254,2023-11-06 00:00:00.000,Proof of Service by Substituted Service,,
23CHLC28557,104016550,2024-10-28 00:00:00.000,Request for Entry of Default / Judgment,request_for_default_judgment_23chlc28557_104016550,https://drive.google.com/file/d/1A9MLrY3EIZNDdKvz8a3DFoQ9VRi9B731/view?usp=drivesdk
23CHLC28557,104016551,2024-10-28 00:00:00.000,Declaration (name extension),declaration_23chlc28557_104016551,https://drive.google.com/file/d/1I4vogydZb2-EkYJzuhRDdgwpncte5G8U/view?usp=drivesdk
23CHLC28557,104016552,2024-10-28 00:00:00.000,Declaration (name extension),declaration_23chlc28557_104016552,https://drive.google.com/file/d/1L4jAL3qUcTDsAuS0YIeJUjtrX7n9B4-t/view?usp=drivesdk
23CHLC28557,104016553,2024-10-28 00:00:00.000,Declaration re: Attorney's Fees,declaration_23chlc28557_104016553,
23CHLC28557,104016554,2024-10-28 00:00:00.000,Declaration (name extension),declaration_23chlc28557_104016554,https://drive.google.com/file/d/1m7TrpbgAS3bC-jYfk3LjN3E1B9mG-fb5/view?usp=drivesdk
23CHLC28557,104016555,2024-10-28 00:00:00.000,Request for Dismissal,,
23CHLC28557,104016557,2024-10-28 00:00:00.000,Declaration (name extension),declaration_23chlc28557_104016557,https://drive.google.com/file/d/18FiWQdxkPDUEDt4O3pifMwqufPUFUUl0/view?usp=drivesdk
23CHLC28557,104016071,2024-10-29 00:00:00.000,Minute Order,,
23CHLC28557,104016556,2024-11-13 00:00:00.000,Default Judgment,,
23NWLC25562,95424645,2023-08-30 00:00:00.000,Complaint,complaint_23nwlc25562_95424645,https://drive.google.com/file/d/1ZE2NEBLGOX1VEz47K6EiAlPgVoXy9kHs/view?usp=drivesdk
23NWLC25562,95424646,2023-08-30 00:00:00.000,Declaration in Support of Bus. & Prof. Code 6322.1(c)(1),declaration_23nwlc25562_95424646,
23NWLC25562,95424647,2023-08-30 00:00:00.000,Civil Case Cover Sheet,,
23NWLC25562,95424648,2023-08-30 00:00:00.000,Summons,,
23NWLC25562,95424649,2023-08-30 00:00:00.000,"Order to Show Cause Hearing/Case Management Review (Cal. Rules of Court, rule 3.740)",,
23NWLC25562,95424650,2023-08-30 00:00:00.000,Notice of Case Assignment - Limited Civil Case,,
23NWLC25562,95491613,2023-09-06 00:00:00.000,Proof of Personal Service,,
23NWLC25562,102826668,2024-09-04 00:00:00.000,Minute Order,,
23NWLC25562,103551479,2024-09-25 00:00:00.000,Request for Entry of Default / Judgment,request_for_default_judgment_23nwlc25562_103551479,https://drive.google.com/file/d/1TGsHlWziloSO3T6iiQf2ku_IbmvKw_G6/view?usp=drivesdk
23NWLC25562,103551480,2024-09-25 00:00:00.000,Declaration of Costs - CCP 1033,declaration_23nwlc25562_103551480,
23NWLC25562,103551481,2024-09-25 00:00:00.000,Request for Dismissal,,
23NWLC25562,103551482,2024-09-25 00:00:00.000,Declaration Pursuant to 585 CCP in Support of Default Judgment,declaration_23nwlc25562_103551482,https://drive.google.com/file/d/1hYxL1C7MuHO-a4qSPDokq0bwGQfdMm2O/view?usp=drivesdk
23NWLC25562,103551483,2024-10-11 00:00:00.000,Judgment,,
23NWLC25562,105220752,2024-12-06 00:00:00.000,"Memorandum of Costs After Judgment, Acknowledgment of Credit, and Declaration of Accrued Interest",declaration_23nwlc25562_105220752,
23NWLC25562,105220751,2024-12-24 00:00:00.000,Writ of Execution,,
23NWLC25562,107476132,2025-04-08 00:00:00.000,Declaration (name extension),declaration_23nwlc25562_107476132,
23NWLC29036,96065301,2023-10-03 00:00:00.000,Complaint,complaint_23nwlc29036_96065301,https://drive.google.com/file/d/16xIIHQwbGbjN7sxDbtVONShjDhTIZb3t/view?usp=drivesdk
23NWLC29036,96065302,2023-10-03 00:00:00.000,Civil Case Cover Sheet,,
23NWLC29036,96065303,2023-10-03 00:00:00.000,Summons,,
23NWLC29036,96065304,2023-10-03 00:00:00.000,"Order to Show Cause Hearing/Case Management Review (Cal. Rules of Court, rule 3.740)",,
23NWLC29036,96065305,2023-10-03 00:00:00.000,Notice of Case Assignment - Limited Civil Case,,
23NWLC29036,96591305,2023-10-27 00:00:00.000,Proof of Service by Substituted Service,,
23NWLC29036,97200501,2023-11-30 00:00:00.000,Amended Complaint,complaint_23nwlc29036_97200501,
23NWLC29036,97200502,2023-12-01 00:00:00.000,Summons,,
23NWLC29036,103538707,2024-10-08 00:00:00.000,Minute Order,,
23NWLC29036,103827421,2024-10-09 00:00:00.000,Request for Entry of Default / Judgment,request_for_default_judgment_23nwlc29036_103827421,https://drive.google.com/file/d/1dBcSA8xRr0quuu9WVDQHf0cpfbLeGgHT/view?usp=drivesdk
23NWLC29036,103827422,2024-10-09 00:00:00.000,Declaration of Costs - CCP 1033,declaration_23nwlc29036_103827422,
23NWLC29036,103827423,2024-10-09 00:00:00.000,Request for Dismissal,,
23NWLC29036,103827424,2024-10-09 00:00:00.000,Declaration Pursuant to 585 CCP in Support of Default Judgment,declaration_23nwlc29036_103827424,https://drive.google.com/file/d/1paKAxLvg0I45JUu12M-X2e0V-R989CzP/view?usp=drivesdk
23NWLC29036,103827425,2024-10-09 00:00:00.000,Declaration re: Attorney's Fees,declaration_23nwlc29036_103827425,
23NWLC29036,103827427,2024-10-09 00:00:00.000,Declaration (name extension),declaration_23nwlc29036_103827427,https://drive.google.com/file/d/1zTQH_9EhYl1PikkVZk9drFy6Sai76tbp/view?usp=drivesdk
23NWLC29036,103827426,2024-10-22 00:00:00.000,Judgment,,
23NWLC30820,96449011,2023-10-19 00:00:00.000,Complaint,complaint_23nwlc30820_96449011,https://drive.google.com/file/d/1lBQKYFVD-h8IxbpanW7u_l7I59ZTouN4/view?usp=drivesdk
23NWLC30820,96449012,2023-10-19 00:00:00.000,Civil Case Cover Sheet,,
23NWLC30820,96449013,2023-10-19 00:00:00.000,Summons,,
23NWLC30820,96449014,2023-10-19 00:00:00.000,"Order to Show Cause Hearing/Case Management Review (Cal. Rules of Court, rule 3.740)",,
23NWLC30820,96449015,2023-10-19 00:00:00.000,Notice of Case Assignment - Limited Civil Case,,
23NWLC30820,96759645,2023-11-07 00:00:00.000,Proof of Service by Substituted Service,,
23NWLC30820,103949578,2024-10-24 00:00:00.000,Minute Order,,
23NWLC30820,105228461,2024-12-17 00:00:00.000,Request for Dismissal,,
23NWLC30820,105228462,2024-12-17 00:00:00.000,Declaration of Costs - CCP 1033,declaration_23nwlc30820_105228462,
23NWLC30820,105228464,2024-12-17 00:00:00.000,Declaration Pursuant to 585 CCP in Support of Default Judgment,declaration_23nwlc30820_105228464,https://drive.google.com/file/d/1sidU4kajHD7dORmg9fpfJy4Y8pR4wozV/view?usp=drivesdk
23NWLC30820,105228465,2024-12-17 00:00:00.000,Request for Entry of Default / Judgment,request_for_default_judgment_23nwlc30820_105228465,https://drive.google.com/file/d/1OJN4Hd1khcEr7cJWJUpwYMVow2iOzHde/view?usp=drivesdk
23NWLC30820,105228463,2024-12-27 00:00:00.000,Judgment,,
23NWLC32904,96754878,2023-11-08 00:00:00.000,Complaint,complaint_23nwlc32904_96754878,https://drive.google.com/file/d/1Tqs7Mg_4zFYigOLLxms9VX3P7blVzBrg/view?usp=drivesdk
23NWLC32904,96754879,2023-11-08 00:00:00.000,Summons,,
23NWLC32904,96754880,2023-11-08 00:00:00.000,Civil Case Cover Sheet,,
23NWLC32904,96754881,2023-11-08 00:00:00.000,Declaration in Support of Bus. & Prof. Code 6322.1(c)(1),declaration_23nwlc32904_96754881,
23NWLC32904,96754882,2023-11-08 00:00:00.000,"Order to Show Cause Hearing/Case Management Review (Cal. Rules of Court, rule 3.740)",,
23NWLC32904,96754883,2023-11-08 00:00:00.000,Notice of Case Assignment - Limited Civil Case,,
23NWLC32904,99677845,2024-03-29 00:00:00.000,Proof of Service by Substituted Service,,
23NWLC32904,103649871,2024-09-25 00:00:00.000,Notice of Change of Address or Other Contact Information,,
23NWLC32904,104064569,2024-10-30 00:00:00.000,Request for Dismissal,,
23NWLC32904,104064570,2024-10-30 00:00:00.000,Request for Entry of Default / Judgment,request_for_default_judgment_23nwlc32904_104064570,https://drive.google.com/file/d/1pDk3k9laXGe4gXIRUx0b_O8AZVOK3A0H/view?usp=drivesdk
23NWLC32904,104064571,2024-10-30 00:00:00.000,Declaration of Costs - CCP 1033,declaration_23nwlc32904_104064571,
23NWLC32904,104064573,2024-10-30 00:00:00.000,Declaration Pursuant to 585 CCP in Support of Default Judgment,declaration_23nwlc32904_104064573,https://drive.google.com/file/d/1sYA_nZS_McrRSUqKHJEWUzZpmM5XtDO6/view?usp=drivesdk
23NWLC32904,104064572,2024-11-05 00:00:00.000,Default Judgment,,
23NWLC32904,108182590,2025-05-02 00:00:00.000,"Memorandum of Costs After Judgment, Acknowledgment of Credit, and Declaration of Accrued Interest",declaration_23nwlc32904_108182590,
23NWLC32904,108182589,2025-05-08 00:00:00.000,Writ of Execution,,
23NWLC33271,96831657,2023-11-13 00:00:00.000,Complaint,complaint_23nwlc33271_96831657,https://drive.google.com/file/d/1Xn56FOcUMxb3ow9rnpqNx9oA1jkwy0Zk/view?usp=drivesdk
23NWLC33271,96831658,2023-11-13 00:00:00.000,Summons,,
23NWLC33271,96831659,2023-11-13 00:00:00.000,Civil Case Cover Sheet,,
23NWLC33271,96831660,2023-11-13 00:00:00.000,Declaration (name extension),declaration_23nwlc33271_96831660,https://drive.google.com/file/d/1XIN7QSbT6fxHpcBo4poQCR_Pj-p-0gbb/view?usp=drivesdk
23NWLC33271,96831661,2023-11-13 00:00:00.000,"Order to Show Cause Hearing/Case Management Review (Cal. Rules of Court, rule 3.740)",,
23NWLC33271,96831663,2023-11-13 00:00:00.000,Notice of Case Assignment - Limited Civil Case,,
23NWLC33271,97171174,2023-11-30 00:00:00.000,Declaration (name extension),declaration_23nwlc33271_97171174,https://drive.google.com/file/d/1E6KFZ_4Vm6mb1OGTD1lRJFTsQ6NIc0bF/view?usp=drivesdk
23NWLC33271,97517807,2023-12-15 00:00:00.000,Proof of Service by Substituted Service,,
23NWLC33271,104310792,2024-11-12 00:00:00.000,Request for Entry of Default / Judgment,request_for_default_judgment_23nwlc33271_104310792,
23NWLC33271,104449783,2024-11-18 00:00:00.000,Minute Order,,
23NWLC33271,105271780,2024-12-10 00:00:00.000,Request for Entry of Default / Judgment,request_for_default_judgment_23nwlc33271_105271780,https://drive.google.com/file/d/15v4AfakgU3KNo2gf5AdQS-zpdVMDsWCI/view?usp=drivesdk
23NWLC33271,105271782,2024-12-10 00:00:00.000,Declaration (name extension),declaration_23nwlc33271_105271782,https://drive.google.com/file/d/1KpV8SChLd83-x0Rbh2ziNS61LvqEH1JN/view?usp=drivesdk
23NWLC33271,105271783,2024-12-10 00:00:00.000,Declaration (name extension),declaration_23nwlc33271_105271783,https://drive.google.com/file/d/1u4ZDddX0hVrL9x3Op-NgyuJbf1kvmD4z/view?usp=drivesdk
23NWLC33271,105271781,2024-12-31 00:00:00.000,Default Judgment,,
23NWLC33271,106311441,2025-02-14 00:00:00.000,"Memorandum of Costs After Judgment, Acknowledgment of Credit, and Declaration of Accrued Interest",declaration_23nwlc33271_106311441,
23NWLC33271,106311440,2025-02-18 00:00:00.000,Writ of Execution,,
23NWLC33271,107258734,2025-03-25 00:00:00.000,Declaration (name extension),declaration_23nwlc33271_107258734,
23NWLC33271,107258735,2025-03-25 00:00:00.000,Proof of Service by Mail,,
23NWLC33801,96957674,2023-11-16 00:00:00.000,Complaint,complaint_23nwlc33801_96957674,https://drive.google.com/file/d/1-46c6MLopXovmDCbaOd6QTxQhUZnikg8/view?usp=drivesdk
23NWLC33801,96957675,2023-11-16 00:00:00.000,Civil Case Cover Sheet,,
23NWLC33801,96957676,2023-11-16 00:00:00.000,Summons,,
23NWLC33801,96957677,2023-11-16 00:00:00.000,Declaration (name extension),declaration_23nwlc33801_96957677,https://drive.google.com/file/d/1JvT26Vk1giqwbuRKsNkrz3_pnGz8pLaQ/view?usp=drivesdk
23NWLC33801,96957678,2023-11-16 00:00:00.000,"Order to Show Cause Hearing/Case Management Review (Cal. Rules of Court, rule 3.740)",,
23NWLC33801,96957679,2023-11-16 00:00:00.000,Notice of Case Assignment - Limited Civil Case,,
23NWLC33801,97110011,2023-11-27 00:00:00.000,Proof of Personal Service,,
23NWLC33801,104156847,2024-10-31 00:00:00.000,Request for Entry of Default / Judgment,request_for_default_judgment_23nwlc33801_104156847,https://drive.google.com/file/d/1Ic3Gc2mfKsoQKM29sawDjhgD9RrLOFjh/view?usp=drivesdk
23NWLC33801,104156849,2024-10-31 00:00:00.000,Request for Dismissal,,
23NWLC33801,104156850,2024-10-31 00:00:00.000,Declaration re: Attorney's Fees,declaration_23nwlc33801_104156850,
23NWLC33801,104156851,2024-10-31 00:00:00.000,Declaration (name extension),declaration_23nwlc33801_104156851,https://drive.google.com/file/d/1jwyzwygcf0Rjngfl_l4jACh2wXCSJYyJ/view?usp=drivesdk
23NWLC33801,104156852,2024-10-31 00:00:00.000,Declaration (name extension),declaration_23nwlc33801_104156852,https://drive.google.com/file/d/1Fu8_xstgLikKoNM3Kw-hhNSPVnIJeqXZ/view?usp=drivesdk
23NWLC33801,104156848,2024-11-05 00:00:00.000,Judgment,,
23NWLC33883,96972597,2023-11-17 00:00:00.000,Complaint,complaint_23nwlc33883_96972597,https://drive.google.com/file/d/1J84DEwlYuzpsBeHKQOdXWMcceBe6QU__/view?usp=drivesdk
23NWLC33883,96972598,2023-11-17 00:00:00.000,Civil Case Cover Sheet,,
23NWLC33883,96972599,2023-11-17 00:00:00.000,Summons,,
23NWLC33883,96972600,2023-11-17 00:00:00.000,"Order to Show Cause Hearing/Case Management Review (Cal. Rules of Court, rule 3.740)",,
23NWLC33883,96972601,2023-11-17 00:00:00.000,Notice of Case Assignment - Limited Civil Case,,
23NWLC33883,97383046,2023-12-06 00:00:00.000,Proof of Service by Substituted Service,,
23NWLC33883,103394510,2024-09-17 00:00:00.000,Request for Dismissal,,
23NWLC33883,103394512,2024-09-17 00:00:00.000,Declaration (name extension),declaration_23nwlc33883_103394512,https://drive.google.com/file/d/1L3FCfiY8oBaMpE08kNf7BUgC-M3COaqJ/view?usp=drivesdk
23NWLC33883,103394513,2024-09-17 00:00:00.000,Declaration (name extension),declaration_23nwlc33883_103394513,https://drive.google.com/file/d/1jM2NvCcopp-Mpafh6slrexzI1fI39ra2/view?usp=drivesdk
23NWLC33883,103394514,2024-09-17 00:00:00.000,Request for Entry of Default / Judgment,request_for_default_judgment_23nwlc33883_103394514,https://drive.google.com/file/d/14USuFFBj50-iT8mZnYiD-o3CBNFUgcRz/view?usp=drivesdk
23NWLC33883,103394511,2024-10-04 00:00:00.000,Default Judgment,,
23NWLC33883,104756058,2024-12-03 00:00:00.000,Abstract of Judgment - Civil and Small Claims,,
23NWLC33883,107722343,2025-04-15 00:00:00.000,Notice of Change of Address or Other Contact Information,,
23NWLC37974,97697421,2023-12-27 00:00:00.000,Complaint,complaint_23nwlc37974_97697421,https://drive.google.com/file/d/1zUm6K4P4AFJ6XVTZeo0vTvh0IOzA-FEP/view?usp=drivesdk
23NWLC37974,97697422,2023-12-27 00:00:00.000,Civil Case Cover Sheet,,
23NWLC37974,97697423,2023-12-27 00:00:00.000,Declaration (name extension),declaration_23nwlc37974_97697423,https://drive.google.com/file/d/1SyfCVNKzmQ8geWO9H04Dixv2IydCkshr/view?usp=drivesdk
23NWLC37974,97697424,2023-12-27 00:00:00.000,Declaration in Support of Bus. & Prof. Code 6322.1(c)(1),declaration_23nwlc37974_97697424,
23NWLC37974,97697425,2023-12-27 00:00:00.000,Summons,,
23NWLC37974,97697426,2023-12-27 00:00:00.000,"Order to Show Cause Hearing/Case Management Review (Cal. Rules of Court, rule 3.740)",,
23NWLC37974,97697427,2023-12-27 00:00:00.000,Notice of Case Assignment - Limited Civil Case,,
23NWLC37974,98116658,2024-01-22 00:00:00.000,Proof of Personal Service,,
23NWLC37974,104445637,2024-11-07 00:00:00.000,Request for Entry of Default / Judgment,request_for_default_judgment_23nwlc37974_104445637,https://drive.google.com/file/d/1yg9Ha2awz_7xGqnldlMu3ADwl4RFHi9P/view?usp=drivesdk
23NWLC37974,104445639,2024-11-07 00:00:00.000,Request for Dismissal,,
23NWLC37974,104445640,2024-11-07 00:00:00.000,Declaration (name extension),declaration_23nwlc37974_104445640,https://drive.google.com/file/d/1gpfLE7uC1oJ2qzQansZyJNMLLXKvovaW/view?usp=drivesdk
23NWLC37974,104445641,2024-11-07 00:00:00.000,Declaration (name extension),declaration_23nwlc37974_104445641,https://drive.google.com/file/d/1k_4WsT1exZ39VovTL4Ox_JrTDhvYMBZ0/view?usp=drivesdk
23NWLC37974,104445642,2024-11-07 00:00:00.000,Declaration (name extension),declaration_23nwlc37974_104445642,https://drive.google.com/file/d/1X99brZrtXzRHm2De3iPdTswRi19qw9nH/view?usp=drivesdk
23NWLC37974,104445643,2024-11-07 00:00:00.000,Declaration re: Attorney's Fees,declaration_23nwlc37974_104445643,
23NWLC37974,104445638,2024-11-22 00:00:00.000,Default Judgment,,
24CHLC00373,97830390,2024-01-05 00:00:00.000,Complaint,complaint_24chlc00373_97830390,https://drive.google.com/file/d/1wmLTfLTjzC9DC313KtlUqeHkFsgXPAPq/view?usp=drivesdk
24CHLC00373,97830391,2024-01-05 00:00:00.000,Declaration (name extension),declaration_24chlc00373_97830391,https://drive.google.com/file/d/1o4eKsFemZyoJCepRERDxzSB10rx05bWD/view?usp=drivesdk
24CHLC00373,97830392,2024-01-05 00:00:00.000,Summons,,
24CHLC00373,97830393,2024-01-05 00:00:00.000,Declaration in Support of Bus. & Prof. Code 6322.1(c)(1),declaration_24chlc00373_97830393,
24CHLC00373,97830394,2024-01-05 00:00:00.000,Civil Case Cover Sheet,,
24CHLC00373,97830395,2024-01-05 00:00:00.000,"Order to Show Cause Hearing/Case Management Review (Cal. Rules of Court, rule 3.740)",,
24CHLC00373,97830396,2024-01-05 00:00:00.000,Notice of Case Assignment - Limited Civil Case,,
24CHLC00373,98140522,2024-01-22 00:00:00.000,Proof of Service by Substituted Service,,
24CHLC00373,103366198,2024-09-30 00:00:00.000,Request for Entry of Default / Judgment,request_for_default_judgment_24chlc00373_103366198,https://drive.google.com/file/d/15_qLBZnyzXppWXha8b57NKbk73PWUSf5/view?usp=drivesdk
24CHLC00373,103366199,2024-09-30 00:00:00.000,Declaration (name extension),declaration_24chlc00373_103366199,https://drive.google.com/file/d/1NJlYu6GDhxdWSohI0H8f0dlVg9z6ErBp/view?usp=drivesdk
24CHLC00373,103366201,2024-09-30 00:00:00.000,Declaration (name extension),declaration_24chlc00373_103366201,https://drive.google.com/file/d/1flt4KOmsaAnehueJNb3Xvvh0V23aclL-/view?usp=drivesdk
24CHLC00373,103366206,2024-09-30 00:00:00.000,Request for Dismissal,,
24CHLC00373,103366207,2024-09-30 00:00:00.000,Declaration of Costs - CCP 1033,declaration_24chlc00373_103366207,
24CHLC00373,103366208,2024-09-30 00:00:00.000,Declaration (name extension),declaration_24chlc00373_103366208,https://drive.google.com/file/d/14PAFthXT5hIJAV1ZtAbskYYwwsU5ENGg/view?usp=drivesdk
24CHLC00373,103366200,2024-10-15 00:00:00.000,Judgment,,
24CHLC00593,97864029,2024-01-05 00:00:00.000,Complaint,complaint_24chlc00593_97864029,https://drive.google.com/file/d/1p7TEWL7bEmdGdMGsD0o2j5L2_bIkaxeo/view?usp=drivesdk
24CHLC00593,97864030,2024-01-05 00:00:00.000,Summons,,
24CHLC00593,97864031,2024-01-05 00:00:00.000,Civil Case Cover Sheet,,
24CHLC00593,97864032,2024-01-05 00:00:00.000,"Order to Show Cause Hearing/Case Management Review (Cal. Rules of Court, rule 3.740)",,
24CHLC00593,97864033,2024-01-05 00:00:00.000,Notice of Case Assignment - Limited Civil Case,,
24CHLC00593,98165368,2024-01-23 00:00:00.000,Proof of Service by Substituted Service,,
24CHLC00593,104939074,2024-12-10 00:00:00.000,Declaration Pursuant to 585 CCP in Support of Default Judgment,declaration_24chlc00593_104939074,https://drive.google.com/file/d/1s2CYboOGAupCvC8HpjDfqYxk8bVuzsdQ/view?usp=drivesdk
24CHLC00593,104939075,2024-12-10 00:00:00.000,Request for Dismissal,,
24CHLC00593,104939076,2024-12-10 00:00:00.000,Request for Entry of Default / Judgment,request_for_default_judgment_24chlc00593_104939076,https://drive.google.com/file/d/1UePY4cWjfyI2kFdu6rGvYBqkjp903-aa/view?usp=drivesdk
24CHLC00593,104939077,2024-12-10 00:00:00.000,Declaration of Costs - CCP 1033,declaration_24chlc00593_104939077,
24CHLC00593,104939078,2024-12-12 00:00:00.000,Judgment,,
24CHLC01046,97939767,2024-01-11 00:00:00.000,Complaint,complaint_24chlc01046_97939767,https://drive.google.com/file/d/1UTp_IgdBPaOudN2z28HRJFyXII6o1EDI/view?usp=drivesdk
24CHLC01046,97939768,2024-01-11 00:00:00.000,Declaration in Support of Bus. & Prof. Code 6322.1(c)(1),declaration_24chlc01046_97939768,
24CHLC01046,97939769,2024-01-11 00:00:00.000,Declaration (name extension),declaration_24chlc01046_97939769,https://drive.google.com/file/d/1uCPIkfF7xw_UpE2yA9xKO31y73X5-O8_/view?usp=drivesdk
24CHLC01046,97939770,2024-01-11 00:00:00.000,Civil Case Cover Sheet,,
24CHLC01046,97939771,2024-01-11 00:00:00.000,Summons,,
24CHLC01046,97939772,2024-01-11 00:00:00.000,"Order to Show Cause Hearing/Case Management Review (Cal. Rules of Court, rule 3.740)",,
24CHLC01046,97939773,2024-01-11 00:00:00.000,Notice of Case Assignment - Limited Civil Case,,
24CHLC01046,98101504,2024-01-17 00:00:00.000,Declaration (name extension),declaration_24chlc01046_98101504,https://drive.google.com/file/d/1373mjIz_raikKiMIjwSjq8sCjD2mSPXO/view?usp=drivesdk
24CHLC01046,98314038,2024-01-30 00:00:00.000,Proof of Service by Substituted Service,,
24CHLC01046,104437183,2024-11-18 00:00:00.000,Request for Entry of Default / Judgment,request_for_default_judgment_24chlc01046_104437183,https://drive.google.com/file/d/1VQR8Y_vz7FMF3SgEuaGppiWdNcEnd1lJ/view?usp=drivesdk
24CHLC01046,104437184,2024-11-18 00:00:00.000,Declaration (name extension),declaration_24chlc01046_104437184,https://drive.google.com/file/d/1t2qKom9APGlzkEPoseNYQUaWuPejFO8Y/view?usp=drivesdk
24CHLC01046,104437185,2024-11-18 00:00:00.000,Declaration (name extension),declaration_24chlc01046_104437185,https://drive.google.com/file/d/1C1BuO7ZVKccY6uLb5bN6DrSClWjOC42f/view?usp=drivesdk
24CHLC01046,104437186,2024-11-21 00:00:00.000,Default Judgment,,
24CHLC07523,99015649,2024-03-01 00:00:00.000,Complaint,complaint_24chlc07523_99015649,https://drive.google.com/file/d/1he-rt-CmW1O5Uo73Wf5N72C_LLsT9fMk/view?usp=drivesdk
24CHLC07523,99015650,2024-03-01 00:00:00.000,Declaration (name extension),declaration_24chlc07523_99015650,https://drive.google.com/file/d/1LEhvMoalJlff0AVEZYh6nPar1KQKg-pr/view?usp=drivesdk
24CHLC07523,99015651,2024-03-01 00:00:00.000,Civil Case Cover Sheet,,
24CHLC07523,99015652,2024-03-01 00:00:00.000,Summons,,
24CHLC07523,99015653,2024-03-01 00:00:00.000,Declaration in Support of Bus. & Prof. Code 6322.1(c)(1),declaration_24chlc07523_99015653,
24CHLC07523,99015654,2024-03-01 00:00:00.000,"Order to Show Cause Hearing/Case Management Review (Cal. Rules of Court, rule 3.740)",,
24CHLC07523,99015655,2024-03-01 00:00:00.000,Notice of Case Assignment - Limited Civil Case,,
24CHLC07523,99658226,2024-04-03 00:00:00.000,Proof of Personal Service,,
24CHLC07523,105238614,2024-12-23 00:00:00.000,Request for Entry of Default / Judgment,request_for_default_judgment_24chlc07523_105238614,https://drive.google.com/file/d/1a-iV25_RsEMAxF1DetUw6mM4DohLSili/view?usp=drivesdk
24CHLC07523,105238615,2024-12-23 00:00:00.000,Declaration (name extension),declaration_24chlc07523_105238615,https://drive.google.com/file/d/1xTdGpBY84_JRgAodW509KKfYsIUBoUyF/view?usp=drivesdk
24CHLC07523,105238617,2024-12-23 00:00:00.000,Declaration (name extension),declaration_24chlc07523_105238617,https://drive.google.com/file/d/1M7rD5uBGUMsSswcxZErkSzEjdeHgx5RZ/view?usp=drivesdk
24CHLC07523,105238616,2024-12-30 00:00:00.000,Default Judgment,,
24CHLC07523,106135932,2025-02-07 00:00:00.000,Abstract of Judgment - Civil and Small Claims,,
24CHLC07523,106135933,2025-02-07 00:00:00.000,Notice (name extension),,
24CHLC07816,99050446,2024-03-05 00:00:00.000,Complaint,complaint_24chlc07816_99050446,https://drive.google.com/file/d/1PpgA9kEnhoUM2KmTQqNWl8auUSb9N-LJ/view?usp=drivesdk
24CHLC07816,99050447,2024-03-05 00:00:00.000,Civil Case Cover Sheet,,
24CHLC07816,99050448,2024-03-05 00:00:00.000,Summons,,
24CHLC07816,99050449,2024-03-05 00:00:00.000,Declaration in Support of Bus. & Prof. Code 6322.1(c)(1),declaration_24chlc07816_99050449,
24CHLC07816,99050450,2024-03-05 00:00:00.000,Declaration (name extension),declaration_24chlc07816_99050450,https://drive.google.com/file/d/11fhifCxUBrNMoXm4n6s1_HGa01SYtyQL/view?usp=drivesdk
24CHLC07816,99050451,2024-03-05 00:00:00.000,"Order to Show Cause Hearing/Case Management Review (Cal. Rules of Court, rule 3.740)",,
24CHLC07816,99050452,2024-03-05 00:00:00.000,Notice of Case Assignment - Limited Civil Case,,
24CHLC07816,99398234,2024-03-21 00:00:00.000,Proof of Personal Service,,
24CHLC07816,105088544,2024-12-17 00:00:00.000,Request for Dismissal,,
24CHLC07816,105088545,2024-12-17 00:00:00.000,Declaration (name extension),declaration_24chlc07816_105088545,https://drive.google.com/file/d/18I5Ygi5zkYW08Twqg2G_9xxxPTMsEeP5/view?usp=drivesdk
24CHLC07816,105088547,2024-12-17 00:00:00.000,Request for Entry of Default / Judgment,request_for_default_judgment_24chlc07816_105088547,https://drive.google.com/file/d/1jHKpC2XmMfUovfEo08ZaxRlZdJSPcZhp/view?usp=drivesdk
24CHLC07816,105088548,2024-12-17 00:00:00.000,Declaration (name extension),declaration_24chlc07816_105088548,https://drive.google.com/file/d/15wo-_6CY0E2VAxfgJH5AJJ8DrlbdEJYa/view?usp=drivesdk
24CHLC07816,105088546,2024-12-18 00:00:00.000,Default Judgment,,
24CHLC07816,107100264,2025-03-21 00:00:00.000,Abstract of Judgment - Civil and Small Claims,,
24CHLC08010,99079712,2024-03-06 00:00:00.000,Complaint,complaint_24chlc08010_99079712,https://drive.google.com/file/d/1WXL5wv6H_QrzHUqldcbpBNm2hVwslQCr/view?usp=drivesdk
24CHLC08010,99079713,2024-03-06 00:00:00.000,Civil Case Cover Sheet,,
24CHLC08010,99079714,2024-03-06 00:00:00.000,Declaration in Support of Bus. & Prof. Code 6322.1(c)(1),declaration_24chlc08010_99079714,
24CHLC08010,99079715,2024-03-06 00:00:00.000,Declaration (name extension),declaration_24chlc08010_99079715,https://drive.google.com/file/d/1TRpkY7ZrxR-auzKmnDG5q5ZxG4o4RmU7/view?usp=drivesdk
24CHLC08010,99079716,2024-03-06 00:00:00.000,Summons,,
24CHLC08010,99079717,2024-03-06 00:00:00.000,"Order to Show Cause Hearing/Case Management Review (Cal. Rules of Court, rule 3.740)",,
24CHLC08010,99079718,2024-03-06 00:00:00.000,Notice of Case Assignment - Limited Civil Case,,
24CHLC08010,99773980,2024-04-09 00:00:00.000,Proof of Service by Substituted Service,,
24CHLC08010,104492340,2024-11-18 00:00:00.000,Request for Entry of Default / Judgment,request_for_default_judgment_24chlc08010_104492340,https://drive.google.com/file/d/1sG0FTl4ruJq_2j1o0U2rt9zVd8OFDs6P/view?usp=drivesdk
24CHLC08010,104492341,2024-11-18 00:00:00.000,Declaration (name extension),declaration_24chlc08010_104492341,https://drive.google.com/file/d/1CDTDcCN5rAPVZ1kDFsFfYSxZR6v_RLvA/view?usp=drivesdk
24CHLC08010,104492342,2024-11-18 00:00:00.000,Declaration (name extension),declaration_24chlc08010_104492342,https://drive.google.com/file/d/1W25LqybX4HVRWBaG_VpruD4XrqdUTF9U/view?usp=drivesdk
24CHLC08010,104492343,2024-11-21 00:00:00.000,Default Judgment,,
24CHLC08010,105148981,2024-12-20 00:00:00.000,Writ of Execution,,
24CHLC08010,105148982,2024-12-20 00:00:00.000,"Memorandum of Costs After Judgment, Acknowledgment of Credit, and Declaration of Accrued Interest",declaration_24chlc08010_105148982,
24CHLC08164,99101903,2024-03-06 00:00:00.000,Complaint,complaint_24chlc08164_99101903,https://drive.google.com/file/d/11VQ1QHbKmVVO92PXAbbK8QybqWZxLhxs/view?usp=drivesdk
24CHLC08164,99101904,2024-03-06 00:00:00.000,Declaration in Support of Bus. & Prof. Code 6322.1(c)(1),declaration_24chlc08164_99101904,
24CHLC08164,99101905,2024-03-06 00:00:00.000,Summons,,
24CHLC08164,99101906,2024-03-06 00:00:00.000,Civil Case Cover Sheet,,
24CHLC08164,99101907,2024-03-06 00:00:00.000,"Order to Show Cause Hearing/Case Management Review (Cal. Rules of Court, rule 3.740)",,
24CHLC08164,99101908,2024-03-06 00:00:00.000,Notice of Case Assignment - Limited Civil Case,,
24CHLC08164,100638388,2024-05-20 00:00:00.000,Proof of Personal Service,,
24CHLC08164,103741515,2024-10-15 00:00:00.000,Request for Entry of Default / Judgment,request_for_default_judgment_24chlc08164_103741515,https://drive.google.com/file/d/1O-x81qyy1oygYy-5IEm-j6aR02-AtepL/view?usp=drivesdk
24CHLC08164,103741517,2024-10-15 00:00:00.000,Declaration Pursuant to 585 CCP in Support of Default Judgment,declaration_24chlc08164_103741517,https://drive.google.com/file/d/1L3db_WbwCz3k8uOyB_2IPZtd6p3rnjXs/view?usp=drivesdk
24CHLC08164,103741518,2024-10-15 00:00:00.000,Declaration Pursuant to 585 CCP in Support of Default Judgment,declaration_24chlc08164_103741518,https://drive.google.com/file/d/1PVKFP-ibG18HsyieY9DViDSgpWQIafqV/view?usp=drivesdk
24CHLC08164,103741519,2024-10-15 00:00:00.000,Declaration of Costs - CCP 1033,declaration_24chlc08164_103741519,
24CHLC08164,103741520,2024-10-15 00:00:00.000,Request for Dismissal,,
24CHLC08164,103741516,2024-10-22 00:00:00.000,Judgment,,
24CHLC10633,99454046,2024-03-22 00:00:00.000,Complaint,complaint_24chlc10633_99454046,https://drive.google.com/file/d/1pbw1JT-MW7KnSUbiqlLbKRw7LUJ7XkDh/view?usp=drivesdk
24CHLC10633,99454047,2024-03-22 00:00:00.000,Civil Case Cover Sheet,,
24CHLC10633,99454048,2024-03-22 00:00:00.000,Summons,,
24CHLC10633,99454049,2024-03-22 00:00:00.000,Declaration in Support of Bus. & Prof. Code 6322.1(c)(1),declaration_24chlc10633_99454049,
24CHLC10633,99454050,2024-03-22 00:00:00.000,Declaration (name extension),declaration_24chlc10633_99454050,https://drive.google.com/file/d/1TKEDxHu-ZMIMAD7TIhUyt9xAlXW6Ao39/view?usp=drivesdk
24CHLC10633,99454051,2024-03-22 00:00:00.000,"Order to Show Cause Hearing/Case Management Review (Cal. Rules of Court, rule 3.740)",,
24CHLC10633,99454052,2024-03-22 00:00:00.000,Notice of Case Assignment - Limited Civil Case,,
24CHLC10633,100443480,2024-05-10 00:00:00.000,Proof of Service by Substituted Service,,
24CHLC10633,102408736,2024-08-14 00:00:00.000,Request for Entry of Default / Judgment,request_for_default_judgment_24chlc10633_102408736,
24CHLC10633,102408737,2024-08-14 00:00:00.000,Notice of Rejection Default/Clerk's Judgment,,
24CHLC10633,102408738,2024-08-14 00:00:00.000,Request for Dismissal,,
24CHLC10633,102408739,2024-08-14 00:00:00.000,Declaration re: Attorney's Fees,declaration_24chlc10633_102408739,
24CHLC10633,102408740,2024-08-14 00:00:00.000,Declaration of Costs - CCP 1033,declaration_24chlc10633_102408740,
24CHLC10633,102408741,2024-08-14 00:00:00.000,Declaration (name extension),declaration_24chlc10633_102408741,https://drive.google.com/file/d/1zwucl5H8k8e7u5KGt46zLJCD8gf6mhIT/view?usp=drivesdk
24CHLC10633,102408742,2024-08-14 00:00:00.000,Declaration (name extension),declaration_24chlc10633_102408742,https://drive.google.com/file/d/1TdgmhIA_11vIrGgk9BXYEZG1QJcbe_eT/view?usp=drivesdk
24CHLC10633,104126222,2024-11-04 00:00:00.000,Request for Entry of Default / Judgment,request_for_default_judgment_24chlc10633_104126222,https://drive.google.com/file/d/1NOBe5hZo13-9W1VzuqIYxr0U3JzXBmTT/view?usp=drivesdk
24CHLC10633,104126223,2024-11-04 00:00:00.000,Declaration (name extension),declaration_24chlc10633_104126223,https://drive.google.com/file/d/12Z7Ylm2561AazNAJxYWWea0do09HC1FV/view?usp=drivesdk
24CHLC10633,104126224,2024-11-04 00:00:00.000,Declaration (name extension),declaration_24chlc10633_104126224,https://drive.google.com/file/d/1GQ12w5BJMWn1SvlhrdldhziYuTKp0cNQ/view?usp=drivesdk
24CHLC10633,104126226,2024-11-04 00:00:00.000,Declaration re: Attorney's Fees,declaration_24chlc10633_104126226,
24CHLC10633,104126227,2024-11-04 00:00:00.000,Declaration of Costs - CCP 1033,declaration_24chlc10633_104126227,
24CHLC10633,104126225,2024-11-19 00:00:00.000,Judgment,,
24CHLC12162,99689966,2024-04-02 00:00:00.000,Complaint,complaint_24chlc12162_99689966,https://drive.google.com/file/d/1YhzLJ0XzyGD9C3Avo_louHScm0mY7rp2/view?usp=drivesdk
24CHLC12162,99689967,2024-04-02 00:00:00.000,Civil Case Cover Sheet,,
24CHLC12162,99689968,2024-04-02 00:00:00.000,Summons,,
24CHLC12162,99689970,2024-04-02 00:00:00.000,"Order to Show Cause Hearing/Case Management Review (Cal. Rules of Court, rule 3.740)",,
24CHLC12162,99689971,2024-04-02 00:00:00.000,Notice of Case Assignment - Limited Civil Case,,
24CHLC12162,101008045,2024-06-07 00:00:00.000,Declaration re: Due Diligence,declaration_24chlc12162_101008045,
24CHLC12162,101008046,2024-06-07 00:00:00.000,Proof of Personal Service,,
24CHLC12162,103853430,2024-10-22 00:00:00.000,Request for Entry of Default / Judgment,request_for_default_judgment_24chlc12162_103853430,https://drive.google.com/file/d/14G8RhxIzf3ReR1QlHp6Js0w5UY_DL5Xp/view?usp=drivesdk
24CHLC12162,103853432,2024-10-22 00:00:00.000,Declaration (name extension),declaration_24chlc12162_103853432,https://drive.google.com/file/d/1fJrHv6S4O9bOO5HecfFkQPfKbNFsWFNf/view?usp=drivesdk
24CHLC12162,103853433,2024-10-22 00:00:00.000,Summary of the Case,,
24CHLC12162,103853434,2024-10-22 00:00:00.000,Declaration re: Attorney's Fees,declaration_24chlc12162_103853434,
24CHLC12162,103853435,2024-10-22 00:00:00.000,Declaration of Costs - CCP 1033,declaration_24chlc12162_103853435,
24CHLC12162,103853436,2024-10-22 00:00:00.000,Request for Dismissal,,
24CHLC12162,103853431,2024-11-01 00:00:00.000,Judgment,,
24CHLC13411,99812497,2024-04-10 00:00:00.000,Complaint,complaint_24chlc13411_99812497,https://drive.google.com/file/d/1TR0ZV_NL2UBSPOey-hq0FpCYak3oqprx/view?usp=drivesdk
24CHLC13411,99812498,2024-04-10 00:00:00.000,Civil Case Cover Sheet,,
24CHLC13411,99812499,2024-04-10 00:00:00.000,Summons,,
24CHLC13411,99812500,2024-04-10 00:00:00.000,Declaration in Support of Bus. & Prof. Code 6322.1(c)(1),declaration_24chlc13411_99812500,
24CHLC13411,99812501,2024-04-10 00:00:00.000,Declaration (name extension),declaration_24chlc13411_99812501,https://drive.google.com/file/d/1yi8ewWGk3zfoLUvwwRrZUAJvMCiXTywp/view?usp=drivesdk
24CHLC13411,99812502,2024-04-10 00:00:00.000,"Order to Show Cause Hearing/Case Management Review (Cal. Rules of Court, rule 3.740)",,
24CHLC13411,99812503,2024-04-10 00:00:00.000,Notice of Case Assignment - Limited Civil Case,,
24CHLC13411,100169759,2024-04-26 00:00:00.000,Proof of Service by Substituted Service,,
24CHLC13411,103403071,2024-09-30 00:00:00.000,Request for Entry of Default / Judgment,request_for_default_judgment_24chlc13411_103403071,https://drive.google.com/file/d/1mbNif60CLGQXoj9pI5IN6Z3_d1VhYQVl/view?usp=drivesdk
24CHLC13411,103403072,2024-09-30 00:00:00.000,Request for Dismissal,,
24CHLC13411,103403073,2024-09-30 00:00:00.000,Declaration (name extension),declaration_24chlc13411_103403073,https://drive.google.com/file/d/1yRpW4zMHnIMZpOOALJz-Qxj62keBaPhg/view?usp=drivesdk
24CHLC13411,103403074,2024-09-30 00:00:00.000,Declaration (name extension),declaration_24chlc13411_103403074,https://drive.google.com/file/d/1g2MnvZKxKG7L4Am_Kd3RbAtwZ0XFCvu8/view?usp=drivesdk
24CHLC13411,103403075,2024-09-30 00:00:00.000,Declaration (name extension),declaration_24chlc13411_103403075,https://drive.google.com/file/d/1sLuuotKxLNRtft-B7_FjM7g0Kuw1RcId/view?usp=drivesdk
24CHLC13411,103403076,2024-09-30 00:00:00.000,Declaration of Costs - CCP 1033,declaration_24chlc13411_103403076,
24CHLC13411,103403077,2024-10-10 00:00:00.000,Judgment,,
24CHLC13411,108477893,2025-05-19 00:00:00.000,"Memorandum of Costs After Judgment, Acknowledgment of Credit, and Declaration of Accrued Interest",declaration_24chlc13411_108477893,
24CHLC13411,108477892,2025-05-21 00:00:00.000,Writ of Execution,,
24CHLC15443,100111141,2024-04-24 00:00:00.000,Complaint,complaint_24chlc15443_100111141,https://drive.google.com/file/d/14djyCVbBfyaJCvG8DXmjkPqX08gENIpT/view?usp=drivesdk
24CHLC15443,100111142,2024-04-24 00:00:00.000,Civil Case Cover Sheet,,
24CHLC15443,100111143,2024-04-24 00:00:00.000,Summons,,
24CHLC15443,100111144,2024-04-24 00:00:00.000,"Order to Show Cause Hearing/Case Management Review (Cal. Rules of Court, rule 3.740)",,
24CHLC15443,100111145,2024-04-24 00:00:00.000,Notice of Case Assignment - Limited Civil Case,,
24CHLC15443,101016956,2024-06-07 00:00:00.000,Proof of Personal Service,,
24CHLC15443,103744771,2024-10-15 00:00:00.000,Request for Entry of Default / Judgment,request_for_default_judgment_24chlc15443_103744771,https://drive.google.com/file/d/1HWk5CedEYAKelPJiIPTOijo7WZPdV8D_/view?usp=drivesdk
24CHLC15443,103744772,2024-10-15 00:00:00.000,Declaration Pursuant to 585 CCP in Support of Default Judgment,declaration_24chlc15443_103744772,https://drive.google.com/file/d/1N9TI0VWTLIiPC1hxWL_TfxpeaPKI4kvx/view?usp=drivesdk
24CHLC15443,103744773,2024-10-15 00:00:00.000,Declaration of Costs - CCP 1033,declaration_24chlc15443_103744773,
24CHLC15443,103744774,2024-10-15 00:00:00.000,Request for Dismissal,,
24CHLC15443,103744775,2024-10-15 00:00:00.000,Declaration Pursuant to 585 CCP in Support of Default Judgment,declaration_24chlc15443_103744775,https://drive.google.com/file/d/1_QPZ_m3qfTA-jFWNEfdEc-T-45LrdmmI/view?usp=drivesdk
24CHLC15443,103744776,2024-10-22 00:00:00.000,Judgment,,
24CHLC15469,100114372,2024-04-23 00:00:00.000,Complaint,complaint_24chlc15469_100114372,https://drive.google.com/file/d/1RpVEyAppylkPqZOIEWWr55IsPEIxFOMW/view?usp=drivesdk
24CHLC15469,100114373,2024-04-23 00:00:00.000,Civil Case Cover Sheet,,
24CHLC15469,100114374,2024-04-23 00:00:00.000,Summons,,
24CHLC15469,100114375,2024-04-23 00:00:00.000,"Order to Show Cause Hearing/Case Management Review (Cal. Rules of Court, rule 3.740)",,
24CHLC15469,100114376,2024-04-23 00:00:00.000,Notice of Case Assignment - Limited Civil Case,,
24CHLC15469,100824161,2024-05-29 00:00:00.000,Proof of Service by Substituted Service,,
24CHLC15469,104944553,2024-12-10 00:00:00.000,Declaration Pursuant to 585 CCP in Support of Default Judgment,declaration_24chlc15469_104944553,https://drive.google.com/file/d/1LyihGmnKIWeq3GjuOgVeH_pDTKwWVsz9/view?usp=drivesdk
24CHLC15469,104944554,2024-12-10 00:00:00.000,Request for Dismissal,,
24CHLC15469,104944556,2024-12-10 00:00:00.000,Declaration of Costs - CCP 1033,declaration_24chlc15469_104944556,
24CHLC15469,104944557,2024-12-10 00:00:00.000,Request for Entry of Default / Judgment,request_for_default_judgment_24chlc15469_104944557,https://drive.google.com/file/d/1fYs2Q9YoSVhdM19CFYwj18c3vseDv5eo/view?usp=drivesdk
24CHLC15469,104944555,2024-12-12 00:00:00.000,Judgment,,
24CHLC15493,100119652,2024-04-25 00:00:00.000,Complaint,complaint_24chlc15493_100119652,https://drive.google.com/file/d/1kQuRwrH2xvou1-UVQq6rqrcVoMQ8mNXD/view?usp=drivesdk
24CHLC15493,100119653,2024-04-25 00:00:00.000,Declaration (name extension),declaration_24chlc15493_100119653,https://drive.google.com/file/d/1dz1Vnag1iJ_kJC09fSV1q2Il3Z_Y4TlI/view?usp=drivesdk
24CHLC15493,100119654,2024-04-25 00:00:00.000,Civil Case Cover Sheet,,
24CHLC15493,100119655,2024-04-25 00:00:00.000,Summons,,
24CHLC15493,100119656,2024-04-25 00:00:00.000,"Order to Show Cause Hearing/Case Management Review (Cal. Rules of Court, rule 3.740)",,
24CHLC15493,100119657,2024-04-25 00:00:00.000,Notice of Case Assignment - Limited Civil Case,,
24CHLC15493,100776999,2024-05-28 00:00:00.000,Proof of Personal Service,,
24CHLC15493,105073752,2024-12-17 00:00:00.000,Request for Entry of Default / Judgment,request_for_default_judgment_24chlc15493_105073752,https://drive.google.com/file/d/1j5kr6mNcsO5aZXO7dHi25JWGkm77qT-k/view?usp=drivesdk
24CHLC15493,105073753,2024-12-17 00:00:00.000,Request for Dismissal,,
24CHLC15493,105073754,2024-12-17 00:00:00.000,Declaration re: Attorney's Fees,declaration_24chlc15493_105073754,
24CHLC15493,105073755,2024-12-17 00:00:00.000,Declaration (name extension),declaration_24chlc15493_105073755,https://drive.google.com/file/d/1mF-6JyLrqBvUjuRsm-yvAZS4RhsGA4B1/view?usp=drivesdk
24CHLC15493,105073756,2024-12-17 00:00:00.000,Declaration (name extension),declaration_24chlc15493_105073756,https://drive.google.com/file/d/1uQh1_sFPHM60ak8b5wCZaE07aK2tiY8_/view?usp=drivesdk
24CHLC15493,105073757,2024-12-18 00:00:00.000,Judgment,,
24CHLC15493,107672114,2025-04-16 00:00:00.000,Abstract of Judgment - Civil and Small Claims,,
24CHLC16272,100270156,2024-05-02 00:00:00.000,Complaint,complaint_24chlc16272_100270156,https://drive.google.com/file/d/1O3pqas7U_fSRWqaDyQjHD-fD4PFx_-AR/view?usp=drivesdk
24CHLC16272,100270157,2024-05-02 00:00:00.000,Summons,,
24CHLC16272,100270158,2024-05-02 00:00:00.000,Civil Case Cover Sheet,,
24CHLC16272,100270159,2024-05-02 00:00:00.000,"Order to Show Cause Hearing/Case Management Review (Cal. Rules of Court, rule 3.740)",,
24CHLC16272,100270165,2024-05-02 00:00:00.000,Notice of Case Assignment - Limited Civil Case,,
24CHLC16272,101424390,2024-06-27 00:00:00.000,Proof of Personal Service,,
24CHLC16272,104015392,2024-10-29 00:00:00.000,Request for Entry of Default / Judgment,request_for_default_judgment_24chlc16272_104015392,https://drive.google.com/file/d/1NAZ4-LwoV0OvlUVwYb-qoMWScyTWhz9w/view?usp=drivesdk
24CHLC16272,104015394,2024-10-29 00:00:00.000,Summary of the Case,,
24CHLC16272,104015395,2024-10-29 00:00:00.000,Declaration (name extension),declaration_24chlc16272_104015395,https://drive.google.com/file/d/1wLL5QX2kjqR2DPvHZhCA79nMsvtDOGBu/view?usp=drivesdk
24CHLC16272,104015396,2024-10-29 00:00:00.000,Declaration of Costs - CCP 1033,declaration_24chlc16272_104015396,
24CHLC16272,104015397,2024-10-29 00:00:00.000,Declaration re: Attorney's Fees,declaration_24chlc16272_104015397,
24CHLC16272,104015398,2024-10-29 00:00:00.000,Request for Dismissal,,
24CHLC16272,104015393,2024-11-13 00:00:00.000,Judgment,,
24CHLC17892,100523873,2024-05-14 00:00:00.000,Complaint,complaint_24chlc17892_100523873,https://drive.google.com/file/d/1Z7Z4dNk5_RHkFXI-LXdgOkQPXKm1zsry/view?usp=drivesdk
24CHLC17892,100523874,2024-05-14 00:00:00.000,Declaration (name extension),declaration_24chlc17892_100523874,https://drive.google.com/file/d/13Q8iSOltslsVRX3L6fXJnNy_NfoIg9VR/view?usp=drivesdk
24CHLC17892,100523875,2024-05-14 00:00:00.000,Declaration in Support of Bus. & Prof. Code 6322.1(c)(1),declaration_24chlc17892_100523875,
24CHLC17892,100523876,2024-05-14 00:00:00.000,Summons,,
24CHLC17892,100523877,2024-05-14 00:00:00.000,Civil Case Cover Sheet,,
24CHLC17892,100523878,2024-05-14 00:00:00.000,"Order to Show Cause Hearing/Case Management Review (Cal. Rules of Court, rule 3.740)",,
24CHLC17892,100523879,2024-05-14 00:00:00.000,Notice of Case Assignment - Limited Civil Case,,
24CHLC17892,101123099,2024-06-12 00:00:00.000,Proof of Service by Substituted Service,,
24CHLC17892,104682842,2024-11-26 00:00:00.000,Request for Entry of Default / Judgment,request_for_default_judgment_24chlc17892_104682842,https://drive.google.com/file/d/1n082C9906N7l1SZw0WvpZXU2T5-chUat/view?usp=drivesdk
24CHLC17892,104682845,2024-11-26 00:00:00.000,Declaration (name extension),declaration_24chlc17892_104682845,https://drive.google.com/file/d/1Q4yfYYtBIXY7RtkEOmHjpSF7nbQ1j7U9/view?usp=drivesdk
24CHLC17892,104682846,2024-11-26 00:00:00.000,Declaration (name extension),declaration_24chlc17892_104682846,https://drive.google.com/file/d/10KCFo1_xPckO6FMYFv7nc65pzgLfjJ6z/view?usp=drivesdk
24CHLC17892,104682847,2024-12-03 00:00:00.000,Default Judgment,,
24CHLC18130,100559587,2024-05-16 00:00:00.000,Complaint,complaint_24chlc18130_100559587,https://drive.google.com/file/d/1SKsFt-89rF0cNFuw14Obx-8OuVYVgEE-/view?usp=drivesdk
24CHLC18130,100559588,2024-05-16 00:00:00.000,Civil Case Cover Sheet,,
24CHLC18130,100559589,2024-05-16 00:00:00.000,Summons,,
24CHLC18130,100559590,2024-05-16 00:00:00.000,Declaration in Support of Bus. & Prof. Code 6322.1(c)(1),declaration_24chlc18130_100559590,
24CHLC18130,100559591,2024-05-16 00:00:00.000,Declaration (name extension),declaration_24chlc18130_100559591,https://drive.google.com/file/d/1PfiyrbGHWYqmbt4pD5SRkSkabGxO3Lxq/view?usp=drivesdk
24CHLC18130,100559592,2024-05-16 00:00:00.000,"Order to Show Cause Hearing/Case Management Review (Cal. Rules of Court, rule 3.740)",,
24CHLC18130,100559593,2024-05-16 00:00:00.000,Notice of Case Assignment - Limited Civil Case,,
24CHLC18130,100857371,2024-05-31 00:00:00.000,Proof of Personal Service,,
24CHLC18130,102430005,2024-08-14 00:00:00.000,Request for Entry of Default / Judgment,request_for_default_judgment_24chlc18130_102430005,https://drive.google.com/file/d/13pIvhsABpBsScNq5Bg8clybxbMMaVzlC/view?usp=drivesdk
24CHLC18130,102430006,2024-08-14 00:00:00.000,Declaration (name extension),declaration_24chlc18130_102430006,https://drive.google.com/file/d/1Q9jjnzE-KRbhgbnrjSIFHidRABDvk6sv/view?usp=drivesdk
24CHLC18130,102430007,2024-08-14 00:00:00.000,Declaration re: Attorney's Fees,declaration_24chlc18130_102430007,
24CHLC18130,102430008,2024-08-14 00:00:00.000,Declaration of Costs - CCP 1033,declaration_24chlc18130_102430008,
24CHLC18130,102430009,2024-08-14 00:00:00.000,Declaration (name extension),declaration_24chlc18130_102430009,https://drive.google.com/file/d/1Myn7_PIfh0ht2DSnM6lPM4UPoSnGgDpY/view?usp=drivesdk
24CHLC18130,102430010,2024-08-14 00:00:00.000,Request for Dismissal,,
24CHLC18130,103310250,2024-09-25 00:00:00.000,Request for Entry of Default / Judgment,request_for_default_judgment_24chlc18130_103310250,
24CHLC18130,103310252,2024-09-25 00:00:00.000,Declaration of Costs - CCP 1033,declaration_24chlc18130_103310252,
24CHLC18130,103310253,2024-09-25 00:00:00.000,Declaration (name extension),declaration_24chlc18130_103310253,
24CHLC18130,103310255,2024-09-25 00:00:00.000,Declaration re: Attorney's Fees,declaration_24chlc18130_103310255,
24CHLC18130,103310257,2024-09-25 00:00:00.000,Declaration (name extension),declaration_24chlc18130_103310257,
24CHLC18130,103310256,2024-10-10 00:00:00.000,Judgment,,
24CHLC18130,105758878,2025-01-22 00:00:00.000,Writ of Execution,,
24CHLC18130,105758879,2025-01-22 00:00:00.000,"Memorandum of Costs After Judgment, Acknowledgment of Credit, and Declaration of Accrued Interest",declaration_24chlc18130_105758879,
24CHLC18130,107469391,2025-04-07 00:00:00.000,Declaration (name extension),declaration_24chlc18130_107469391,
24CHLC18229,100574289,2024-05-16 00:00:00.000,Complaint,complaint_24chlc18229_100574289,https://drive.google.com/file/d/1CTjQqyewzpx9V-_rG3YN6eItPxr_CEvC/view?usp=drivesdk
24CHLC18229,100574290,2024-05-16 00:00:00.000,Summons,,
24CHLC18229,100574291,2024-05-16 00:00:00.000,Civil Case Cover Sheet,,
24CHLC18229,100574292,2024-05-16 00:00:00.000,"Order to Show Cause Hearing/Case Management Review (Cal. Rules of Court, rule 3.740)",,
24CHLC18229,100574293,2024-05-16 00:00:00.000,Notice of Case Assignment - Limited Civil Case,,
24CHLC18229,100848124,2024-05-30 00:00:00.000,Proof of Personal Service,,
24CHLC18229,103745504,2024-10-15 00:00:00.000,Request for Entry of Default / Judgment,request_for_default_judgment_24chlc18229_103745504,https://drive.google.com/file/d/1HrUKlkTxiYotcL36XFUdSQKXLUgEeDV4/view?usp=drivesdk
24CHLC18229,103745506,2024-10-15 00:00:00.000,Declaration Pursuant to 585 CCP in Support of Default Judgment,declaration_24chlc18229_103745506,https://drive.google.com/file/d/1mdG3K7leAyqI06FLGmwr-wJERqUGu6WP/view?usp=drivesdk
24CHLC18229,103745507,2024-10-15 00:00:00.000,Request for Dismissal,,
24CHLC18229,103745508,2024-10-15 00:00:00.000,Declaration of Costs - CCP 1033,declaration_24chlc18229_103745508,
24CHLC18229,103745509,2024-10-15 00:00:00.000,Declaration Pursuant to 585 CCP in Support of Default Judgment,declaration_24chlc18229_103745509,https://drive.google.com/file/d/11Db7IAF2G_CUSXWoHd8jF1u_GF0HfaUU/view?usp=drivesdk
24CHLC18229,103745505,2024-10-22 00:00:00.000,Judgment,,
24CHLC18921,100653670,2024-05-21 00:00:00.000,Complaint,complaint_24chlc18921_100653670,https://drive.google.com/file/d/1WHCR2eqacD3R-H4gA5WacowSVZtG3s_s/view?usp=drivesdk
24CHLC18921,100653671,2024-05-21 00:00:00.000,Summons,,
24CHLC18921,100653672,2024-05-21 00:00:00.000,Civil Case Cover Sheet,,
24CHLC18921,100653673,2024-05-21 00:00:00.000,Declaration in Support of Bus. & Prof. Code 6322.1(c)(1),declaration_24chlc18921_100653673,
24CHLC18921,100653674,2024-05-21 00:00:00.000,"Order to Show Cause Hearing/Case Management Review (Cal. Rules of Court, rule 3.740)",,
24CHLC18921,100653675,2024-05-21 00:00:00.000,Notice of Case Assignment - Limited Civil Case,,
24CHLC18921,101043402,2024-06-10 00:00:00.000,Proof of Personal Service,,
24CHLC18921,103996771,2024-10-28 00:00:00.000,Request for Entry of Default / Judgment,request_for_default_judgment_24chlc18921_103996771,https://drive.google.com/file/d/18TvhpVtXAJ_Eog4a7-ZxYlbSyd0qEWHf/view?usp=drivesdk
24CHLC18921,103996772,2024-10-28 00:00:00.000,Declaration of Costs - CCP 1033,declaration_24chlc18921_103996772,
24CHLC18921,103996773,2024-10-28 00:00:00.000,Request for Dismissal,,
24CHLC18921,103996774,2024-10-28 00:00:00.000,Summary of the Case,,
24CHLC18921,103996775,2024-10-28 00:00:00.000,Declaration re: Attorney's Fees,declaration_24chlc18921_103996775,
24CHLC18921,103996777,2024-10-28 00:00:00.000,Declaration (name extension),declaration_24chlc18921_103996777,https://drive.google.com/file/d/1QkZfPNlpkACbrMVk3iUCmQTXJ6HE-h1T/view?usp=drivesdk
24CHLC18921,103996776,2024-10-29 00:00:00.000,Judgment,,
24CHLC19088,100674756,2024-05-21 00:00:00.000,Complaint,complaint_24chlc19088_100674756,https://drive.google.com/file/d/1cmOyaM8BbOLqaR3KWIyNMxAyJXu0QWcV/view?usp=drivesdk
24CHLC19088,100674757,2024-05-21 00:00:00.000,Civil Case Cover Sheet,,
24CHLC19088,100674758,2024-05-21 00:00:00.000,Declaration in Support of Bus. & Prof. Code 6322.1(c)(1),declaration_24chlc19088_100674758,
24CHLC19088,100674759,2024-05-21 00:00:00.000,Summons,,
24CHLC19088,100674760,2024-05-21 00:00:00.000,"Order to Show Cause Hearing/Case Management Review (Cal. Rules of Court, rule 3.740)",,
24CHLC19088,100674761,2024-05-21 00:00:00.000,Notice of Case Assignment - Limited Civil Case,,
24CHLC19088,101564371,2024-07-03 00:00:00.000,Proof of Personal Service,,
24CHLC19088,103375885,2024-09-26 00:00:00.000,Request for Entry of Default / Judgment,request_for_default_judgment_24chlc19088_103375885,https://drive.google.com/file/d/12J8-94WEozyv3ISITPdYs__4-RcVTUwu/view?usp=drivesdk
24CHLC19088,103375887,2024-09-26 00:00:00.000,Declaration (name extension),declaration_24chlc19088_103375887,https://drive.google.com/file/d/1KnWYMZiurWfOhNP1a7ttB_wIH211YtNO/view?usp=drivesdk
24CHLC19088,103375888,2024-09-26 00:00:00.000,Declaration (name extension),declaration_24chlc19088_103375888,https://drive.google.com/file/d/1TQ8s5uvEUcPn8vGNsNNGWRVwN8mO0pg_/view?usp=drivesdk
24CHLC19088,103375886,2024-10-10 00:00:00.000,Default Judgment,,
24CHLC19890,100772758,2024-05-23 00:00:00.000,Complaint,complaint_24chlc19890_100772758,https://drive.google.com/file/d/1DL7l5A99mRTm8YlIaBfI6oHm9SWH7iax/view?usp=drivesdk
24CHLC19890,100772759,2024-05-23 00:00:00.000,Declaration (name extension),declaration_24chlc19890_100772759,https://drive.google.com/file/d/18SMH0b-P_5IoTbbhubX_HWbf_aBTB9el/view?usp=drivesdk
24CHLC19890,100772760,2024-05-23 00:00:00.000,Summons,,
24CHLC19890,100772761,2024-05-23 00:00:00.000,Civil Case Cover Sheet,,
24CHLC19890,100772762,2024-05-23 00:00:00.000,"Order to Show Cause Hearing/Case Management Review (Cal. Rules of Court, rule 3.740)",,
24CHLC19890,100772763,2024-05-23 00:00:00.000,Notice of Case Assignment - Limited Civil Case,,
24CHLC19890,101142283,2024-06-13 00:00:00.000,Proof of Service by Substituted Service,,
24CHLC19890,105025919,2024-12-16 00:00:00.000,Request for Dismissal,,
24CHLC19890,105025921,2024-12-16 00:00:00.000,Request for Entry of Default / Judgment,request_for_default_judgment_24chlc19890_105025921,https://drive.google.com/file/d/1EacmqWiO8vlbPG4nFSiTLW1bmPAzvNJa/view?usp=drivesdk
24CHLC19890,105025922,2024-12-16 00:00:00.000,Declaration (name extension),declaration_24chlc19890_105025922,https://drive.google.com/file/d/1TaSRpDn0lAhCK8fJIzYE351zKCSI1J_Q/view?usp=drivesdk
24CHLC19890,105025923,2024-12-16 00:00:00.000,Declaration (name extension),declaration_24chlc19890_105025923,https://drive.google.com/file/d/1N_BBv-lWLwyUD_mr12x04QAHjLH-qIUR/view?usp=drivesdk
24CHLC19890,105025920,2024-12-19 00:00:00.000,Default Judgment,,
24CHLC21170,100938192,2024-06-03 00:00:00.000,Complaint,complaint_24chlc21170_100938192,https://drive.google.com/file/d/14SwfrwZSsQok5X-Ibld5bhUDRBCeI-9p/view?usp=drivesdk
24CHLC21170,100938193,2024-06-03 00:00:00.000,Summons,,
24CHLC21170,100938194,2024-06-03 00:00:00.000,Declaration in Support of Bus. & Prof. Code 6322.1(c)(1),declaration_24chlc21170_100938194,
24CHLC21170,100938195,2024-06-03 00:00:00.000,Civil Case Cover Sheet,,
24CHLC21170,100938196,2024-06-03 00:00:00.000,Declaration (name extension),declaration_24chlc21170_100938196,https://drive.google.com/file/d/1uD51NBezkE6xV1mVtcIUEUDb_1y4ESI2/view?usp=drivesdk
24CHLC21170,100938197,2024-06-03 00:00:00.000,"Order to Show Cause Hearing/Case Management Review (Cal. Rules of Court, rule 3.740)",,
24CHLC21170,100938199,2024-06-03 00:00:00.000,Notice of Case Assignment - Limited Civil Case,,
24CHLC21170,101204719,2024-06-14 00:00:00.000,Proof of Personal Service,,
24CHLC21170,103398713,2024-10-01 00:00:00.000,Request for Entry of Default / Judgment,request_for_default_judgment_24chlc21170_103398713,https://drive.google.com/file/d/1GCo4h_OFXvjf2igEOWoBIezRx0vsh5yG/view?usp=drivesdk
24CHLC21170,103398714,2024-10-01 00:00:00.000,Request for Dismissal,,
24CHLC21170,103398715,2024-10-01 00:00:00.000,Declaration of Costs - CCP 1033,declaration_24chlc21170_103398715,
24CHLC21170,103398716,2024-10-01 00:00:00.000,Declaration (name extension),declaration_24chlc21170_103398716,https://drive.google.com/file/d/1uY_ai5pvOztX7asZ_3qDt1Xl_h9ldf40/view?usp=drivesdk
24CHLC21170,103398717,2024-10-01 00:00:00.000,Declaration (name extension),declaration_24chlc21170_103398717,https://drive.google.com/file/d/1Milr6CBPKmfk8eI_Xh26lIEvPzxQVL9L/view?usp=drivesdk
24CHLC21170,103398718,2024-10-01 00:00:00.000,Declaration re: Attorney's Fees,declaration_24chlc21170_103398718,
24CHLC21170,103398719,2024-10-01 00:00:00.000,Declaration (name extension),declaration_24chlc21170_103398719,https://drive.google.com/file/d/1DVkU8U4zqv3jhg2JeBAgAqdCLKAIQ12g/view?usp=drivesdk
24CHLC21170,103398720,2024-10-09 00:00:00.000,Judgment,,
24CHLC21170,105222987,2024-12-23 00:00:00.000,"Memorandum of Costs After Judgment, Acknowledgment of Credit, and Declaration of Accrued Interest",declaration_24chlc21170_105222987,
24CHLC21170,105222986,2024-12-24 00:00:00.000,Writ of Execution,,
24CHLC21170,106563148,2025-02-26 00:00:00.000,Declaration (name extension),declaration_24chlc21170_106563148,
24CHLC21219,100943147,2024-06-03 00:00:00.000,Complaint,complaint_24chlc21219_100943147,https://drive.google.com/file/d/1HKpO4woNA_xYj2oxja6wgZt30PZuOD4p/view?usp=drivesdk
24CHLC21219,100943148,2024-06-03 00:00:00.000,Summons,,
24CHLC21219,100943149,2024-06-03 00:00:00.000,Civil Case Cover Sheet,,
24CHLC21219,100943150,2024-06-03 00:00:00.000,"Order to Show Cause Hearing/Case Management Review (Cal. Rules of Court, rule 3.740)",,
24CHLC21219,100943151,2024-06-03 00:00:00.000,Notice of Case Assignment - Limited Civil Case,,
24CHLC21219,101681549,2024-07-09 00:00:00.000,Proof of Personal Service,,
24CHLC21219,103838536,2024-10-21 00:00:00.000,Request for Entry of Default / Judgment,request_for_default_judgment_24chlc21219_103838536,https://drive.google.com/file/d/1LjAhPhwz5kRQb9IJnxDa9K4VVkmP-7Ea/view?usp=drivesdk
24CHLC21219,103838538,2024-10-21 00:00:00.000,Declaration Pursuant to 585 CCP in Support of Default Judgment,declaration_24chlc21219_103838538,https://drive.google.com/file/d/1hf5X-exvNyxiCDmPdIVwg53FbF26jY1G/view?usp=drivesdk
24CHLC21219,103838540,2024-10-21 00:00:00.000,Declaration of Costs - CCP 1033,declaration_24chlc21219_103838540,
24CHLC21219,103838541,2024-10-21 00:00:00.000,Request for Dismissal,,
24CHLC21219,103838537,2024-10-24 00:00:00.000,Judgment,,
24CHLC21931,101055722,2024-06-07 00:00:00.000,Complaint,complaint_24chlc21931_101055722,https://drive.google.com/file/d/1tSVKrycCGQTnDH468hzMgw_2yfsvZZGe/view?usp=drivesdk
24CHLC21931,101055723,2024-06-07 00:00:00.000,Civil Case Cover Sheet,,
24CHLC21931,101055724,2024-06-07 00:00:00.000,Summons,,
24CHLC21931,101055725,2024-06-07 00:00:00.000,"Order to Show Cause Hearing/Case Management Review (Cal. Rules of Court, rule 3.740)",,
24CHLC21931,101055726,2024-06-07 00:00:00.000,Notice of Case Assignment - Limited Civil Case,,
24CHLC21931,103836556,2024-10-18 00:00:00.000,Proof of Service by Substituted Service,,
24CHLC21931,105092444,2024-12-18 00:00:00.000,Proof of Service - No Service,,
24CHLC21931,105095819,2024-12-18 00:00:00.000,Request for Dismissal,,
24CHLC21931,105095820,2024-12-18 00:00:00.000,Declaration Pursuant to 585 CCP in Support of Default Judgment,declaration_24chlc21931_105095820,https://drive.google.com/file/d/18wB6uz9viWO0NCBhGUNPW2Tbv39nqcWW/view?usp=drivesdk
24CHLC21931,105095822,2024-12-18 00:00:00.000,Declaration of Costs - CCP 1033,declaration_24chlc21931_105095822,
24CHLC21931,105095823,2024-12-18 00:00:00.000,Request for Entry of Default / Judgment,request_for_default_judgment_24chlc21931_105095823,https://drive.google.com/file/d/1kj7kpNvSMPajFKbIP3uP-WoNNXBey0My/view?usp=drivesdk
24CHLC21931,105095821,2024-12-26 00:00:00.000,Judgment,,
24CHLC22253,101102149,2024-06-11 00:00:00.000,Complaint,complaint_24chlc22253_101102149,https://drive.google.com/file/d/16Qc0oXQIb8UQr-pLOnBvnXayBBNrVKI7/view?usp=drivesdk
24CHLC22253,101102150,2024-06-11 00:00:00.000,Civil Case Cover Sheet,,
24CHLC22253,101102151,2024-06-11 00:00:00.000,Declaration (name extension),declaration_24chlc22253_101102151,https://drive.google.com/file/d/1K4XRIahtlwmZRbgF7qsDhd6GfT8vzoYy/view?usp=drivesdk
24CHLC22253,101102152,2024-06-11 00:00:00.000,Summons,,
24CHLC22253,101102153,2024-06-11 00:00:00.000,Declaration in Support of Bus. & Prof. Code 6322.1(c)(1),declaration_24chlc22253_101102153,
24CHLC22253,101102154,2024-06-11 00:00:00.000,"Order to Show Cause Hearing/Case Management Review (Cal. Rules of Court, rule 3.740)",,
24CHLC22253,101102155,2024-06-11 00:00:00.000,Notice of Case Assignment - Limited Civil Case,,
24CHLC22253,101839203,2024-07-17 00:00:00.000,Proof of Service by Substituted Service,,
24CHLC22253,103579918,2024-10-09 00:00:00.000,Request for Entry of Default / Judgment,request_for_default_judgment_24chlc22253_103579918,https://drive.google.com/file/d/1yFdRpEl3bp8E_U8b7Gu-UGgkmJMfqQAt/view?usp=drivesdk
24CHLC22253,103579920,2024-10-09 00:00:00.000,Declaration (name extension),declaration_24chlc22253_103579920,https://drive.google.com/file/d/1QuG3aw8c4DuDFC8brVEoSVCKW2yD22uZ/view?usp=drivesdk
24CHLC22253,103579921,2024-10-09 00:00:00.000,Declaration (name extension),declaration_24chlc22253_103579921,https://drive.google.com/file/d/1bN_kIbKmWBJcShyi7oSUbt39DCdI5PND/view?usp=drivesdk
24CHLC22253,103579919,2024-10-15 00:00:00.000,Default Judgment,,
24CHLC22253,106716070,2025-03-05 00:00:00.000,"Memorandum of Costs After Judgment, Acknowledgment of Credit, and Declaration of Accrued Interest",declaration_24chlc22253_106716070,
24CHLC22253,106716069,2025-03-06 00:00:00.000,Writ of Execution,,
24CHLC22253,108310181,2025-05-14 00:00:00.000,Declaration (name extension),declaration_24chlc22253_108310181,
24CHLC22253,108310182,2025-05-14 00:00:00.000,Proof of Service by Mail,,
24CHLC22253,108405900,2025-05-16 00:00:00.000,Declaration (name extension),declaration_24chlc22253_108405900,
24CHLC23603,101267464,2024-06-20 00:00:00.000,Complaint,complaint_24chlc23603_101267464,https://drive.google.com/file/d/1UqOsnfq9Ha_vtHp-J7tYbcYGWK4PZLBF/view?usp=drivesdk
24CHLC23603,101267465,2024-06-20 00:00:00.000,Summons,,
24CHLC23603,101267466,2024-06-20 00:00:00.000,Civil Case Cover Sheet,,
24CHLC23603,101267467,2024-06-20 00:00:00.000,Declaration in Support of Bus. & Prof. Code 6322.1(c)(1),declaration_24chlc23603_101267467,
24CHLC23603,101267469,2024-06-20 00:00:00.000,"Order to Show Cause Hearing/Case Management Review (Cal. Rules of Court, rule 3.740)",,
24CHLC23603,101267471,2024-06-20 00:00:00.000,Notice of Case Assignment - Limited Civil Case,,
24CHLC23603,101512542,2024-07-02 00:00:00.000,Proof of Service by Substituted Service,,
24CHLC23603,104519667,2024-11-19 00:00:00.000,Request for Entry of Default / Judgment,request_for_default_judgment_24chlc23603_104519667,https://drive.google.com/file/d/1KxlzccIcYgIP2OeL59vFmelc1GLl68fJ/view?usp=drivesdk
24CHLC23603,104519669,2024-11-19 00:00:00.000,Declaration Pursuant to 585 CCP in Support of Default Judgment,declaration_24chlc23603_104519669,https://drive.google.com/file/d/1aDlM_0gEF8odzObG14Fr20XPgvYXk0KO/view?usp=drivesdk
24CHLC23603,104519670,2024-11-19 00:00:00.000,Request for Dismissal,,
24CHLC23603,104519671,2024-11-19 00:00:00.000,Declaration of Costs - CCP 1033,declaration_24chlc23603_104519671,
24CHLC23603,104519672,2024-11-19 00:00:00.000,Declaration Pursuant to 585 CCP in Support of Default Judgment,declaration_24chlc23603_104519672,https://drive.google.com/file/d/13-1WepmG-WFAV5pI1UFLrXt2aT9Ffh0l/view?usp=drivesdk
24CHLC23603,104519673,2024-12-05 00:00:00.000,Judgment,,
24CHLC23603,107335700,2025-03-28 00:00:00.000,"Memorandum of Costs After Judgment, Acknowledgment of Credit, and Declaration of Accrued Interest",declaration_24chlc23603_107335700,
24CHLC23603,107335699,2025-04-02 00:00:00.000,Writ of Execution,,
24CHLC23603,108131021,2025-05-06 00:00:00.000,Declaration (name extension),declaration_24chlc23603_108131021,
24CHLC24417,101344859,2024-06-21 00:00:00.000,Complaint,complaint_24chlc24417_101344859,https://drive.google.com/file/d/16EDTh8_St4o8FbaXRS2iZQpvi2VxMNWU/view?usp=drivesdk
24CHLC24417,101344860,2024-06-21 00:00:00.000,Civil Case Cover Sheet,,
24CHLC24417,101344861,2024-06-21 00:00:00.000,Declaration (name extension),declaration_24chlc24417_101344861,https://drive.google.com/file/d/1VNGXxn1EgHUStLihSU7oYprS7oj_gHf4/view?usp=drivesdk
24CHLC24417,101344862,2024-06-21 00:00:00.000,Summons,,
24CHLC24417,101344863,2024-06-21 00:00:00.000,"Order to Show Cause Hearing/Case Management Review (Cal. Rules of Court, rule 3.740)",,
24CHLC24417,101344864,2024-06-21 00:00:00.000,Notice of Case Assignment - Limited Civil Case,,
24CHLC24417,101793639,2024-07-16 00:00:00.000,Proof of Personal Service,,
24CHLC24417,103841878,2024-10-21 00:00:00.000,Request for Entry of Default / Judgment,request_for_default_judgment_24chlc24417_103841878,https://drive.google.com/file/d/1z95EEgdA-XMBB8iOvaKZuJDkCqMbqeaf/view?usp=drivesdk
24CHLC24417,103841880,2024-10-21 00:00:00.000,Declaration (name extension),declaration_24chlc24417_103841880,https://drive.google.com/file/d/1lVwues61zuR7Z7ivfkBl_wJWT-kCuqtw/view?usp=drivesdk
24CHLC24417,103841881,2024-10-21 00:00:00.000,Declaration of Costs - CCP 1033,declaration_24chlc24417_103841881,
24CHLC24417,103841882,2024-10-21 00:00:00.000,Request for Dismissal,,
24CHLC24417,103841883,2024-10-21 00:00:00.000,Declaration (name extension),declaration_24chlc24417_103841883,https://drive.google.com/file/d/1D_aTGrc7XnTuZEDxr53gkJPiJRBk7tX6/view?usp=drivesdk
24CHLC24417,103841884,2024-10-21 00:00:00.000,Declaration re: Attorney's Fees,declaration_24chlc24417_103841884,
24CHLC24417,103841879,2024-10-22 00:00:00.000,Judgment,,
24CHLC25192,101446685,2024-06-27 00:00:00.000,Complaint,complaint_24chlc25192_101446685,https://drive.google.com/file/d/1KGEwnRtjyOOt5z2SK0sMzKCgtyg32XIQ/view?usp=drivesdk
24CHLC25192,101446686,2024-06-27 00:00:00.000,Summons,,
24CHLC25192,101446687,2024-06-27 00:00:00.000,Declaration (name extension),declaration_24chlc25192_101446687,https://drive.google.com/file/d/1h65kapnwk7cXsddsJiOpRk4OtaIy6Mqp/view?usp=drivesdk
24CHLC25192,101446688,2024-06-27 00:00:00.000,Civil Case Cover Sheet,,
24CHLC25192,101446689,2024-06-27 00:00:00.000,"Order to Show Cause Hearing/Case Management Review (Cal. Rules of Court, rule 3.740)",,
24CHLC25192,101446690,2024-06-27 00:00:00.000,Notice of Case Assignment - Limited Civil Case,,
24CHLC25192,101616661,2024-07-08 00:00:00.000,Proof of Personal Service,,
24CHLC25192,103535758,2024-10-03 00:00:00.000,Request for Entry of Default / Judgment,request_for_default_judgment_24chlc25192_103535758,https://drive.google.com/file/d/16L-vyga6SY9Q_k90IlG5xe3rwRLqm8ww/view?usp=drivesdk
24CHLC25192,103535761,2024-10-03 00:00:00.000,Declaration (name extension),declaration_24chlc25192_103535761,https://drive.google.com/file/d/1O6qct0Vl23uO6vOoUwBY95ocGj1YyGzi/view?usp=drivesdk
24CHLC25192,103535762,2024-10-03 00:00:00.000,Declaration (name extension),declaration_24chlc25192_103535762,https://drive.google.com/file/d/1EmRunwfNeP1uA7OzSLEyOIQ5WvaYZ_hM/view?usp=drivesdk
24CHLC25192,103535763,2024-10-03 00:00:00.000,Declaration re: Attorney's Fees,declaration_24chlc25192_103535763,
24CHLC25192,103535764,2024-10-03 00:00:00.000,Declaration of Costs - CCP 1033,declaration_24chlc25192_103535764,
24CHLC25192,103535765,2024-10-03 00:00:00.000,Request for Dismissal,,
24CHLC25192,103535760,2024-10-15 00:00:00.000,Judgment,,
24CHLC25589,101495243,2024-07-01 00:00:00.000,Complaint,complaint_24chlc25589_101495243,https://drive.google.com/file/d/1fMXWmplEoZ-oHonTowUSukEd1ot1Z-WZ/view?usp=drivesdk
24CHLC25589,101495244,2024-07-01 00:00:00.000,Civil Case Cover Sheet,,
24CHLC25589,101495245,2024-07-01 00:00:00.000,Declaration in Support of Bus. & Prof. Code 6322.1(c)(1),declaration_24chlc25589_101495245,
24CHLC25589,101495246,2024-07-01 00:00:00.000,Declaration (name extension),declaration_24chlc25589_101495246,https://drive.google.com/file/d/1y2GG2UHt166FjRCWrp-CfrM5MtUCRHt5/view?usp=drivesdk
24CHLC25589,101495247,2024-07-01 00:00:00.000,"Order to Show Cause Hearing/Case Management Review (Cal. Rules of Court, rule 3.740)",,
24CHLC25589,101495248,2024-07-01 00:00:00.000,Notice of Case Assignment - Limited Civil Case,,
24CHLC25589,102800026,2024-09-03 00:00:00.000,Summons,,
24CHLC25589,103308818,2024-09-26 00:00:00.000,Proof of Service by Substituted Service,,
24CHLC25589,104788482,2024-12-03 00:00:00.000,Request for Entry of Default / Judgment,request_for_default_judgment_24chlc25589_104788482,https://drive.google.com/file/d/1k4SC13at0o3bZUQPnSMGuBCg3h8tXBuc/view?usp=drivesdk
24CHLC25589,104788483,2024-12-03 00:00:00.000,Declaration (name extension),declaration_24chlc25589_104788483,https://drive.google.com/file/d/10jjGC-ZnyWr01EzoXjmaMC-S63ZTvas-/view?usp=drivesdk
24CHLC25589,104788484,2024-12-03 00:00:00.000,Declaration re: Attorney's Fees,declaration_24chlc25589_104788484,
24CHLC25589,104788485,2024-12-03 00:00:00.000,Declaration of Costs - CCP 1033,declaration_24chlc25589_104788485,
24CHLC25589,104788486,2024-12-03 00:00:00.000,Request for Dismissal,,
24CHLC25589,104788488,2024-12-03 00:00:00.000,Declaration (name extension),declaration_24chlc25589_104788488,https://drive.google.com/file/d/11A9U0avpkleGdr58uQ8SToTFCF0zFt3A/view?usp=drivesdk
24CHLC25589,104788487,2024-12-11 00:00:00.000,Judgment,,
24CHLC27224,101766616,2024-07-15 00:00:00.000,Complaint,complaint_24chlc27224_101766616,https://drive.google.com/file/d/1nkDbqp5FbWyP74qfAd3xOEXbWZ5E97Zn/view?usp=drivesdk
24CHLC27224,101766617,2024-07-15 00:00:00.000,Civil Case Cover Sheet,,
24CHLC27224,101766618,2024-07-15 00:00:00.000,Summons,,
24CHLC27224,101766619,2024-07-15 00:00:00.000,"Order to Show Cause Hearing/Case Management Review (Cal. Rules of Court, rule 3.740)",,
24CHLC27224,101766620,2024-07-15 00:00:00.000,Notice of Case Assignment - Limited Civil Case,,
24CHLC27224,102387018,2024-08-14 00:00:00.000,Proof of Personal Service,,
24CHLC27224,104176341,2024-11-05 00:00:00.000,Request for Entry of Default / Judgment,request_for_default_judgment_24chlc27224_104176341,https://drive.google.com/file/d/1pSoCTIMhKiVk1tniLs4OLXwyfnS3rXhD/view?usp=drivesdk
24CHLC27224,104176342,2024-11-05 00:00:00.000,Request for Dismissal,,
24CHLC27224,104176343,2024-11-05 00:00:00.000,Declaration of Costs - CCP 1033,declaration_24chlc27224_104176343,
24CHLC27224,104176345,2024-11-05 00:00:00.000,Declaration Pursuant to 585 CCP in Support of Default Judgment,declaration_24chlc27224_104176345,https://drive.google.com/file/d/1g0nmJjwWwcvtmxTLdKcOEfaT4E7aAt7a/view?usp=drivesdk
24CHLC27224,104176344,2024-11-08 00:00:00.000,Judgment,,
24CHLC28312,101939925,2024-07-24 00:00:00.000,Complaint,complaint_24chlc28312_101939925,https://drive.google.com/file/d/15zK2GB1sTPZkru24Jw_VOih4q5p_QlVb/view?usp=drivesdk
24CHLC28312,101939926,2024-07-24 00:00:00.000,Civil Case Cover Sheet,,
24CHLC28312,101939927,2024-07-24 00:00:00.000,Summons,,
24CHLC28312,101939928,2024-07-24 00:00:00.000,"Order to Show Cause Hearing/Case Management Review (Cal. Rules of Court, rule 3.740)",,
24CHLC28312,101939929,2024-07-24 00:00:00.000,Notice of Case Assignment - Limited Civil Case,,
24CHLC28312,103465282,2024-10-04 00:00:00.000,Proof of Service by Substituted Service,,
24CHLC28312,104880401,2024-12-05 00:00:00.000,Request for Entry of Default / Judgment,request_for_default_judgment_24chlc28312_104880401,https://drive.google.com/file/d/1NVoUHrRMPA1K-unJkgOTSVfG1lx0nrLz/view?usp=drivesdk
24CHLC28312,104880402,2024-12-05 00:00:00.000,Declaration (name extension),declaration_24chlc28312_104880402,https://drive.google.com/file/d/1GuaDs9ZysZ_jXQUYhh-PCeigb6ULv5TP/view?usp=drivesdk
24CHLC28312,104880404,2024-12-05 00:00:00.000,Declaration (name extension),declaration_24chlc28312_104880404,https://drive.google.com/file/d/1zcd5gA05bqN4xsM1krBb6TNG4Kv-M47a/view?usp=drivesdk
24CHLC28312,104880403,2024-12-10 00:00:00.000,Default Judgment,,
24CHLC28586,101961080,2024-07-24 00:00:00.000,Complaint,complaint_24chlc28586_101961080,https://drive.google.com/file/d/18_bupBuQYxlD6cQHHnjQymmVhLphxrra/view?usp=drivesdk
24CHLC28586,101961081,2024-07-24 00:00:00.000,Declaration in Support of Bus. & Prof. Code 6322.1(c)(1),declaration_24chlc28586_101961081,
24CHLC28586,101961082,2024-07-24 00:00:00.000,Summons,,
24CHLC28586,101961083,2024-07-24 00:00:00.000,Civil Case Cover Sheet,,
24CHLC28586,101961084,2024-07-24 00:00:00.000,"Order to Show Cause Hearing/Case Management Review (Cal. Rules of Court, rule 3.740)",,
24CHLC28586,101961085,2024-07-24 00:00:00.000,Notice of Case Assignment - Limited Civil Case,,
24CHLC28586,102078177,2024-07-31 00:00:00.000,Proof of Personal Service,,
24CHLC28586,104345469,2024-11-12 00:00:00.000,Request for Entry of Default / Judgment,request_for_default_judgment_24chlc28586_104345469,https://drive.google.com/file/d/14txp3GAjzJdCbftxwaYZhAxnVw3mTL69/view?usp=drivesdk
24CHLC28586,104345470,2024-11-12 00:00:00.000,Declaration of Costs - CCP 1033,declaration_24chlc28586_104345470,
24CHLC28586,104345472,2024-11-12 00:00:00.000,Declaration Pursuant to 585 CCP in Support of Default Judgment,declaration_24chlc28586_104345472,https://drive.google.com/file/d/1f5TdtjAfkb4IJk3gEkSC9kRYDQ_gn4Fj/view?usp=drivesdk
24CHLC28586,104345473,2024-11-12 00:00:00.000,Request for Dismissal,,
24CHLC28586,104345471,2024-11-14 00:00:00.000,Judgment,,
24CHLC28620,101964013,2024-07-26 00:00:00.000,Complaint,complaint_24chlc28620_101964013,https://drive.google.com/file/d/12MbVWv_oUYq-7eAUFuJYzgMj5e6ndcIF/view?usp=drivesdk
24CHLC28620,101964014,2024-07-26 00:00:00.000,Summons,,
24CHLC28620,101964015,2024-07-26 00:00:00.000,Civil Case Cover Sheet,,
24CHLC28620,101964016,2024-07-26 00:00:00.000,"Order to Show Cause Hearing/Case Management Review (Cal. Rules of Court, rule 3.740)",,
24CHLC28620,101964017,2024-07-26 00:00:00.000,Notice of Case Assignment - Limited Civil Case,,
24CHLC28620,102494701,2024-08-19 00:00:00.000,Proof of Personal Service,,
24CHLC28620,105139221,2024-12-18 00:00:00.000,Request for Entry of Default / Judgment,request_for_default_judgment_24chlc28620_105139221,https://drive.google.com/file/d/1MiVWpWOgIyjdudyCc61bF-q7CyfdSano/view?usp=drivesdk
24CHLC28620,105139222,2024-12-18 00:00:00.000,Declaration of Costs - CCP 1033,declaration_24chlc28620_105139222,
24CHLC28620,105139223,2024-12-18 00:00:00.000,Request for Dismissal,,
24CHLC28620,105139225,2024-12-18 00:00:00.000,Declaration (name extension),declaration_24chlc28620_105139225,https://drive.google.com/file/d/1RauYTRSuhl7Hq1yCn260tFPgSfzjc264/view?usp=drivesdk
24CHLC28620,105139226,2024-12-18 00:00:00.000,Declaration Pursuant to 585 CCP in Support of Default Judgment,declaration_24chlc28620_105139226,https://drive.google.com/file/d/1JDThYY4uOdj6Py28D-R9ziWvEpXqTrBg/view?usp=drivesdk
24CHLC28620,105139227,2024-12-18 00:00:00.000,Declaration Pursuant to 585 CCP in Support of Default Judgment,declaration_24chlc28620_105139227,https://drive.google.com/file/d/13iNdfQXPAzhJ6pH-xuL-jkX0KEVMqMYd/view?usp=drivesdk
24CHLC28620,105139224,2024-12-26 00:00:00.000,Judgment,,
24CHLC29276,102088796,2024-07-31 00:00:00.000,Complaint,complaint_24chlc29276_102088796,https://drive.google.com/file/d/1pjS7TCiz8DoUnWu7sI0cwWqTgp1egyXS/view?usp=drivesdk
24CHLC29276,102088797,2024-07-31 00:00:00.000,Civil Case Cover Sheet,,
24CHLC29276,102088798,2024-07-31 00:00:00.000,Summons,,
24CHLC29276,102088799,2024-07-31 00:00:00.000,"Order to Show Cause Hearing/Case Management Review (Cal. Rules of Court, rule 3.740)",,
24CHLC29276,102088800,2024-07-31 00:00:00.000,Notice of Case Assignment - Limited Civil Case,,
24CHLC29276,102705639,2024-08-28 00:00:00.000,Proof of Service by Substituted Service,,
24CHLC29276,103905595,2024-10-23 00:00:00.000,Request for Dismissal,,
24CHLC29276,103905596,2024-10-23 00:00:00.000,Request for Entry of Default / Judgment,request_for_default_judgment_24chlc29276_103905596,https://drive.google.com/file/d/1qwEe_gmFIWDWCbrn_hCW_g6Da2M3MGuj/view?usp=drivesdk
24CHLC29276,103905598,2024-10-23 00:00:00.000,Declaration Pursuant to 585 CCP in Support of Default Judgment,declaration_24chlc29276_103905598,https://drive.google.com/file/d/1eA-w_cVHo3CwsufmwTfz2B7zBM1zvaN-/view?usp=drivesdk
24CHLC29276,103905599,2024-10-23 00:00:00.000,Declaration of Costs - CCP 1033,declaration_24chlc29276_103905599,
24CHLC29276,103905597,2024-11-01 00:00:00.000,Default Judgment,,
24CHLC29300,102092156,2024-07-31 00:00:00.000,Complaint,complaint_24chlc29300_102092156,https://drive.google.com/file/d/1NTL5_KHCe9Yws_FXm2v4_c1yye1yN2LP/view?usp=drivesdk
24CHLC29300,102092157,2024-07-31 00:00:00.000,Summons,,
24CHLC29300,102092158,2024-07-31 00:00:00.000,Civil Case Cover Sheet,,
24CHLC29300,102092159,2024-07-31 00:00:00.000,"Order to Show Cause Hearing/Case Management Review (Cal. Rules of Court, rule 3.740)",,
24CHLC29300,102092160,2024-07-31 00:00:00.000,Notice of Case Assignment - Limited Civil Case,,
24CHLC29300,103044442,2024-09-16 00:00:00.000,Proof of Service by Substituted Service,,
24CHLC29300,104317627,2024-11-12 00:00:00.000,Request for Entry of Default / Judgment,request_for_default_judgment_24chlc29300_104317627,https://drive.google.com/file/d/1GDFk0Be9eDtNF_NhfFsbYFfDBhc8gGmQ/view?usp=drivesdk
24CHLC29300,104317628,2024-11-12 00:00:00.000,Declaration Pursuant to 585 CCP in Support of Default Judgment,declaration_24chlc29300_104317628,https://drive.google.com/file/d/1Ce_bkX4fSYh6Hr8smbQc3c2wQzbeR7OW/view?usp=drivesdk
24CHLC29300,104317629,2024-11-12 00:00:00.000,Request for Dismissal,,
24CHLC29300,104317631,2024-11-12 00:00:00.000,Declaration of Costs - CCP 1033,declaration_24chlc29300_104317631,
24CHLC29300,104317630,2024-12-04 00:00:00.000,Judgment,,
24CHLC30395,102270592,2024-08-08 00:00:00.000,Complaint,complaint_24chlc30395_102270592,https://drive.google.com/file/d/1F37L2ayFhlKTt3YrOGEbOVIxqfRyQg1D/view?usp=drivesdk
24CHLC30395,102270593,2024-08-08 00:00:00.000,Civil Case Cover Sheet,,
24CHLC30395,102270594,2024-08-08 00:00:00.000,Summons,,
24CHLC30395,102270595,2024-08-08 00:00:00.000,Declaration (name extension),declaration_24chlc30395_102270595,https://drive.google.com/file/d/1Yq6WZJFqHcUPKPy7Cacp809OIx782Lew/view?usp=drivesdk
24CHLC30395,102270601,2024-08-08 00:00:00.000,"Order to Show Cause Hearing/Case Management Review (Cal. Rules of Court, rule 3.740)",,
24CHLC30395,102270602,2024-08-08 00:00:00.000,Notice of Case Assignment - Limited Civil Case,,
24CHLC30395,102581542,2024-08-22 00:00:00.000,Proof of Service by Substituted Service,,
24CHLC30395,104506700,2024-11-15 00:00:00.000,Request for Entry of Default / Judgment,request_for_default_judgment_24chlc30395_104506700,https://drive.google.com/file/d/1DZpfduPdmE-H7Hcry6E2w8t6NEY9JqXM/view?usp=drivesdk
24CHLC30395,104506702,2024-11-15 00:00:00.000,Declaration (name extension),declaration_24chlc30395_104506702,https://drive.google.com/file/d/14HwOOhTiqPLTtqRJke0UKeCYijlM9Ai3/view?usp=drivesdk
24CHLC30395,104506703,2024-11-15 00:00:00.000,Declaration of Costs - CCP 1033,declaration_24chlc30395_104506703,
24CHLC30395,104506701,2024-11-22 00:00:00.000,Default Judgment,,
24CHLC30453,102279133,2024-08-08 00:00:00.000,Complaint,complaint_24chlc30453_102279133,https://drive.google.com/file/d/1SWCh-0tzRWeKx0WkN9As_EZctKH1OKi9/view?usp=drivesdk
24CHLC30453,102279134,2024-08-08 00:00:00.000,Declaration in Support of Bus. & Prof. Code 6322.1(c)(1),declaration_24chlc30453_102279134,
24CHLC30453,102279135,2024-08-08 00:00:00.000,Civil Case Cover Sheet,,
24CHLC30453,102279136,2024-08-08 00:00:00.000,Summons,,
24CHLC30453,102279138,2024-08-08 00:00:00.000,"Order to Show Cause Hearing/Case Management Review (Cal. Rules of Court, rule 3.740)",,
24CHLC30453,102279139,2024-08-08 00:00:00.000,Notice of Case Assignment - Limited Civil Case,,
24CHLC30453,104215245,2024-11-06 00:00:00.000,Proof of Personal Service,,
24CHLC30453,104877856,2024-12-05 00:00:00.000,Request for Entry of Default / Judgment,request_for_default_judgment_24chlc30453_104877856,https://drive.google.com/file/d/1kGYRIP_RQrDWN4EIjBjSwJTtxUXREmdi/view?usp=drivesdk
24CHLC30453,104877858,2024-12-05 00:00:00.000,Declaration (name extension),declaration_24chlc30453_104877858,https://drive.google.com/file/d/1wGHXe6sjRkslj_fOVENUW1qR5npB6zJ3/view?usp=drivesdk
24CHLC30453,104877859,2024-12-05 00:00:00.000,Declaration (name extension),declaration_24chlc30453_104877859,https://drive.google.com/file/d/1PLSYiLNjSyPAhskdd2ij8VZLRHTNM_ij/view?usp=drivesdk
24CHLC30453,104877857,2024-12-24 00:00:00.000,Default Judgment,,
24CHLC33731,102843693,2024-09-04 00:00:00.000,Complaint,complaint_24chlc33731_102843693,https://drive.google.com/file/d/13TxEgZvYFArxkg0fIPpQ_BSVN6WUSpoj/view?usp=drivesdk
24CHLC33731,102843694,2024-09-04 00:00:00.000,Summons,,
24CHLC33731,102843695,2024-09-04 00:00:00.000,Civil Case Cover Sheet,,
24CHLC33731,102843697,2024-09-04 00:00:00.000,"Order to Show Cause Hearing/Case Management Review (Cal. Rules of Court, rule 3.740)",,
24CHLC33731,102843698,2024-09-04 00:00:00.000,Notice of Case Assignment - Limited Civil Case,,
24CHLC33731,103883264,2024-10-22 00:00:00.000,Proof of Personal Service,,
24CHLC33731,105156433,2024-12-18 00:00:00.000,Request for Dismissal,,
24CHLC33731,105156434,2024-12-18 00:00:00.000,Request for Entry of Default / Judgment,request_for_default_judgment_24chlc33731_105156434,https://drive.google.com/file/d/13zY9XPOCC9Th1hsOqYKmeEyNmZeqCiy-/view?usp=drivesdk
24CHLC33731,105156435,2024-12-18 00:00:00.000,Declaration Pursuant to 585 CCP in Support of Default Judgment,declaration_24chlc33731_105156435,https://drive.google.com/file/d/1YGG2dueZFzUmLHJQlh6Qivsazap0kEW5/view?usp=drivesdk
24CHLC33731,105156438,2024-12-18 00:00:00.000,Declaration of Costs - CCP 1033,declaration_24chlc33731_105156438,
24CHLC33731,105156437,2024-12-27 00:00:00.000,Judgment,,
24CHLC36483,103234233,2024-09-23 00:00:00.000,Complaint,complaint_24chlc36483_103234233,https://drive.google.com/file/d/1WITOYyHiPJ0qP5DKXZX_IW_kX6MSBW26/view?usp=drivesdk
24CHLC36483,103234234,2024-09-23 00:00:00.000,Civil Case Cover Sheet,,
24CHLC36483,103234235,2024-09-23 00:00:00.000,Summons,,
24CHLC36483,103234236,2024-09-23 00:00:00.000,"Order to Show Cause Hearing/Case Management Review (Cal. Rules of Court, rule 3.740)",,
24CHLC36483,103234237,2024-09-23 00:00:00.000,Notice of Case Assignment - Limited Civil Case,,
24CHLC36483,104218195,2024-11-06 00:00:00.000,Proof of Service by Substituted Service,,
24CHLC36483,105129342,2024-12-19 00:00:00.000,Request for Dismissal,,
24CHLC36483,105129343,2024-12-19 00:00:00.000,Declaration of Costs - CCP 1033,declaration_24chlc36483_105129343,
24CHLC36483,105129344,2024-12-19 00:00:00.000,Request for Entry of Default / Judgment,request_for_default_judgment_24chlc36483_105129344,https://drive.google.com/file/d/1ClYlbbkq1NlYYdls0Die6KlLtTxtfqYe/view?usp=drivesdk
24CHLC36483,105129345,2024-12-19 00:00:00.000,Declaration Pursuant to 585 CCP in Support of Default Judgment,declaration_24chlc36483_105129345,https://drive.google.com/file/d/1h_cTfmiD0-YzoltVg9n7cmslBTzhHKPg/view?usp=drivesdk
24CHLC36483,105129346,2024-12-26 00:00:00.000,Judgment,,
24NWLC00314,97825680,2024-01-04 00:00:00.000,Complaint,complaint_24nwlc00314_97825680,https://drive.google.com/file/d/1LRWxXAAEKGP6Cb3rT0QHeR5RIDg5nK1c/view?usp=drivesdk
24NWLC00314,97825681,2024-01-04 00:00:00.000,Declaration (name extension),declaration_24nwlc00314_97825681,https://drive.google.com/file/d/1S-djCpENCAgCzGuVHRwE65a_9-mcB87U/view?usp=drivesdk
24NWLC00314,97825682,2024-01-04 00:00:00.000,Civil Case Cover Sheet,,
24NWLC00314,97825683,2024-01-04 00:00:00.000,Declaration in Support of Bus. & Prof. Code 6322.1(c)(1),declaration_24nwlc00314_97825683,
24NWLC00314,97825684,2024-01-04 00:00:00.000,Summons,,
24NWLC00314,97825690,2024-01-04 00:00:00.000,"Order to Show Cause Hearing/Case Management Review (Cal. Rules of Court, rule 3.740)",,
24NWLC00314,97825691,2024-01-04 00:00:00.000,Notice of Case Assignment - Limited Civil Case,,
24NWLC00314,98369401,2024-01-31 00:00:00.000,Proof of Service by Substituted Service,,
24NWLC00314,104011958,2024-10-18 00:00:00.000,Request for Entry of Default / Judgment,request_for_default_judgment_24nwlc00314_104011958,https://drive.google.com/file/d/16XrneXKaqDQmOLHoem55kpukR_n0DxKn/view?usp=drivesdk
24NWLC00314,104011959,2024-10-18 00:00:00.000,Request for Dismissal,,
24NWLC00314,104011960,2024-10-18 00:00:00.000,Declaration (name extension),declaration_24nwlc00314_104011960,https://drive.google.com/file/d/1hXqzyo4-T_Ny0G-5-W9vQUwNU33c350o/view?usp=drivesdk
24NWLC00314,104011961,2024-10-18 00:00:00.000,Declaration (name extension),declaration_24nwlc00314_104011961,https://drive.google.com/file/d/1B9GOu0GrZGkjFGvmYWAIbzvZ90sJTKsm/view?usp=drivesdk
24NWLC00314,104011962,2024-10-18 00:00:00.000,Declaration re: Attorney's Fees,declaration_24nwlc00314_104011962,
24NWLC00314,104011963,2024-10-18 00:00:00.000,Declaration of Costs - CCP 1033,declaration_24nwlc00314_104011963,
24NWLC00314,104011964,2024-10-31 00:00:00.000,Judgment,,
24NWLC00314,108179479,2025-05-01 00:00:00.000,"Memorandum of Costs After Judgment, Acknowledgment of Credit, and Declaration of Accrued Interest",declaration_24nwlc00314_108179479,
24NWLC00314,108179478,2025-05-08 00:00:00.000,Writ of Execution,,
24NWLC00314,109167019,2025-06-04 00:00:00.000,Declaration (name extension),declaration_24nwlc00314_109167019,
24NWLC00859,97918804,2024-01-09 00:00:00.000,Complaint,complaint_24nwlc00859_97918804,https://drive.google.com/file/d/1-jbqQUy1Iri8AhhqCZz-Edo2XtpZ6BcR/view?usp=drivesdk
24NWLC00859,97918805,2024-01-09 00:00:00.000,Declaration in Support of Bus. & Prof. Code 6322.1(c)(1),declaration_24nwlc00859_97918805,
24NWLC00859,97918806,2024-01-09 00:00:00.000,Summons,,
24NWLC00859,97918807,2024-01-09 00:00:00.000,Civil Case Cover Sheet,,
24NWLC00859,97918808,2024-01-09 00:00:00.000,"Order to Show Cause Hearing/Case Management Review (Cal. Rules of Court, rule 3.740)",,
24NWLC00859,97918809,2024-01-09 00:00:00.000,Notice of Case Assignment - Limited Civil Case,,
24NWLC00859,98308065,2024-01-29 00:00:00.000,Proof of Service by Substituted Service,,
24NWLC00859,103824478,2024-10-15 00:00:00.000,Request for Entry of Default / Judgment,request_for_default_judgment_24nwlc00859_103824478,https://drive.google.com/file/d/1oAerq8ClNWSYR1wOfQFWLZHDUlCTHKd_/view?usp=drivesdk
24NWLC00859,103824479,2024-10-15 00:00:00.000,Request for Dismissal,,
24NWLC00859,103824480,2024-10-15 00:00:00.000,Declaration of Costs - CCP 1033,declaration_24nwlc00859_103824480,
24NWLC00859,103824482,2024-10-15 00:00:00.000,Declaration Pursuant to 585 CCP in Support of Default Judgment,declaration_24nwlc00859_103824482,https://drive.google.com/file/d/1qI4nD_H9pUVn-AV7n8tcTLLp0s0tdnKy/view?usp=drivesdk
24NWLC00859,103824481,2024-10-22 00:00:00.000,Judgment,,
24NWLC03100,98297417,2024-01-26 00:00:00.000,Complaint,complaint_24nwlc03100_98297417,https://drive.google.com/file/d/1YKzAxdU6COsEUs6MMF9sIIs4ae0CBDmM/view?usp=drivesdk
24NWLC03100,98297418,2024-01-26 00:00:00.000,Declaration (name extension),declaration_24nwlc03100_98297418,https://drive.google.com/file/d/1knbDm1QcKrNizgGKGw542cre_1B8JEO8/view?usp=drivesdk
24NWLC03100,98297419,2024-01-26 00:00:00.000,Summons,,
24NWLC03100,98297420,2024-01-26 00:00:00.000,Declaration in Support of Bus. & Prof. Code 6322.1(c)(1),declaration_24nwlc03100_98297420,
24NWLC03100,98297421,2024-01-26 00:00:00.000,Civil Case Cover Sheet,,
24NWLC03100,98297422,2024-01-26 00:00:00.000,"Order to Show Cause Hearing/Case Management Review (Cal. Rules of Court, rule 3.740)",,
24NWLC03100,98297423,2024-01-26 00:00:00.000,Notice of Case Assignment - Limited Civil Case,,
24NWLC03100,98905809,2024-02-26 00:00:00.000,Proof of Personal Service,,
24NWLC03100,104323268,2024-11-01 00:00:00.000,Request for Entry of Default / Judgment,request_for_default_judgment_24nwlc03100_104323268,https://drive.google.com/file/d/1EveORAr-yPcFMyb2_tOrUIpUK2ekMy8e/view?usp=drivesdk
24NWLC03100,104323341,2024-11-01 00:00:00.000,Declaration re: Attorney's Fees,declaration_24nwlc03100_104323341,
24NWLC03100,104323344,2024-11-01 00:00:00.000,Declaration of Costs - CCP 1033,declaration_24nwlc03100_104323344,
24NWLC03100,104323347,2024-11-01 00:00:00.000,Request for Dismissal,,
24NWLC03100,104323351,2024-11-01 00:00:00.000,Declaration (name extension),declaration_24nwlc03100_104323351,https://drive.google.com/file/d/18llq_LgPjvDDjgYKulpBzmuIhGdimgEb/view?usp=drivesdk
24NWLC03100,104323356,2024-11-01 00:00:00.000,Declaration (name extension),declaration_24nwlc03100_104323356,https://drive.google.com/file/d/1neVW8qTZMNIWsf2qplNUhtppqTPcPIod/view?usp=drivesdk
24NWLC03100,104323350,2024-11-19 00:00:00.000,Judgment,,
24NWLC04735,98530756,2024-02-07 00:00:00.000,Complaint,complaint_24nwlc04735_98530756,https://drive.google.com/file/d/1l4Y2aaaWpYyo4Og9g0V-B0AobLecB63S/view?usp=drivesdk
24NWLC04735,98530757,2024-02-07 00:00:00.000,Civil Case Cover Sheet,,
24NWLC04735,98530758,2024-02-07 00:00:00.000,Summons,,
24NWLC04735,98530759,2024-02-07 00:00:00.000,Declaration in Support of Bus. & Prof. Code 6322.1(c)(1),declaration_24nwlc04735_98530759,
24NWLC04735,98530760,2024-02-07 00:00:00.000,Declaration (name extension),declaration_24nwlc04735_98530760,https://drive.google.com/file/d/1K8IyGME0oxJ6pjRiBPzpfDgLqzp14MZv/view?usp=drivesdk
24NWLC04735,98530762,2024-02-07 00:00:00.000,"Order to Show Cause Hearing/Case Management Review (Cal. Rules of Court, rule 3.740)",,
24NWLC04735,98530763,2024-02-07 00:00:00.000,Notice of Case Assignment - Limited Civil Case,,
24NWLC04735,99665714,2024-03-29 00:00:00.000,Proof of Personal Service,,
24NWLC04735,101458960,2024-06-11 00:00:00.000,Request for Entry of Default / Judgment,request_for_default_judgment_24nwlc04735_101458960,
24NWLC04735,101458961,2024-06-11 00:00:00.000,Request for Dismissal,,
24NWLC04735,101458962,2024-06-11 00:00:00.000,Declaration of Costs - CCP 1033,declaration_24nwlc04735_101458962,
24NWLC04735,101458963,2024-06-11 00:00:00.000,Declaration re: Attorney's Fees,declaration_24nwlc04735_101458963,
24NWLC04735,101458964,2024-06-11 00:00:00.000,Declaration (name extension),declaration_24nwlc04735_101458964,
24NWLC04735,101458965,2024-06-11 00:00:00.000,Declaration (name extension),declaration_24nwlc04735_101458965,
24NWLC04735,101458966,2024-06-11 00:00:00.000,Default Judgment,,
24NWLC04735,101522493,2024-07-02 00:00:00.000,Minute Order,,
24NWLC04735,101522494,2024-07-02 00:00:00.000,Certificate of Mailing for,,
24NWLC04735,103387054,2024-09-17 00:00:00.000,Request for Entry of Default / Judgment,request_for_default_judgment_24nwlc04735_103387054,https://drive.google.com/file/d/1EqSfSC86A27M6dhPIwHBLIBaAEZ9cAjw/view?usp=drivesdk
24NWLC04735,103387055,2024-09-17 00:00:00.000,Declaration (name extension),declaration_24nwlc04735_103387055,https://drive.google.com/file/d/1OHKOaZfHAAT_rt94x590YfX7eEyOJ51D/view?usp=drivesdk
24NWLC04735,103387057,2024-09-17 00:00:00.000,Declaration re: Attorney's Fees,declaration_24nwlc04735_103387057,
24NWLC04735,103387058,2024-09-17 00:00:00.000,Declaration (name extension),declaration_24nwlc04735_103387058,https://drive.google.com/file/d/1iXpzMKyespHXpXyvmyjz0um5kRxWWIgf/view?usp=drivesdk
24NWLC04735,103387059,2024-09-17 00:00:00.000,Request for Dismissal,,
24NWLC04735,103387060,2024-09-17 00:00:00.000,Declaration of Costs - CCP 1033,declaration_24nwlc04735_103387060,
24NWLC04735,103387056,2024-10-04 00:00:00.000,Judgment,,
24NWLC07718,98988509,2024-02-27 00:00:00.000,Complaint,complaint_24nwlc07718_98988509,https://drive.google.com/file/d/1z8S-paEOCqtZuGX3ogAWV-NJmH9zONf_/view?usp=drivesdk
24NWLC07718,98988510,2024-02-27 00:00:00.000,Civil Case Cover Sheet,,
24NWLC07718,98988511,2024-02-27 00:00:00.000,Declaration in Support of Bus. & Prof. Code 6322.1(c)(1),declaration_24nwlc07718_98988511,
24NWLC07718,98988512,2024-02-27 00:00:00.000,Summons,,
24NWLC07718,98988513,2024-02-27 00:00:00.000,"Order to Show Cause Hearing/Case Management Review (Cal. Rules of Court, rule 3.740)",,
24NWLC07718,98988514,2024-02-27 00:00:00.000,Notice of Case Assignment - Limited Civil Case,,
24NWLC07718,99480112,2024-03-19 00:00:00.000,Proof of Personal Service,,
24NWLC07718,103877251,2024-10-15 00:00:00.000,Request for Entry of Default / Judgment,request_for_default_judgment_24nwlc07718_103877251,https://drive.google.com/file/d/1bRqO0iWYdGXQtCcYllMFhcWGbN9j6HrQ/view?usp=drivesdk
24NWLC07718,103877259,2024-10-15 00:00:00.000,Request for Dismissal,,
24NWLC07718,103877260,2024-10-15 00:00:00.000,Declaration of Costs - CCP 1033,declaration_24nwlc07718_103877260,
24NWLC07718,103877262,2024-10-15 00:00:00.000,Declaration Pursuant to 585 CCP in Support of Default Judgment,declaration_24nwlc07718_103877262,https://drive.google.com/file/d/1MxAUuLLbcRrOPeMeu9vCulZu6-7R4nyk/view?usp=drivesdk
24NWLC07718,103877261,2024-10-29 00:00:00.000,Judgment,,
24NWLC08314,99106960,2024-03-04 00:00:00.000,Complaint,complaint_24nwlc08314_99106960,https://drive.google.com/file/d/12_dcVKPRWZtTJwI4ZT2G1qsZHWdlIFCa/view?usp=drivesdk
24NWLC08314,99106961,2024-03-04 00:00:00.000,Declaration in Support of Bus. & Prof. Code 6322.1(c)(1),declaration_24nwlc08314_99106961,
24NWLC08314,99106962,2024-03-04 00:00:00.000,Declaration (name extension),declaration_24nwlc08314_99106962,https://drive.google.com/file/d/1wpnyN2M8T8JKxC22Iz37nQhOEd38oyh5/view?usp=drivesdk
24NWLC08314,99106963,2024-03-04 00:00:00.000,Civil Case Cover Sheet,,
24NWLC08314,99106964,2024-03-04 00:00:00.000,Summons,,
24NWLC08314,99106965,2024-03-04 00:00:00.000,"Order to Show Cause Hearing/Case Management Review (Cal. Rules of Court, rule 3.740)",,
24NWLC08314,99106966,2024-03-04 00:00:00.000,Notice of Case Assignment - Limited Civil Case,,
24NWLC08314,99663033,2024-03-29 00:00:00.000,Proof of Service by Substituted Service,,
24NWLC08314,104714890,2024-11-18 00:00:00.000,Request for Entry of Default / Judgment,request_for_default_judgment_24nwlc08314_104714890,https://drive.google.com/file/d/1LH4HQRWlfDfe5npvee_SpYJOO1y4WSiM/view?usp=drivesdk
24NWLC08314,104714891,2024-11-18 00:00:00.000,Request for Dismissal,,
24NWLC08314,104714892,2024-11-18 00:00:00.000,Declaration of Costs - CCP 1033,declaration_24nwlc08314_104714892,
24NWLC08314,104714893,2024-11-18 00:00:00.000,Declaration (name extension),declaration_24nwlc08314_104714893,https://drive.google.com/file/d/1Hhd2aG3LdAXP51xz7jCDVgjqBp4AUTop/view?usp=drivesdk
24NWLC08314,104714894,2024-11-18 00:00:00.000,Declaration (name extension),declaration_24nwlc08314_104714894,https://drive.google.com/file/d/13MshYUJ8qULSCQaFQ4SQJi_def905kzC/view?usp=drivesdk
24NWLC08314,104714895,2024-11-18 00:00:00.000,Declaration (name extension),declaration_24nwlc08314_104714895,https://drive.google.com/file/d/1OkOlwxmf5tbcqPzoCxIPJ1B4OwwvHnVn/view?usp=drivesdk
24NWLC08314,104714896,2024-12-02 00:00:00.000,Judgment,,
24NWLC08754,99154253,2024-03-07 00:00:00.000,Complaint,complaint_24nwlc08754_99154253,https://drive.google.com/file/d/15l6gwReER71X4zA2Nx99GCFCybTfLtcm/view?usp=drivesdk
24NWLC08754,99154254,2024-03-07 00:00:00.000,Summons,,
24NWLC08754,99154255,2024-03-07 00:00:00.000,Civil Case Cover Sheet,,
24NWLC08754,99154256,2024-03-07 00:00:00.000,Declaration in Support of Bus. & Prof. Code 6322.1(c)(1),declaration_24nwlc08754_99154256,
24NWLC08754,99154257,2024-03-07 00:00:00.000,Declaration (name extension),declaration_24nwlc08754_99154257,https://drive.google.com/file/d/1-0WzlGqAjzeycV-uoDsv06TQQt_X3vW7/view?usp=drivesdk
24NWLC08754,99154258,2024-03-07 00:00:00.000,"Order to Show Cause Hearing/Case Management Review (Cal. Rules of Court, rule 3.740)",,
24NWLC08754,99154259,2024-03-07 00:00:00.000,Notice of Case Assignment - Limited Civil Case,,
24NWLC08754,99974354,2024-04-10 00:00:00.000,Proof of Service by Substituted Service,,
24NWLC08754,104952537,2024-11-26 00:00:00.000,Request for Entry of Default / Judgment,request_for_default_judgment_24nwlc08754_104952537,https://drive.google.com/file/d/1z7rsLGrsItSOh7h72cuhwgZolEbZiyOR/view?usp=drivesdk
24NWLC08754,104952538,2024-11-26 00:00:00.000,Declaration (name extension),declaration_24nwlc08754_104952538,https://drive.google.com/file/d/16g7cgA4zscbpX27D6LEQVUuhI0DXyUHC/view?usp=drivesdk
24NWLC08754,104952539,2024-11-26 00:00:00.000,Declaration (name extension),declaration_24nwlc08754_104952539,https://drive.google.com/file/d/1kkWF5Hko4ZfBPgnRtALDbJBxoGZzQVHQ/view?usp=drivesdk
24NWLC08754,104952540,2024-12-17 00:00:00.000,Default Judgment,,
24NWLC09091,99207403,2024-03-07 00:00:00.000,Complaint,complaint_24nwlc09091_99207403,https://drive.google.com/file/d/1QNOWkHX5OzBiZqWpNPPuPnvpy3l0gUl7/view?usp=drivesdk
24NWLC09091,99207404,2024-03-07 00:00:00.000,Summons,,
24NWLC09091,99207405,2024-03-07 00:00:00.000,Civil Case Cover Sheet,,
24NWLC09091,99207406,2024-03-07 00:00:00.000,"Order to Show Cause Hearing/Case Management Review (Cal. Rules of Court, rule 3.740)",,
24NWLC09091,99207408,2024-03-07 00:00:00.000,Notice of Case Assignment - Limited Civil Case,,
24NWLC09091,99498395,2024-03-20 00:00:00.000,Proof of Personal Service,,
24NWLC09091,105124549,2024-12-04 00:00:00.000,Request for Dismissal,,
24NWLC09091,105124551,2024-12-04 00:00:00.000,Declaration (name extension),declaration_24nwlc09091_105124551,https://drive.google.com/file/d/1I3CjuOzrV-GaNdLkq9kNx6IZErW76zGE/view?usp=drivesdk
24NWLC09091,105124553,2024-12-04 00:00:00.000,Request for Entry of Default / Judgment,request_for_default_judgment_24nwlc09091_105124553,https://drive.google.com/file/d/1bk3LIJhEMhvbx5ITvL4TOBWcJc73-dZM/view?usp=drivesdk
24NWLC09091,105124555,2024-12-04 00:00:00.000,Declaration (name extension),declaration_24nwlc09091_105124555,https://drive.google.com/file/d/1yfK3cY0h4m2JbQM_H8laDI8xundtzLXQ/view?usp=drivesdk
24NWLC09091,105124552,2024-12-26 00:00:00.000,Default Judgment,,
24NWLC09091,107085721,2025-03-20 00:00:00.000,Abstract of Judgment - Civil and Small Claims,,
24NWLC09091,107196028,2025-03-20 00:00:00.000,Notice of Change of Address or Other Contact Information,,
24NWLC10824,99475369,2024-03-19 00:00:00.000,Complaint,complaint_24nwlc10824_99475369,https://drive.google.com/file/d/1DiDAsxjpiaqI9-zyOGiJPcMJm3jqqzY-/view?usp=drivesdk
24NWLC10824,99475370,2024-03-19 00:00:00.000,Declaration in Support of Bus. & Prof. Code 6322.1(c)(1),declaration_24nwlc10824_99475370,
24NWLC10824,99475371,2024-03-19 00:00:00.000,Summons,,
24NWLC10824,99475372,2024-03-19 00:00:00.000,Civil Case Cover Sheet,,
24NWLC10824,99475373,2024-03-19 00:00:00.000,"Order to Show Cause Hearing/Case Management Review (Cal. Rules of Court, rule 3.740)",,
24NWLC10824,99475374,2024-03-19 00:00:00.000,Notice of Case Assignment - Limited Civil Case,,
24NWLC10824,99664510,2024-03-28 00:00:00.000,Proof of Personal Service,,
24NWLC10824,103690287,2024-10-03 00:00:00.000,Request for Dismissal,,
24NWLC10824,103690288,2024-10-03 00:00:00.000,Request for Entry of Default / Judgment,request_for_default_judgment_24nwlc10824_103690288,https://drive.google.com/file/d/1y1E29AV7VLiXete9erLk-g-m-AnGGFQg/view?usp=drivesdk
24NWLC10824,103690289,2024-10-03 00:00:00.000,Declaration (name extension),declaration_24nwlc10824_103690289,https://drive.google.com/file/d/108NE3x0O--e9TmS0L_KPgkPj6x0waP7B/view?usp=drivesdk
24NWLC10824,103690290,2024-10-03 00:00:00.000,Declaration (name extension),declaration_24nwlc10824_103690290,https://drive.google.com/file/d/1mksALi93O_KJNv20hHlw1KIxbrOUTOSm/view?usp=drivesdk
24NWLC10824,103690291,2024-10-17 00:00:00.000,Default Judgment,,
24NWLC11342,99544695,2024-03-21 00:00:00.000,Complaint,complaint_24nwlc11342_99544695,https://drive.google.com/file/d/1UwelUAko1XZ2ZRB3sn93mdML_3IX40in/view?usp=drivesdk
24NWLC11342,99544696,2024-03-21 00:00:00.000,Declaration in Support of Bus. & Prof. Code 6322.1(c)(1),declaration_24nwlc11342_99544696,
24NWLC11342,99544697,2024-03-21 00:00:00.000,Declaration (name extension),declaration_24nwlc11342_99544697,https://drive.google.com/file/d/1NuXQXbO9ffRI4LSxAvrTOq2FvqMojy7V/view?usp=drivesdk
24NWLC11342,99544698,2024-03-21 00:00:00.000,Civil Case Cover Sheet,,
24NWLC11342,99544699,2024-03-21 00:00:00.000,Summons,,
24NWLC11342,99544700,2024-03-21 00:00:00.000,"Order to Show Cause Hearing/Case Management Review (Cal. Rules of Court, rule 3.740)",,
24NWLC11342,99544702,2024-03-21 00:00:00.000,Notice of Case Assignment - Limited Civil Case,,
24NWLC11342,102166864,2024-07-24 00:00:00.000,Proof of Personal Service,,
24NWLC11342,104045127,2024-10-22 00:00:00.000,Request for Entry of Default / Judgment,request_for_default_judgment_24nwlc11342_104045127,https://drive.google.com/file/d/1555lekI38eWnh71c6ANM0ic0NxGBxDia/view?usp=drivesdk
24NWLC11342,104045185,2024-10-22 00:00:00.000,Declaration (name extension),declaration_24nwlc11342_104045185,https://drive.google.com/file/d/1Sq3nMcnX7_3RQ05CcSEmOhj9I43suqdX/view?usp=drivesdk
24NWLC11342,104045191,2024-10-22 00:00:00.000,Declaration (name extension),declaration_24nwlc11342_104045191,https://drive.google.com/file/d/1lf6KcPTBG95YDf1EVhz-AZtvACaQJsgh/view?usp=drivesdk
24NWLC11342,104045192,2024-10-22 00:00:00.000,Declaration of Costs - CCP 1033,declaration_24nwlc11342_104045192,
24NWLC11342,104045197,2024-10-22 00:00:00.000,Declaration re: Attorney's Fees,declaration_24nwlc11342_104045197,
24NWLC11342,104045199,2024-10-22 00:00:00.000,Request for Dismissal,,
24NWLC11342,104045200,2024-10-22 00:00:00.000,Declaration (name extension),declaration_24nwlc11342_104045200,https://drive.google.com/file/d/1IjMWIkvW9slHm-YfzKW3Pk4YyHOaxn3V/view?usp=drivesdk
24NWLC11342,104045201,2024-11-01 00:00:00.000,Judgment,,
24NWLC11999,99637501,2024-03-26 00:00:00.000,Complaint,complaint_24nwlc11999_99637501,https://drive.google.com/file/d/1YHPgwVLhS5GpuKmDsR8LzGnGUG3wBK29/view?usp=drivesdk
24NWLC11999,99637502,2024-03-26 00:00:00.000,Summons,,
24NWLC11999,99637503,2024-03-26 00:00:00.000,Declaration in Support of Bus. & Prof. Code 6322.1(c)(1),declaration_24nwlc11999_99637503,
24NWLC11999,99637504,2024-03-26 00:00:00.000,Civil Case Cover Sheet,,
24NWLC11999,99637505,2024-03-26 00:00:00.000,"Order to Show Cause Hearing/Case Management Review (Cal. Rules of Court, rule 3.740)",,
24NWLC11999,99637506,2024-03-26 00:00:00.000,Notice of Case Assignment - Limited Civil Case,,
24NWLC11999,100494165,2024-05-06 00:00:00.000,Proof of Personal Service,,
24NWLC11999,103686343,2024-10-02 00:00:00.000,Request for Entry of Default / Judgment,request_for_default_judgment_24nwlc11999_103686343,https://drive.google.com/file/d/1ccQoRGP_4ru2OT2CHmOdpaKIgRZsQsrr/view?usp=drivesdk
24NWLC11999,103686344,2024-10-02 00:00:00.000,Summary of the Case,,
24NWLC11999,103686345,2024-10-02 00:00:00.000,Request for Dismissal,,
24NWLC11999,103686346,2024-10-02 00:00:00.000,Declaration of Costs - CCP 1033,declaration_24nwlc11999_103686346,
24NWLC11999,103686347,2024-10-02 00:00:00.000,Declaration (name extension),declaration_24nwlc11999_103686347,https://drive.google.com/file/d/14hT3eDvOE-dhSMcdCmGhCAZYvjiAQ6U6/view?usp=drivesdk
24NWLC11999,103686348,2024-10-02 00:00:00.000,Declaration re: Attorney's Fees,declaration_24nwlc11999_103686348,
24NWLC11999,103686349,2024-10-17 00:00:00.000,Judgment,,
24NWLC12798,99738125,2024-03-29 00:00:00.000,Complaint,complaint_24nwlc12798_99738125,https://drive.google.com/file/d/1mP3r0S5W70t-1m2CH1To34QzO6PuJuEd/view?usp=drivesdk
24NWLC12798,99738126,2024-03-29 00:00:00.000,Civil Case Cover Sheet,,
24NWLC12798,99738127,2024-03-29 00:00:00.000,Summons,,
24NWLC12798,99738128,2024-03-29 00:00:00.000,"Order to Show Cause Hearing/Case Management Review (Cal. Rules of Court, rule 3.740)",,
24NWLC12798,99738129,2024-03-29 00:00:00.000,Notice of Case Assignment - Limited Civil Case,,
24NWLC12798,100963472,2024-05-28 00:00:00.000,Proof of Service by Substituted Service,,
24NWLC12798,103689599,2024-10-02 00:00:00.000,Request for Entry of Default / Judgment,request_for_default_judgment_24nwlc12798_103689599,https://drive.google.com/file/d/10ILb4YiSPsaT2cP6inF7PjJHRp4Qkbkp/view?usp=drivesdk
24NWLC12798,103689600,2024-10-02 00:00:00.000,Declaration re: Attorney's Fees,declaration_24nwlc12798_103689600,
24NWLC12798,103689601,2024-10-02 00:00:00.000,Summary of the Case,,
24NWLC12798,103689602,2024-10-02 00:00:00.000,Request for Dismissal,,
24NWLC12798,103689603,2024-10-02 00:00:00.000,Declaration of Costs - CCP 1033,declaration_24nwlc12798_103689603,
24NWLC12798,103689604,2024-10-02 00:00:00.000,Declaration (name extension),declaration_24nwlc12798_103689604,https://drive.google.com/file/d/1b0SP3oJa0CkL2q8gI2YOW3bDwAq1n9yY/view?usp=drivesdk
24NWLC12798,103689605,2024-10-17 00:00:00.000,Judgment,,
24NWLC14122,99899333,2024-04-08 00:00:00.000,Complaint,complaint_24nwlc14122_99899333,https://drive.google.com/file/d/1rtAske5X30Fen9YuZrLbBsOoDdUbnd1S/view?usp=drivesdk
24NWLC14122,99899334,2024-04-08 00:00:00.000,Summons,,
24NWLC14122,99899335,2024-04-08 00:00:00.000,Civil Case Cover Sheet,,
24NWLC14122,99899336,2024-04-08 00:00:00.000,"Order to Show Cause Hearing/Case Management Review (Cal. Rules of Court, rule 3.740)",,
24NWLC14122,99899337,2024-04-08 00:00:00.000,Notice of Case Assignment - Limited Civil Case,,
24NWLC14122,101087231,2024-06-05 00:00:00.000,Proof of Service by Substituted Service,,
24NWLC14122,103839365,2024-10-15 00:00:00.000,Request for Entry of Default / Judgment,request_for_default_judgment_24nwlc14122_103839365,https://drive.google.com/file/d/1L9XczErN_9urYULo4_K3Rq1OA0cnwHoF/view?usp=drivesdk
24NWLC14122,103839367,2024-10-15 00:00:00.000,Declaration of Costs - CCP 1033,declaration_24nwlc14122_103839367,
24NWLC14122,103839368,2024-10-15 00:00:00.000,Declaration Pursuant to 585 CCP in Support of Default Judgment,declaration_24nwlc14122_103839368,https://drive.google.com/file/d/17AxUbxTGKDkMELNoh8kNReZ_snklQ1__/view?usp=drivesdk
24NWLC14122,103839369,2024-10-15 00:00:00.000,Request for Dismissal,,
24NWLC14122,103839366,2024-10-22 00:00:00.000,Judgment,,
24NWLC14167,99904162,2024-04-08 00:00:00.000,Complaint,complaint_24nwlc14167_99904162,https://drive.google.com/file/d/1kKTpNyn2jKvIceEeAo0HT3Su9k5wx217/view?usp=drivesdk
24NWLC14167,99904163,2024-04-08 00:00:00.000,Civil Case Cover Sheet,,
24NWLC14167,99904164,2024-04-08 00:00:00.000,Summons,,
24NWLC14167,99904165,2024-04-08 00:00:00.000,Declaration in Support of Bus. & Prof. Code 6322.1(c)(1),declaration_24nwlc14167_99904165,
24NWLC14167,99904166,2024-04-08 00:00:00.000,"Order to Show Cause Hearing/Case Management Review (Cal. Rules of Court, rule 3.740)",,
24NWLC14167,99904167,2024-04-08 00:00:00.000,Notice of Case Assignment - Limited Civil Case,,
24NWLC14167,100754476,2024-05-20 00:00:00.000,Proof of Service by Substituted Service,,
24NWLC14167,103839249,2024-10-15 00:00:00.000,Request for Entry of Default / Judgment,request_for_default_judgment_24nwlc14167_103839249,https://drive.google.com/file/d/112i0LO0Hqp3vdI8Uqdd2XXUgHO5XY4q3/view?usp=drivesdk
24NWLC14167,103839250,2024-10-15 00:00:00.000,Declaration Pursuant to 585 CCP in Support of Default Judgment,declaration_24nwlc14167_103839250,https://drive.google.com/file/d/1yF1IyvpD55WsGorhFAUdfc9F3-3QZl3M/view?usp=drivesdk
24NWLC14167,103839251,2024-10-15 00:00:00.000,Declaration Pursuant to 585 CCP in Support of Default Judgment,declaration_24nwlc14167_103839251,https://drive.google.com/file/d/1l-B8WihrOYtkYxAXzkI-6ke3DoIQEJKJ/view?usp=drivesdk
24NWLC14167,103839253,2024-10-15 00:00:00.000,Request for Dismissal,,
24NWLC14167,103839254,2024-10-15 00:00:00.000,Declaration of Costs - CCP 1033,declaration_24nwlc14167_103839254,
24NWLC14167,103839252,2024-10-22 00:00:00.000,Judgment,,
24NWLC14172,99904380,2024-04-08 00:00:00.000,Complaint,complaint_24nwlc14172_99904380,https://drive.google.com/file/d/1DGRKeI6t9pVKjyiJTdMrSTszAx_1HuJg/view?usp=drivesdk
24NWLC14172,99904381,2024-04-08 00:00:00.000,Civil Case Cover Sheet,,
24NWLC14172,99904382,2024-04-08 00:00:00.000,Summons,,
24NWLC14172,99904383,2024-04-08 00:00:00.000,Declaration in Support of Bus. & Prof. Code 6322.1(c)(1),declaration_24nwlc14172_99904383,
24NWLC14172,99904384,2024-04-08 00:00:00.000,"Order to Show Cause Hearing/Case Management Review (Cal. Rules of Court, rule 3.740)",,
24NWLC14172,99904385,2024-04-08 00:00:00.000,Notice of Case Assignment - Limited Civil Case,,
24NWLC14172,100151583,2024-04-22 00:00:00.000,Proof of Service by Substituted Service,,
24NWLC14172,103833630,2024-10-15 00:00:00.000,Request for Entry of Default / Judgment,request_for_default_judgment_24nwlc14172_103833630,https://drive.google.com/file/d/1XSd57hjzJGK9C51cHJflIFNCfqNtawPJ/view?usp=drivesdk
24NWLC14172,103833631,2024-10-15 00:00:00.000,Declaration Pursuant to 585 CCP in Support of Default Judgment,declaration_24nwlc14172_103833631,https://drive.google.com/file/d/1KelmAy7RsK5U5P-kWbVX22afNo7akehg/view?usp=drivesdk
24NWLC14172,103833633,2024-10-15 00:00:00.000,Declaration of Costs - CCP 1033,declaration_24nwlc14172_103833633,
24NWLC14172,103833634,2024-10-15 00:00:00.000,Request for Dismissal,,
24NWLC14172,103833632,2024-10-22 00:00:00.000,Default Judgment,,
24NWLC14172,108812676,2025-05-28 00:00:00.000,"Memorandum of Costs After Judgment, Acknowledgment of Credit, and Declaration of Accrued Interest",declaration_24nwlc14172_108812676,
24NWLC14172,108812675,2025-06-05 00:00:00.000,Writ of Execution,,
24NWLC15387,100049929,2024-04-16 00:00:00.000,Complaint,complaint_24nwlc15387_100049929,https://drive.google.com/file/d/1PvFlQk8CAqNfdDtIjsgmVPxWrTuKzQt6/view?usp=drivesdk
24NWLC15387,100049930,2024-04-16 00:00:00.000,Civil Case Cover Sheet,,
24NWLC15387,100049931,2024-04-16 00:00:00.000,Summons,,
24NWLC15387,100049932,2024-04-16 00:00:00.000,Declaration (name extension),declaration_24nwlc15387_100049932,https://drive.google.com/file/d/1OGQgWq1EihCm6nsDfrUhfVMadlLx-Aq1/view?usp=drivesdk
24NWLC15387,100049933,2024-04-16 00:00:00.000,Declaration in Support of Bus. & Prof. Code 6322.1(c)(1),declaration_24nwlc15387_100049933,
24NWLC15387,100049939,2024-04-16 00:00:00.000,"Order to Show Cause Hearing/Case Management Review (Cal. Rules of Court, rule 3.740)",,
24NWLC15387,100049941,2024-04-16 00:00:00.000,Notice of Case Assignment - Limited Civil Case,,
24NWLC15387,100321060,2024-05-01 00:00:00.000,Proof of Personal Service,,
24NWLC15387,103386386,2024-09-17 00:00:00.000,Request for Entry of Default / Judgment,request_for_default_judgment_24nwlc15387_103386386,https://drive.google.com/file/d/1Ufmr7SFxfLU7aTyF0fvytt6fDMueh_Oq/view?usp=drivesdk
24NWLC15387,103386388,2024-09-17 00:00:00.000,Declaration (name extension),declaration_24nwlc15387_103386388,https://drive.google.com/file/d/1Ugj5lAxncr2__AiuBPaAux-GhJ-8Ri0p/view?usp=drivesdk
24NWLC15387,103386389,2024-09-17 00:00:00.000,Declaration of Costs - CCP 1033,declaration_24nwlc15387_103386389,
24NWLC15387,103386390,2024-09-17 00:00:00.000,Declaration (name extension),declaration_24nwlc15387_103386390,https://drive.google.com/file/d/1LZtqEBpbX9h0G52JTUJVuwoigZNlGfkp/view?usp=drivesdk
24NWLC15387,103386391,2024-09-17 00:00:00.000,Declaration (name extension),declaration_24nwlc15387_103386391,https://drive.google.com/file/d/16P9ZwHAx5MeU33i3ugDcKV9kmSW2euWc/view?usp=drivesdk
24NWLC15387,103386392,2024-09-17 00:00:00.000,Request for Dismissal,,
24NWLC15387,103386387,2024-10-03 00:00:00.000,Judgment,,
24NWLC15387,108648309,2025-05-19 00:00:00.000,"Memorandum of Costs After Judgment, Acknowledgment of Credit, and Declaration of Accrued Interest",declaration_24nwlc15387_108648309,
24NWLC15387,108648308,2025-05-29 00:00:00.000,Writ of Execution,,
24NWLC17337,100256273,2024-04-29 00:00:00.000,Complaint,complaint_24nwlc17337_100256273,https://drive.google.com/file/d/19V8szhC9us8N0xwbfi2DFH0sajmVtSCY/view?usp=drivesdk
24NWLC17337,100256274,2024-04-29 00:00:00.000,Civil Case Cover Sheet,,
24NWLC17337,100256275,2024-04-29 00:00:00.000,Summons,,
24NWLC17337,100256276,2024-04-29 00:00:00.000,"Order to Show Cause Hearing/Case Management Review (Cal. Rules of Court, rule 3.740)",,
24NWLC17337,100256277,2024-04-29 00:00:00.000,Notice of Case Assignment - Limited Civil Case,,
24NWLC17337,101619538,2024-06-18 00:00:00.000,Proof of Personal Service,,
24NWLC17337,104118994,2024-10-25 00:00:00.000,Request for Entry of Default / Judgment,request_for_default_judgment_24nwlc17337_104118994,https://drive.google.com/file/d/1-fTOjtPJ2EGuugk85sqIuuT3iLBLG-r-/view?usp=drivesdk
24NWLC17337,104118996,2024-10-25 00:00:00.000,Declaration (name extension),declaration_24nwlc17337_104118996,https://drive.google.com/file/d/1nEN4acnjkyMlT-VvKfEPJfy8lXWKVd2Y/view?usp=drivesdk
24NWLC17337,104118997,2024-10-25 00:00:00.000,Summary of the Case,,
24NWLC17337,104118998,2024-10-25 00:00:00.000,Declaration re: Attorney's Fees,declaration_24nwlc17337_104118998,
24NWLC17337,104118999,2024-10-25 00:00:00.000,Request for Dismissal,,
24NWLC17337,104118995,2024-11-06 00:00:00.000,Judgment,,
24NWLC17653,100290206,2024-04-30 00:00:00.000,Complaint,complaint_24nwlc17653_100290206,https://drive.google.com/file/d/18umj_T2muzSr5WxJIt1qD3E_hJxZRIun/view?usp=drivesdk
24NWLC17653,100290207,2024-04-30 00:00:00.000,Summons,,
24NWLC17653,100290208,2024-04-30 00:00:00.000,Civil Case Cover Sheet,,
24NWLC17653,100290210,2024-04-30 00:00:00.000,"Order to Show Cause Hearing/Case Management Review (Cal. Rules of Court, rule 3.740)",,
24NWLC17653,100290211,2024-04-30 00:00:00.000,Notice of Case Assignment - Limited Civil Case,,
24NWLC17653,100575811,2024-05-13 00:00:00.000,Proof of Personal Service,,
24NWLC17653,103894339,2024-10-15 00:00:00.000,Request for Entry of Default / Judgment,request_for_default_judgment_24nwlc17653_103894339,https://drive.google.com/file/d/1xHu52HT82XQjGYQ4gfGTozKsVNf_SgJz/view?usp=drivesdk
24NWLC17653,103894340,2024-10-15 00:00:00.000,Request for Dismissal,,
24NWLC17653,103894341,2024-10-15 00:00:00.000,Declaration of Costs - CCP 1033,declaration_24nwlc17653_103894341,
24NWLC17653,103894342,2024-10-15 00:00:00.000,Declaration Pursuant to 585 CCP in Support of Default Judgment,declaration_24nwlc17653_103894342,https://drive.google.com/file/d/16D1v_4l-TG6r7Vl3gmno4xcq1fnfp_sJ/view?usp=drivesdk
24NWLC17653,103894343,2024-10-15 00:00:00.000,Declaration Pursuant to 585 CCP in Support of Default Judgment,declaration_24nwlc17653_103894343,https://drive.google.com/file/d/1bm3gvTsa-m8KZa_7-invSuPPoddfze05/view?usp=drivesdk
24NWLC17653,103894344,2024-10-31 00:00:00.000,Judgment,,
24NWLC18762,100465129,2024-05-08 00:00:00.000,Complaint,complaint_24nwlc18762_100465129,https://drive.google.com/file/d/1IK-_BIPNnlYstScojX3yoSDX5Q-_xr9b/view?usp=drivesdk
24NWLC18762,100465130,2024-05-08 00:00:00.000,Declaration in Support of Bus. & Prof. Code 6322.1(c)(1),declaration_24nwlc18762_100465130,
24NWLC18762,100465131,2024-05-08 00:00:00.000,Summons,,
24NWLC18762,100465132,2024-05-08 00:00:00.000,Civil Case Cover Sheet,,
24NWLC18762,100465134,2024-05-08 00:00:00.000,"Order to Show Cause Hearing/Case Management Review (Cal. Rules of Court, rule 3.740)",,
24NWLC18762,100465135,2024-05-08 00:00:00.000,Notice of Case Assignment - Limited Civil Case,,
24NWLC18762,100873536,2024-05-22 00:00:00.000,Proof of Service by Substituted Service,,
24NWLC18762,103422333,2024-09-17 00:00:00.000,Request for Dismissal,,
24NWLC18762,103422334,2024-09-17 00:00:00.000,Declaration (name extension),declaration_24nwlc18762_103422334,https://drive.google.com/file/d/1cgCYX69q-S8sx0NgFUvYejKv-Ia9bZq4/view?usp=drivesdk
24NWLC18762,103422335,2024-09-17 00:00:00.000,Request for Entry of Default / Judgment,request_for_default_judgment_24nwlc18762_103422335,https://drive.google.com/file/d/1inJSD80-mMDYxnXkJ07imTk_BFzaHXph/view?usp=drivesdk
24NWLC18762,103422337,2024-09-17 00:00:00.000,Declaration (name extension),declaration_24nwlc18762_103422337,https://drive.google.com/file/d/1tbXXs4zzzsKjR7CsA7oLrJztMp6GcTT-/view?usp=drivesdk
24NWLC18762,103422336,2024-10-07 00:00:00.000,Default Judgment,,
24NWLC18762,104913824,2024-12-10 00:00:00.000,Abstract of Judgment - Civil and Small Claims,,
24NWLC18973,100495365,2024-05-09 00:00:00.000,Complaint,complaint_24nwlc18973_100495365,https://drive.google.com/file/d/16p51_fk7gG40rRX-h3VLi2qygBCWowjZ/view?usp=drivesdk
24NWLC18973,100495366,2024-05-09 00:00:00.000,Civil Case Cover Sheet,,
24NWLC18973,100495367,2024-05-09 00:00:00.000,Declaration in Support of Bus. & Prof. Code 6322.1(c)(1),declaration_24nwlc18973_100495367,
24NWLC18973,100495368,2024-05-09 00:00:00.000,Summons,,
24NWLC18973,100495369,2024-05-09 00:00:00.000,"Order to Show Cause Hearing/Case Management Review (Cal. Rules of Court, rule 3.740)",,
24NWLC18973,100495371,2024-05-09 00:00:00.000,Notice of Case Assignment - Limited Civil Case,,
24NWLC18973,101193087,2024-06-10 00:00:00.000,Proof of Personal Service,,
24NWLC18973,104182498,2024-10-28 00:00:00.000,Request for Entry of Default / Judgment,request_for_default_judgment_24nwlc18973_104182498,https://drive.google.com/file/d/1gQtQHObOkbfPHsQkNH52gUqYaywSOhnG/view?usp=drivesdk
24NWLC18973,104182499,2024-10-28 00:00:00.000,Declaration of Costs - CCP 1033,declaration_24nwlc18973_104182499,
24NWLC18973,104182500,2024-10-28 00:00:00.000,Request for Dismissal,,
24NWLC18973,104182501,2024-10-28 00:00:00.000,Summary of the Case,,
24NWLC18973,104182502,2024-10-28 00:00:00.000,Declaration re: Attorney's Fees,declaration_24nwlc18973_104182502,
24NWLC18973,104182504,2024-10-28 00:00:00.000,Declaration (name extension),declaration_24nwlc18973_104182504,https://drive.google.com/file/d/1mXGCSMj5Vdva-j5CpWn4cQGqMaEAxjjH/view?usp=drivesdk
24NWLC18973,104182503,2024-11-06 00:00:00.000,Judgment,,
24NWLC20168,100642287,2024-05-15 00:00:00.000,Complaint,complaint_24nwlc20168_100642287,https://drive.google.com/file/d/183jKMQmLBJtuiB1VrW6TTdPXFJcunk0k/view?usp=drivesdk
24NWLC20168,100642288,2024-05-15 00:00:00.000,Civil Case Cover Sheet,,
24NWLC20168,100642289,2024-05-15 00:00:00.000,Declaration in Support of Bus. & Prof. Code 6322.1(c)(1),declaration_24nwlc20168_100642289,
24NWLC20168,100642290,2024-05-15 00:00:00.000,Summons,,
24NWLC20168,100642291,2024-05-15 00:00:00.000,"Order to Show Cause Hearing/Case Management Review (Cal. Rules of Court, rule 3.740)",,
24NWLC20168,100642292,2024-05-15 00:00:00.000,Notice of Case Assignment - Limited Civil Case,,
24NWLC20168,101161074,2024-06-07 00:00:00.000,Proof of Personal Service,,
24NWLC20168,104145625,2024-10-25 00:00:00.000,Request for Entry of Default / Judgment,request_for_default_judgment_24nwlc20168_104145625,https://drive.google.com/file/d/11vHEM9C3rP9VHdsDpHqgEWg-uo3Jh17f/view?usp=drivesdk
24NWLC20168,104145627,2024-10-25 00:00:00.000,Request for Dismissal,,
24NWLC20168,104145629,2024-10-25 00:00:00.000,Declaration re: Attorney's Fees,declaration_24nwlc20168_104145629,
24NWLC20168,104145630,2024-10-25 00:00:00.000,Declaration of Costs - CCP 1033,declaration_24nwlc20168_104145630,
24NWLC20168,104145632,2024-10-25 00:00:00.000,Declaration (name extension),declaration_24nwlc20168_104145632,https://drive.google.com/file/d/1u3xUtuMs3AwI5AtXAcaFVUY2e2MDLHcx/view?usp=drivesdk
24NWLC20168,104145633,2024-10-25 00:00:00.000,Summary of the Case,,
24NWLC20168,104145634,2024-11-06 00:00:00.000,Judgment,,
24NWLC21288,100788933,2024-05-21 00:00:00.000,Complaint,complaint_24nwlc21288_100788933,https://drive.google.com/file/d/15gRLGtaccCXExoUqEDJmJyOcDGBW2EtT/view?usp=drivesdk
24NWLC21288,100788934,2024-05-21 00:00:00.000,Summons,,
24NWLC21288,100788935,2024-05-21 00:00:00.000,Civil Case Cover Sheet,,
24NWLC21288,100788936,2024-05-21 00:00:00.000,"Order to Show Cause Hearing/Case Management Review (Cal. Rules of Court, rule 3.740)",,
24NWLC21288,100788937,2024-05-21 00:00:00.000,Notice of Case Assignment - Limited Civil Case,,
24NWLC21288,101843391,2024-07-09 00:00:00.000,Proof of Service by Substituted Service,,
24NWLC21288,104062989,2024-10-22 00:00:00.000,Request for Entry of Default / Judgment,request_for_default_judgment_24nwlc21288_104062989,https://drive.google.com/file/d/1lYNTlHRBErUnn_VTNiOU_G0CQpJeAhuQ/view?usp=drivesdk
24NWLC21288,104062990,2024-10-22 00:00:00.000,Request for Dismissal,,
24NWLC21288,104062991,2024-10-22 00:00:00.000,Declaration of Costs - CCP 1033,declaration_24nwlc21288_104062991,
24NWLC21288,104062992,2024-10-22 00:00:00.000,Declaration re: Attorney's Fees,declaration_24nwlc21288_104062992,
24NWLC21288,104062993,2024-10-22 00:00:00.000,Summary of the Case,,
24NWLC21288,104062994,2024-10-22 00:00:00.000,Declaration (name extension),declaration_24nwlc21288_104062994,https://drive.google.com/file/d/1U3TFS75ZEStidSEzer_LYdT6iW0kyKVt/view?usp=drivesdk
24NWLC21288,104062995,2024-11-05 00:00:00.000,Judgment,,
24NWLC21396,100804415,2024-05-22 00:00:00.000,Complaint,complaint_24nwlc21396_100804415,https://drive.google.com/file/d/1nJSEOgo9gyRzs8mrThjFxeN2za8mcyef/view?usp=drivesdk
24NWLC21396,100804416,2024-05-22 00:00:00.000,Civil Case Cover Sheet,,
24NWLC21396,100804417,2024-05-22 00:00:00.000,Summons,,
24NWLC21396,100804418,2024-05-22 00:00:00.000,Declaration in Support of Bus. & Prof. Code 6322.1(c)(1),declaration_24nwlc21396_100804418,
24NWLC21396,100804419,2024-05-22 00:00:00.000,"Order to Show Cause Hearing/Case Management Review (Cal. Rules of Court, rule 3.740)",,
24NWLC21396,100804420,2024-05-22 00:00:00.000,Notice of Case Assignment - Limited Civil Case,,
24NWLC21396,101864346,2024-07-16 00:00:00.000,Proof of Service by Substituted Service,,
24NWLC21396,103555658,2024-09-25 00:00:00.000,"Declaration of Interest, Costs and Attorney Fees",declaration_24nwlc21396_103555658,
24NWLC21396,103555659,2024-09-25 00:00:00.000,Declaration Pursuant to 585 CCP in Support of Default Judgment,declaration_24nwlc21396_103555659,https://drive.google.com/file/d/1tD_7nHCWdwG1-C4BGcg8zKHumHgTtTpR/view?usp=drivesdk
24NWLC21396,103555660,2024-09-25 00:00:00.000,Request for Entry of Default / Judgment,request_for_default_judgment_24nwlc21396_103555660,https://drive.google.com/file/d/18F1tLYQGmBe_Jgov9L81cOvWGwba8PAK/view?usp=drivesdk
24NWLC21396,103555657,2024-10-11 00:00:00.000,Default Judgment,,
24NWLC21396,104508691,2024-11-20 00:00:00.000,Abstract of Judgment - Civil and Small Claims,,
24NWLC22737,100978727,2024-05-30 00:00:00.000,Complaint,complaint_24nwlc22737_100978727,https://drive.google.com/file/d/1yViypOpquGF-aHBVeQkILWTk2Vby1s3Y/view?usp=drivesdk
24NWLC22737,100978728,2024-05-30 00:00:00.000,Declaration in Support of Bus. & Prof. Code 6322.1(c)(1),declaration_24nwlc22737_100978728,
24NWLC22737,100978729,2024-05-30 00:00:00.000,Civil Case Cover Sheet,,
24NWLC22737,100978730,2024-05-30 00:00:00.000,Summons,,
24NWLC22737,100978731,2024-05-30 00:00:00.000,"Order to Show Cause Hearing/Case Management Review (Cal. Rules of Court, rule 3.740)",,
24NWLC22737,100978732,2024-05-30 00:00:00.000,Notice of Case Assignment - Limited Civil Case,,
24NWLC22737,101867980,2024-07-11 00:00:00.000,Proof of Service by Substituted Service,,
24NWLC22737,104803135,2024-11-20 00:00:00.000,Request for Dismissal,,
24NWLC22737,104803136,2024-11-20 00:00:00.000,Declaration (name extension),declaration_24nwlc22737_104803136,https://drive.google.com/file/d/1aynJXnLxuArWtKkoaRyKZeB6hgC7sos9/view?usp=drivesdk
24NWLC22737,104803138,2024-11-20 00:00:00.000,Request for Entry of Default / Judgment,request_for_default_judgment_24nwlc22737_104803138,https://drive.google.com/file/d/1PdQNzwAa2prQrfrNJ2gmK2DCfDzh2s-0/view?usp=drivesdk
24NWLC22737,104803139,2024-11-20 00:00:00.000,Declaration (name extension),declaration_24nwlc22737_104803139,https://drive.google.com/file/d/11bhzuY6r6KjR4JLYWNrqOe_nW0bzyTge/view?usp=drivesdk
24NWLC22737,104803137,2024-12-05 00:00:00.000,Default Judgment,,
24NWLC23018,101004777,2024-05-30 00:00:00.000,Complaint,complaint_24nwlc23018_101004777,https://drive.google.com/file/d/1iMkLtluCXu4Ng9aOBbBo_dlJx8LwTH8Q/view?usp=drivesdk
24NWLC23018,101004778,2024-05-30 00:00:00.000,Declaration (name extension),declaration_24nwlc23018_101004778,https://drive.google.com/file/d/11FFVRTxsupwfY4Tn51LOdA5Q9Z_HUPh6/view?usp=drivesdk
24NWLC23018,101004779,2024-05-30 00:00:00.000,Civil Case Cover Sheet,,
24NWLC23018,101004780,2024-05-30 00:00:00.000,Summons,,
24NWLC23018,101004781,2024-05-30 00:00:00.000,"Order to Show Cause Hearing/Case Management Review (Cal. Rules of Court, rule 3.740)",,
24NWLC23018,101004782,2024-05-30 00:00:00.000,Notice of Case Assignment - Limited Civil Case,,
24NWLC23018,101641999,2024-06-18 00:00:00.000,Proof of Personal Service,,
24NWLC23018,103993959,2024-10-18 00:00:00.000,Request for Entry of Default / Judgment,request_for_default_judgment_24nwlc23018_103993959,https://drive.google.com/file/d/1tRUz7j60TCM9tyP6VSJANoBBanZUiAO4/view?usp=drivesdk
24NWLC23018,103993961,2024-10-18 00:00:00.000,Request for Dismissal,,
24NWLC23018,103993962,2024-10-18 00:00:00.000,Declaration of Costs - CCP 1033,declaration_24nwlc23018_103993962,
24NWLC23018,103993963,2024-10-18 00:00:00.000,Declaration (name extension),declaration_24nwlc23018_103993963,https://drive.google.com/file/d/1RKDToqFBmG51Go-pAI248F9k9L0KoTkW/view?usp=drivesdk
24NWLC23018,103993965,2024-10-18 00:00:00.000,Declaration re: Attorney's Fees,declaration_24nwlc23018_103993965,
24NWLC23018,103993966,2024-10-18 00:00:00.000,Declaration (name extension),declaration_24nwlc23018_103993966,https://drive.google.com/file/d/1HW5R24maQ7m3W6RxsNKyBqBJ0i1c4QeA/view?usp=drivesdk
24NWLC23018,103993964,2024-10-31 00:00:00.000,Judgment,,
24NWLC23489,101039535,2024-06-03 00:00:00.000,Complaint,complaint_24nwlc23489_101039535,https://drive.google.com/file/d/1_Qy9juGhYCkJqrP8fK8qgmkjF3SMIYUj/view?usp=drivesdk
24NWLC23489,101039536,2024-06-03 00:00:00.000,Civil Case Cover Sheet,,
24NWLC23489,101039537,2024-06-03 00:00:00.000,Declaration in Support of Bus. & Prof. Code 6322.1(c)(1),declaration_24nwlc23489_101039537,
24NWLC23489,101039538,2024-06-03 00:00:00.000,Summons,,
24NWLC23489,101039539,2024-06-03 00:00:00.000,"Order to Show Cause Hearing/Case Management Review (Cal. Rules of Court, rule 3.740)",,
24NWLC23489,101039540,2024-06-03 00:00:00.000,Notice of Case Assignment - Limited Civil Case,,
24NWLC23489,103016716,2024-08-29 00:00:00.000,Proof of Service by Substituted Service,,
24NWLC23489,103577348,2024-09-26 00:00:00.000,Request for Entry of Default / Judgment,request_for_default_judgment_24nwlc23489_103577348,https://drive.google.com/file/d/1mBtHHdAfNKPP_SiWOEhnHqHr14vU5-sb/view?usp=drivesdk
24NWLC23489,103577349,2024-09-26 00:00:00.000,Declaration (name extension),declaration_24nwlc23489_103577349,https://drive.google.com/file/d/1BFW7p5-k14K5B6Lx_cv4kDmXv_Yg3uI8/view?usp=drivesdk
24NWLC23489,103577351,2024-09-26 00:00:00.000,Declaration (name extension),declaration_24nwlc23489_103577351,https://drive.google.com/file/d/17HHy63a-wannfoVPLXfT0uXIh3D5XScn/view?usp=drivesdk
24NWLC23489,103577350,2024-10-14 00:00:00.000,Default Judgment,,
24NWLC23633,101056951,2024-06-03 00:00:00.000,Complaint,complaint_24nwlc23633_101056951,https://drive.google.com/file/d/1gdRMykYnEuHxWT2ZfnJsKOcZMQexKRHW/view?usp=drivesdk
24NWLC23633,101056952,2024-06-03 00:00:00.000,Civil Case Cover Sheet,,
24NWLC23633,101056953,2024-06-03 00:00:00.000,Declaration in Support of Bus. & Prof. Code 6322.1(c)(1),declaration_24nwlc23633_101056953,
24NWLC23633,101056954,2024-06-03 00:00:00.000,Summons,,
24NWLC23633,101056955,2024-06-03 00:00:00.000,"Order to Show Cause Hearing/Case Management Review (Cal. Rules of Court, rule 3.740)",,
24NWLC23633,101056956,2024-06-03 00:00:00.000,Notice of Case Assignment - Limited Civil Case,,
24NWLC23633,102126670,2024-07-16 00:00:00.000,Proof of Personal Service,,
24NWLC23633,104331710,2024-11-04 00:00:00.000,Request for Dismissal,,
24NWLC23633,104331711,2024-11-04 00:00:00.000,Declaration (name extension),declaration_24nwlc23633_104331711,https://drive.google.com/file/d/1LWkOSJFA4fEucpCgGITUTYx1POMINVQI/view?usp=drivesdk
24NWLC23633,104331712,2024-11-04 00:00:00.000,Declaration (name extension),declaration_24nwlc23633_104331712,https://drive.google.com/file/d/1k5EFHrAJnyoH5cvXmDkNCE7FF7NuWSUg/view?usp=drivesdk
24NWLC23633,104331714,2024-11-04 00:00:00.000,Request for Entry of Default / Judgment,request_for_default_judgment_24nwlc23633_104331714,https://drive.google.com/file/d/1dczumEhX377Uc5PQXwaRZ26A_HMNKdKX/view?usp=drivesdk
24NWLC23633,104331713,2024-11-19 00:00:00.000,Default Judgment,,
24NWLC23633,106081077,2025-02-05 00:00:00.000,Abstract of Judgment - Civil and Small Claims,,
24NWLC23772,101077594,2024-06-03 00:00:00.000,Complaint,complaint_24nwlc23772_101077594,https://drive.google.com/file/d/1EVYmlJ_rfNODdmoV9XKG4U49QcWKmNWN/view?usp=drivesdk
24NWLC23772,101077595,2024-06-03 00:00:00.000,Civil Case Cover Sheet,,
24NWLC23772,101077596,2024-06-03 00:00:00.000,Summons,,
24NWLC23772,101077598,2024-06-03 00:00:00.000,"Order to Show Cause Hearing/Case Management Review (Cal. Rules of Court, rule 3.740)",,
24NWLC23772,101077600,2024-06-03 00:00:00.000,Notice of Case Assignment - Limited Civil Case,,
24NWLC23772,101808460,2024-07-09 00:00:00.000,Proof of Personal Service,,
24NWLC23772,104690536,2024-11-15 00:00:00.000,Request for Dismissal,,
24NWLC23772,104690538,2024-11-15 00:00:00.000,Declaration (name extension),declaration_24nwlc23772_104690538,https://drive.google.com/file/d/11EOs90EgznOL41i97CrGyORxdld5xvoT/view?usp=drivesdk
24NWLC23772,104690539,2024-11-15 00:00:00.000,Declaration (name extension),declaration_24nwlc23772_104690539,https://drive.google.com/file/d/137DxSwvVFuTkW126oLd7a5PG_YuIImHs/view?usp=drivesdk
24NWLC23772,104690540,2024-11-15 00:00:00.000,Request for Entry of Default / Judgment,request_for_default_judgment_24nwlc23772_104690540,https://drive.google.com/file/d/1psUOJjuDerwudbnbqPLuJd096C7P0DVb/view?usp=drivesdk
24NWLC23772,104690537,2024-12-02 00:00:00.000,Default Judgment,,
24NWLC23772,106277629,2025-02-14 00:00:00.000,Abstract of Judgment - Civil and Small Claims,,
24NWLC23926,101095363,2024-06-04 00:00:00.000,Complaint,complaint_24nwlc23926_101095363,https://drive.google.com/file/d/1KaPGdmzlLVpi6LpJL59gIiq75tUs0FBm/view?usp=drivesdk
24NWLC23926,101095364,2024-06-04 00:00:00.000,Summons,,
24NWLC23926,101095365,2024-06-04 00:00:00.000,Civil Case Cover Sheet,,
24NWLC23926,101095366,2024-06-04 00:00:00.000,Declaration in Support of Bus. & Prof. Code 6322.1(c)(1),declaration_24nwlc23926_101095366,
24NWLC23926,101095367,2024-06-04 00:00:00.000,"Order to Show Cause Hearing/Case Management Review (Cal. Rules of Court, rule 3.740)",,
24NWLC23926,101095368,2024-06-04 00:00:00.000,Notice of Case Assignment - Limited Civil Case,,
24NWLC23926,101742984,2024-07-02 00:00:00.000,Proof of Personal Service,,
24NWLC23926,103748090,2024-10-07 00:00:00.000,Request for Entry of Default / Judgment,request_for_default_judgment_24nwlc23926_103748090,https://drive.google.com/file/d/1paJ3tWxUNPjasoLlX3pZes0op3GrC8RC/view?usp=drivesdk
24NWLC23926,103748091,2024-10-07 00:00:00.000,Request for Dismissal,,
24NWLC23926,103748092,2024-10-07 00:00:00.000,Declaration of Costs - CCP 1033,declaration_24nwlc23926_103748092,
24NWLC23926,103748093,2024-10-07 00:00:00.000,Declaration (name extension),declaration_24nwlc23926_103748093,https://drive.google.com/file/d/1rhIpaUC3-gLlx4FfrmnzpbRYHUgmbqv7/view?usp=drivesdk
24NWLC23926,103748095,2024-10-07 00:00:00.000,Declaration Pursuant to 585 CCP in Support of Default Judgment,declaration_24nwlc23926_103748095,https://drive.google.com/file/d/1kuAl2a2U51yjJdeJHNLHj67eg3wKf0T2/view?usp=drivesdk
24NWLC23926,103748096,2024-10-07 00:00:00.000,Declaration Pursuant to 585 CCP in Support of Default Judgment,declaration_24nwlc23926_103748096,https://drive.google.com/file/d/10SKiaOoESgPTmjj2FADMu6IFL8fFaMKB/view?usp=drivesdk
24NWLC23926,103748094,2024-10-21 00:00:00.000,Judgment,,
24NWLC24410,101137062,2024-06-05 00:00:00.000,Complaint,complaint_24nwlc24410_101137062,https://drive.google.com/file/d/1qo4HoWNM5nafP9-pNC2828AFGaTBrLju/view?usp=drivesdk
24NWLC24410,101137063,2024-06-05 00:00:00.000,Summons,,
24NWLC24410,101137064,2024-06-05 00:00:00.000,Declaration (name extension),declaration_24nwlc24410_101137064,https://drive.google.com/file/d/12UsVGlEQ89IGaPr8_HLuB2pJ-3ldHzev/view?usp=drivesdk
24NWLC24410,101137065,2024-06-05 00:00:00.000,Civil Case Cover Sheet,,
24NWLC24410,101137066,2024-06-05 00:00:00.000,"Order to Show Cause Hearing/Case Management Review (Cal. Rules of Court, rule 3.740)",,
24NWLC24410,101137067,2024-06-05 00:00:00.000,Notice of Case Assignment - Limited Civil Case,,
24NWLC24410,101538423,2024-06-26 00:00:00.000,Proof of Personal Service,,
24NWLC24410,104017290,2024-10-18 00:00:00.000,Request for Entry of Default / Judgment,request_for_default_judgment_24nwlc24410_104017290,https://drive.google.com/file/d/1LuMzEOEqggjuWwRoEaKkYWMaVojLi6l4/view?usp=drivesdk
24NWLC24410,104017291,2024-10-18 00:00:00.000,Declaration of Costs - CCP 1033,declaration_24nwlc24410_104017291,
24NWLC24410,104017292,2024-10-18 00:00:00.000,Request for Dismissal,,
24NWLC24410,104017293,2024-10-18 00:00:00.000,Declaration (name extension),declaration_24nwlc24410_104017293,https://drive.google.com/file/d/1aeG8J9gHfGPto-V6HvyAyWZnn1Z7iZcy/view?usp=drivesdk
24NWLC24410,104017294,2024-10-18 00:00:00.000,Declaration re: Attorney's Fees,declaration_24nwlc24410_104017294,
24NWLC24410,104017296,2024-10-18 00:00:00.000,Declaration (name extension),declaration_24nwlc24410_104017296,https://drive.google.com/file/d/16xjvrWClnNwxl2aiAv_YWTCyYMZHCKdm/view?usp=drivesdk
24NWLC24410,104017295,2024-10-31 00:00:00.000,Judgment,,
24NWLC24563,101157957,2024-06-07 00:00:00.000,Complaint,complaint_24nwlc24563_101157957,https://drive.google.com/file/d/1o2x21b1O7-N1-cwURA0fkfxMOhH8UjFq/view?usp=drivesdk
24NWLC24563,101157958,2024-06-07 00:00:00.000,Summons,,
24NWLC24563,101157959,2024-06-07 00:00:00.000,Civil Case Cover Sheet,,
24NWLC24563,101157960,2024-06-07 00:00:00.000,Declaration in Support of Bus. & Prof. Code 6322.1(c)(1),declaration_24nwlc24563_101157960,
24NWLC24563,101157961,2024-06-07 00:00:00.000,"Order to Show Cause Hearing/Case Management Review (Cal. Rules of Court, rule 3.740)",,
24NWLC24563,101157962,2024-06-07 00:00:00.000,Notice of Case Assignment - Limited Civil Case,,
24NWLC24563,101558447,2024-06-27 00:00:00.000,Proof of Personal Service,,
24NWLC24563,103553365,2024-09-25 00:00:00.000,Request for Entry of Default / Judgment,request_for_default_judgment_24nwlc24563_103553365,https://drive.google.com/file/d/1GzX4t7VzTBM7osRMZKBD-28h0rnsVFWw/view?usp=drivesdk
24NWLC24563,103553366,2024-09-25 00:00:00.000,Declaration Pursuant to 585 CCP in Support of Default Judgment,declaration_24nwlc24563_103553366,https://drive.google.com/file/d/13Q5Nx54fWVKQ1fLo2x7SAppFO9bvOaVQ/view?usp=drivesdk
24NWLC24563,103553368,2024-09-25 00:00:00.000,Declaration of Costs - CCP 1033,declaration_24nwlc24563_103553368,
24NWLC24563,103553369,2024-09-25 00:00:00.000,Request for Dismissal,,
24NWLC24563,103553367,2024-10-11 00:00:00.000,Judgment,,
24NWLC26480,101392448,2024-06-18 00:00:00.000,Complaint,complaint_24nwlc26480_101392448,https://drive.google.com/file/d/1epb7VGtTzIvdU6yj2WvUbWgOkYQ2btUB/view?usp=drivesdk
24NWLC26480,101392449,2024-06-18 00:00:00.000,Summons,,
24NWLC26480,101392450,2024-06-18 00:00:00.000,Civil Case Cover Sheet,,
24NWLC26480,101392451,2024-06-18 00:00:00.000,Declaration in Support of Bus. & Prof. Code 6322.1(c)(1),declaration_24nwlc26480_101392451,
24NWLC26480,101392452,2024-06-18 00:00:00.000,"Order to Show Cause Hearing/Case Management Review (Cal. Rules of Court, rule 3.740)",,
24NWLC26480,101392454,2024-06-18 00:00:00.000,Notice of Case Assignment - Limited Civil Case,,
24NWLC26480,102168222,2024-07-24 00:00:00.000,Proof of Personal Service,,
24NWLC26480,104337134,2024-11-04 00:00:00.000,Request for Dismissal,,
24NWLC26480,104337135,2024-11-04 00:00:00.000,Declaration (name extension),declaration_24nwlc26480_104337135,https://drive.google.com/file/d/1f1N80g9f9vQ90GFAzaXPyg6jQtnkMG8V/view?usp=drivesdk
24NWLC26480,104337136,2024-11-04 00:00:00.000,Request for Entry of Default / Judgment,request_for_default_judgment_24nwlc26480_104337136,https://drive.google.com/file/d/18uuxZpEJu5iycnph34XYb1qBv7GXo0ME/view?usp=drivesdk
24NWLC26480,104337138,2024-11-04 00:00:00.000,Declaration (name extension),declaration_24nwlc26480_104337138,https://drive.google.com/file/d/1YV6BofSDA0mw9nmRYF5IayYA-eXlA2U4/view?usp=drivesdk
24NWLC26480,104337137,2024-11-19 00:00:00.000,Default Judgment,,
24NWLC26480,106310533,2025-02-18 00:00:00.000,Abstract of Judgment - Civil and Small Claims,,
24NWLC27295,101488581,2024-06-21 00:00:00.000,Complaint,complaint_24nwlc27295_101488581,https://drive.google.com/file/d/1EAJtZKAXx6g_fqrDH4BjU7ehzNAJbb-U/view?usp=drivesdk
24NWLC27295,101488582,2024-06-21 00:00:00.000,Civil Case Cover Sheet,,
24NWLC27295,101488583,2024-06-21 00:00:00.000,Summons,,
24NWLC27295,101488584,2024-06-21 00:00:00.000,"Order to Show Cause Hearing/Case Management Review (Cal. Rules of Court, rule 3.740)",,
24NWLC27295,101488586,2024-06-21 00:00:00.000,Notice of Case Assignment - Limited Civil Case,,
24NWLC27295,102028889,2024-07-15 00:00:00.000,Proof of Personal Service,,
24NWLC27295,104772672,2024-11-20 00:00:00.000,Request for Entry of Default / Judgment,request_for_default_judgment_24nwlc27295_104772672,https://drive.google.com/file/d/1cPcfSM1eONsOi9cyxgehsWrzTI_zPWm3/view?usp=drivesdk
24NWLC27295,104772674,2024-11-20 00:00:00.000,Declaration of Costs - CCP 1033,declaration_24nwlc27295_104772674,
24NWLC27295,104772675,2024-11-20 00:00:00.000,Declaration Pursuant to 585 CCP in Support of Default Judgment,declaration_24nwlc27295_104772675,https://drive.google.com/file/d/1ncpHOKmZxbX991gTEMKxS6YhpEwOrfcX/view?usp=drivesdk
24NWLC27295,104772673,2024-12-04 00:00:00.000,Judgment,,
24NWLC27295,106147536,2025-02-07 00:00:00.000,Abstract of Judgment - Civil and Small Claims,,
24NWLC28395,101631074,2024-06-28 00:00:00.000,Complaint,complaint_24nwlc28395_101631074,https://drive.google.com/file/d/1DAydD_U73MzXPu3nDEkFmLKkCkdav6HM/view?usp=drivesdk
24NWLC28395,101631075,2024-06-28 00:00:00.000,Summons,,
24NWLC28395,101631076,2024-06-28 00:00:00.000,Civil Case Cover Sheet,,
24NWLC28395,101631077,2024-06-28 00:00:00.000,Declaration in Support of Bus. & Prof. Code 6322.1(c)(1),declaration_24nwlc28395_101631077,
24NWLC28395,101631078,2024-06-28 00:00:00.000,"Order to Show Cause Hearing/Case Management Review (Cal. Rules of Court, rule 3.740)",,
24NWLC28395,101631079,2024-06-28 00:00:00.000,Notice of Case Assignment - Limited Civil Case,,
24NWLC28395,102067319,2024-07-15 00:00:00.000,Proof of Personal Service,,
24NWLC28395,104190294,2024-10-29 00:00:00.000,Request for Entry of Default / Judgment,request_for_default_judgment_24nwlc28395_104190294,https://drive.google.com/file/d/12rWT24qRBtKyeChO6jeG32VKvGjk_aat/view?usp=drivesdk
24NWLC28395,104190295,2024-10-29 00:00:00.000,Declaration Pursuant to 585 CCP in Support of Default Judgment,declaration_24nwlc28395_104190295,https://drive.google.com/file/d/1zDF6wKIgBYdPxq91O58ychki9fT8BM1I/view?usp=drivesdk
24NWLC28395,104190298,2024-10-29 00:00:00.000,Declaration of Costs - CCP 1033,declaration_24nwlc28395_104190298,
24NWLC28395,104190299,2024-10-29 00:00:00.000,Request for Dismissal,,
24NWLC28395,104190297,2024-11-06 00:00:00.000,Judgment,,
24NWLC28395,106451577,2025-02-20 00:00:00.000,"Memorandum of Costs After Judgment, Acknowledgment of Credit, and Declaration of Accrued Interest",declaration_24nwlc28395_106451577,
24NWLC28395,106451575,2025-02-24 00:00:00.000,Writ of Execution,,
24NWLC28521,101649581,2024-07-01 00:00:00.000,Complaint,complaint_24nwlc28521_101649581,https://drive.google.com/file/d/19O0oaAOpyR-YtgkfLr77F-Rw7IDdfWlM/view?usp=drivesdk
24NWLC28521,101649582,2024-07-01 00:00:00.000,Civil Case Cover Sheet,,
24NWLC28521,101649583,2024-07-01 00:00:00.000,Summons,,
24NWLC28521,101649584,2024-07-01 00:00:00.000,Declaration in Support of Bus. & Prof. Code 6322.1(c)(1),declaration_24nwlc28521_101649584,
24NWLC28521,101649585,2024-07-01 00:00:00.000,"Order to Show Cause Hearing/Case Management Review (Cal. Rules of Court, rule 3.740)",,
24NWLC28521,101649586,2024-07-01 00:00:00.000,Notice of Case Assignment - Limited Civil Case,,
24NWLC28521,102985190,2024-08-28 00:00:00.000,Proof of Service by Substituted Service,,
24NWLC28521,105159008,2024-12-05 00:00:00.000,Request for Entry of Default / Judgment,request_for_default_judgment_24nwlc28521_105159008,https://drive.google.com/file/d/1m-Etf06PkBlTfZf4M__hadvpbnALkV-b/view?usp=drivesdk
24NWLC28521,105159010,2024-12-05 00:00:00.000,Declaration Pursuant to 585 CCP in Support of Default Judgment,declaration_24nwlc28521_105159010,https://drive.google.com/file/d/1fRYBjjND05yM1zyfZq_iBITCTFY052dC/view?usp=drivesdk
24NWLC28521,105159011,2024-12-05 00:00:00.000,Declaration of Costs - CCP 1033,declaration_24nwlc28521_105159011,
24NWLC28521,105159012,2024-12-05 00:00:00.000,Declaration Pursuant to 585 CCP in Support of Default Judgment,declaration_24nwlc28521_105159012,https://drive.google.com/file/d/1I0vz39KP9qc4bWkCfaLFrA_muxLW6ROa/view?usp=drivesdk
24NWLC28521,105159013,2024-12-05 00:00:00.000,Request for Dismissal,,
24NWLC28521,105159009,2024-12-26 00:00:00.000,Judgment,,
24NWLC28537,101651261,2024-06-27 00:00:00.000,Complaint,complaint_24nwlc28537_101651261,https://drive.google.com/file/d/1NZWMjGzkM__bN0_Cjp6zBagnIpY8j6kS/view?usp=drivesdk
24NWLC28537,101651262,2024-06-27 00:00:00.000,Civil Case Cover Sheet,,
24NWLC28537,101651263,2024-06-27 00:00:00.000,Summons,,
24NWLC28537,101651264,2024-06-27 00:00:00.000,"Order to Show Cause Hearing/Case Management Review (Cal. Rules of Court, rule 3.740)",,
24NWLC28537,101651265,2024-06-27 00:00:00.000,Notice of Case Assignment - Limited Civil Case,,
24NWLC28537,102413280,2024-08-07 00:00:00.000,Proof of Personal Service,,
24NWLC28537,103585593,2024-09-26 00:00:00.000,Request for Entry of Default / Judgment,request_for_default_judgment_24nwlc28537_103585593,https://drive.google.com/file/d/1Jg0PrleRNnqDCmp754m2-fC1kmA-wpZE/view?usp=drivesdk
24NWLC28537,103585594,2024-09-26 00:00:00.000,Declaration (name extension),declaration_24nwlc28537_103585594,https://drive.google.com/file/d/1QcI70XZDKvvnRm3ZRlyAaoTkhSTpUpzN/view?usp=drivesdk
24NWLC28537,103585595,2024-09-26 00:00:00.000,Declaration (name extension),declaration_24nwlc28537_103585595,https://drive.google.com/file/d/1Hm0vbRzctActZvwqh2LitJkWg2kmZTR-/view?usp=drivesdk
24NWLC28537,103585596,2024-10-14 00:00:00.000,Default Judgment,,
24NWLC29406,101744658,2024-07-05 00:00:00.000,Complaint,complaint_24nwlc29406_101744658,https://drive.google.com/file/d/1B3YQj6y8HGL2IWAJU84wzsxETnnUxGFC/view?usp=drivesdk
24NWLC29406,101744659,2024-07-05 00:00:00.000,Summons,,
24NWLC29406,101744660,2024-07-05 00:00:00.000,Civil Case Cover Sheet,,
24NWLC29406,101744661,2024-07-05 00:00:00.000,"Order to Show Cause Hearing/Case Management Review (Cal. Rules of Court, rule 3.740)",,
24NWLC29406,101744662,2024-07-05 00:00:00.000,Notice of Case Assignment - Limited Civil Case,,
24NWLC29406,102159287,2024-07-24 00:00:00.000,Proof of Personal Service,,
24NWLC29406,104756737,2024-11-19 00:00:00.000,Request for Entry of Default / Judgment,request_for_default_judgment_24nwlc29406_104756737,https://drive.google.com/file/d/1WxuIEB5V2yWP02Ykh6ntTyEEt0iutLyL/view?usp=drivesdk
24NWLC29406,104756738,2024-11-19 00:00:00.000,Request for Dismissal,,
24NWLC29406,104756739,2024-11-19 00:00:00.000,Declaration Pursuant to 585 CCP in Support of Default Judgment,declaration_24nwlc29406_104756739,https://drive.google.com/file/d/1K2Y1wDKWj1bF_5nUHPRRHP_zEyreNwjZ/view?usp=drivesdk
24NWLC29406,104756741,2024-11-19 00:00:00.000,Declaration Pursuant to 585 CCP in Support of Default Judgment,declaration_24nwlc29406_104756741,https://drive.google.com/file/d/1SdCXgwUlqpgpROXm8ntmQQl_KuwFZmsP/view?usp=drivesdk
24NWLC29406,104756742,2024-11-19 00:00:00.000,Declaration of Costs - CCP 1033,declaration_24nwlc29406_104756742,
24NWLC29406,104756740,2024-12-04 00:00:00.000,Judgment,,
24NWLC29406,108032028,2025-04-24 00:00:00.000,"Memorandum of Costs After Judgment, Acknowledgment of Credit, and Declaration of Accrued Interest",declaration_24nwlc29406_108032028,
24NWLC29406,108032027,2025-05-01 00:00:00.000,Writ of Execution,,
24NWLC29406,108898340,2025-06-02 00:00:00.000,Declaration (name extension),declaration_24nwlc29406_108898340,
24NWLC30317,101831107,2024-07-09 00:00:00.000,Complaint,complaint_24nwlc30317_101831107,https://drive.google.com/file/d/1GIMuPKMX-x3GorKf3fg5PB2ftGogI5T0/view?usp=drivesdk
24NWLC30317,101831108,2024-07-09 00:00:00.000,Summons,,
24NWLC30317,101831109,2024-07-09 00:00:00.000,Civil Case Cover Sheet,,
24NWLC30317,101831111,2024-07-09 00:00:00.000,"Order to Show Cause Hearing/Case Management Review (Cal. Rules of Court, rule 3.740)",,
24NWLC30317,101831112,2024-07-09 00:00:00.000,Notice of Case Assignment - Limited Civil Case,,
24NWLC30317,103211657,2024-09-11 00:00:00.000,Proof of Service by Substituted Service,,
24NWLC30317,104504741,2024-11-12 00:00:00.000,Request for Entry of Default / Judgment,request_for_default_judgment_24nwlc30317_104504741,https://drive.google.com/file/d/1XqD-Gtw22Tm3S0KIinB_5RV1dh-IyKNn/view?usp=drivesdk
24NWLC30317,104504743,2024-11-12 00:00:00.000,Declaration of Costs - CCP 1033,declaration_24nwlc30317_104504743,
24NWLC30317,104504744,2024-11-12 00:00:00.000,Declaration Pursuant to 585 CCP in Support of Default Judgment,declaration_24nwlc30317_104504744,https://drive.google.com/file/d/1Er_bFVSNH8w_-hZhjURZQTpT029ggE3k/view?usp=drivesdk
24NWLC30317,104504745,2024-11-12 00:00:00.000,Request for Dismissal,,
24NWLC30317,104504742,2024-11-25 00:00:00.000,Judgment,,
24NWLC30715,101870385,2024-07-15 00:00:00.000,Complaint,complaint_24nwlc30715_101870385,https://drive.google.com/file/d/1TqSJUCUpeCgCmErAGWA9uEnB6U4D7Ryz/view?usp=drivesdk
24NWLC30715,101870386,2024-07-15 00:00:00.000,Declaration in Support of Bus. & Prof. Code 6322.1(c)(1),declaration_24nwlc30715_101870386,
24NWLC30715,101870387,2024-07-15 00:00:00.000,Summons,,
24NWLC30715,101870388,2024-07-15 00:00:00.000,Civil Case Cover Sheet,,
24NWLC30715,101870389,2024-07-15 00:00:00.000,"Order to Show Cause Hearing/Case Management Review (Cal. Rules of Court, rule 3.740)",,
24NWLC30715,101870390,2024-07-15 00:00:00.000,Notice of Case Assignment - Limited Civil Case,,
24NWLC30715,102963550,2024-08-27 00:00:00.000,Proof of Service by Substituted Service,,
24NWLC30715,104116140,2024-10-24 00:00:00.000,Request for Entry of Default / Judgment,request_for_default_judgment_24nwlc30715_104116140,https://drive.google.com/file/d/16wm6ev5Bpzceb32zHWnQ1TPpEmOF_0Hb/view?usp=drivesdk
24NWLC30715,104116141,2024-10-24 00:00:00.000,Declaration (name extension),declaration_24nwlc30715_104116141,https://drive.google.com/file/d/1WiTSv5qj5RGG-jtXE2T1dw8--zkp9gNx/view?usp=drivesdk
24NWLC30715,104116142,2024-10-24 00:00:00.000,Declaration (name extension),declaration_24nwlc30715_104116142,https://drive.google.com/file/d/1AYci01Qm2dGqI53_FA8ByQZY3d-GncC6/view?usp=drivesdk
24NWLC30715,104116143,2024-11-06 00:00:00.000,Default Judgment,,
24NWLC32406,102229669,2024-07-26 00:00:00.000,Complaint,complaint_24nwlc32406_102229669,https://drive.google.com/file/d/1btAN48lzJ6V4BT8NlP2pUhK7-rJirvxF/view?usp=drivesdk
24NWLC32406,102229670,2024-07-26 00:00:00.000,Summons,,
24NWLC32406,102229671,2024-07-26 00:00:00.000,Civil Case Cover Sheet,,
24NWLC32406,102229672,2024-07-26 00:00:00.000,"Order to Show Cause Hearing/Case Management Review (Cal. Rules of Court, rule 3.740)",,
24NWLC32406,102229673,2024-07-26 00:00:00.000,Notice of Case Assignment - Limited Civil Case,,
24NWLC32406,102943883,2024-08-27 00:00:00.000,Proof of Service by Substituted Service,,
24NWLC32406,105178778,2024-12-05 00:00:00.000,Request for Entry of Default / Judgment,request_for_default_judgment_24nwlc32406_105178778,https://drive.google.com/file/d/1D03EuwtTVLHL10ETNHfXELk7bqdzN006/view?usp=drivesdk
24NWLC32406,105178780,2024-12-05 00:00:00.000,Declaration Pursuant to 585 CCP in Support of Default Judgment,declaration_24nwlc32406_105178780,https://drive.google.com/file/d/1ZUG2MECSDVpe19pVqZdcATMNjD0zyzAU/view?usp=drivesdk
24NWLC32406,105178781,2024-12-05 00:00:00.000,Declaration Pursuant to 585 CCP in Support of Default Judgment,declaration_24nwlc32406_105178781,https://drive.google.com/file/d/1wDBuYnRipUoSZXw6Mlw7Ei88llvoRLT5/view?usp=drivesdk
24NWLC32406,105178782,2024-12-05 00:00:00.000,Declaration of Costs - CCP 1033,declaration_24nwlc32406_105178782,
24NWLC32406,105178783,2024-12-05 00:00:00.000,Request for Dismissal,,
24NWLC32406,105178779,2024-12-26 00:00:00.000,Judgment,,
24NWLC32801,102289151,2024-07-29 00:00:00.000,Complaint,complaint_24nwlc32801_102289151,https://drive.google.com/file/d/1eVyXKA2fx-Xaarg9-laHd60KvqmO6Thb/view?usp=drivesdk
24NWLC32801,102289152,2024-07-29 00:00:00.000,Summons,,
24NWLC32801,102289153,2024-07-29 00:00:00.000,Declaration (name extension),declaration_24nwlc32801_102289153,https://drive.google.com/file/d/1l5m-QnZQbu9eWhsatscJegxaxVSYOfS2/view?usp=drivesdk
24NWLC32801,102289154,2024-07-29 00:00:00.000,Civil Case Cover Sheet,,
24NWLC32801,102289155,2024-07-29 00:00:00.000,"Order to Show Cause Hearing/Case Management Review (Cal. Rules of Court, rule 3.740)",,
24NWLC32801,102289156,2024-07-29 00:00:00.000,Notice of Case Assignment - Limited Civil Case,,
24NWLC32801,102766590,2024-08-23 00:00:00.000,Proof of Service by Substituted Service,,
24NWLC32801,104636871,2024-11-14 00:00:00.000,Request for Entry of Default / Judgment,request_for_default_judgment_24nwlc32801_104636871,https://drive.google.com/file/d/16du5XZsJJ-03xqwMw8WAXvVU1LCNg9p6/view?usp=drivesdk
24NWLC32801,104636872,2024-11-14 00:00:00.000,Declaration of Costs - CCP 1033,declaration_24nwlc32801_104636872,
24NWLC32801,104636873,2024-11-14 00:00:00.000,Declaration re: Attorney's Fees,declaration_24nwlc32801_104636873,
24NWLC32801,104636874,2024-11-14 00:00:00.000,Request for Dismissal,,
24NWLC32801,104636875,2024-11-14 00:00:00.000,Declaration (name extension),declaration_24nwlc32801_104636875,https://drive.google.com/file/d/1tOTqH6EYbJD2BG8iyPPs6wYkV-87ESXL/view?usp=drivesdk
24NWLC32801,104636877,2024-11-14 00:00:00.000,Declaration (name extension),declaration_24nwlc32801_104636877,https://drive.google.com/file/d/1HYfC5_38N0eWUJhEhhfLKH9NpJvV95T5/view?usp=drivesdk
24NWLC32801,104636878,2024-11-14 00:00:00.000,Declaration (name extension),declaration_24nwlc32801_104636878,https://drive.google.com/file/d/1cCaYPdhAd03THmcI5F63z_aLaR8GZc-8/view?usp=drivesdk
24NWLC32801,104636876,2024-12-02 00:00:00.000,Default Judgment,,
24NWLC32884,102290846,2024-07-31 00:00:00.000,Complaint,complaint_24nwlc32884_102290846,https://drive.google.com/file/d/1XpjavExg5epezlRr8zGHYndbCxsmvw-o/view?usp=drivesdk
24NWLC32884,102290847,2024-07-31 00:00:00.000,Civil Case Cover Sheet,,
24NWLC32884,102290849,2024-07-31 00:00:00.000,Summons,,
24NWLC32884,102290850,2024-07-31 00:00:00.000,"Order to Show Cause Hearing/Case Management Review (Cal. Rules of Court, rule 3.740)",,
24NWLC32884,102290851,2024-07-31 00:00:00.000,Notice of Case Assignment - Limited Civil Case,,
24NWLC32884,103301522,2024-09-16 00:00:00.000,Proof of Service by Substituted Service,,
24NWLC32884,104488478,2024-11-08 00:00:00.000,Declaration Pursuant to 585 CCP in Support of Default Judgment,declaration_24nwlc32884_104488478,https://drive.google.com/file/d/10jvAnNyUEkslw9zag1gs0vVCELjGZWBp/view?usp=drivesdk
24NWLC32884,104488479,2024-11-08 00:00:00.000,Request for Entry of Default / Judgment,request_for_default_judgment_24nwlc32884_104488479,https://drive.google.com/file/d/17PUOsxz5fgWe0TdTuMjUiDH5C62BttSV/view?usp=drivesdk
24NWLC32884,104488480,2024-11-08 00:00:00.000,Declaration of Costs - CCP 1033,declaration_24nwlc32884_104488480,
24NWLC32884,104488482,2024-11-08 00:00:00.000,Request for Dismissal,,
24NWLC32884,104488481,2024-11-25 00:00:00.000,Judgment,,
24NWLC34626,102559587,2024-08-13 00:00:00.000,Complaint,complaint_24nwlc34626_102559587,https://drive.google.com/file/d/17uS4U39LGv_MkHgBeTvd64sdu4LAKSIq/view?usp=drivesdk
24NWLC34626,102559588,2024-08-13 00:00:00.000,Civil Case Cover Sheet,,
24NWLC34626,102559589,2024-08-13 00:00:00.000,Summons,,
24NWLC34626,102559590,2024-08-13 00:00:00.000,"Order to Show Cause Hearing/Case Management Review (Cal. Rules of Court, rule 3.740)",,
24NWLC34626,102559591,2024-08-13 00:00:00.000,Notice of Case Assignment - Limited Civil Case,,
24NWLC34626,103685507,2024-09-25 00:00:00.000,Proof of Personal Service,,
24NWLC34626,105160865,2024-12-05 00:00:00.000,Request for Entry of Default / Judgment,request_for_default_judgment_24nwlc34626_105160865,https://drive.google.com/file/d/13ebsC62cZYs0SRknyFsVWfHBOkcMxe_M/view?usp=drivesdk
24NWLC34626,105160866,2024-12-05 00:00:00.000,Declaration (name extension),declaration_24nwlc34626_105160866,https://drive.google.com/file/d/1e0L9UDts6mdJMd32Q08N0Q1V9DQH8WpZ/view?usp=drivesdk
24NWLC34626,105160868,2024-12-05 00:00:00.000,Declaration (name extension),declaration_24nwlc34626_105160868,https://drive.google.com/file/d/1L-zkNx8mW2BXXSDtmf0Xmlg5YT7oDQJ5/view?usp=drivesdk
24NWLC34626,105160867,2024-12-26 00:00:00.000,Default Judgment,,
24NWLC38337,103257288,2024-09-05 00:00:00.000,Complaint,complaint_24nwlc38337_103257288,https://drive.google.com/file/d/1oGuvZPeukc91wRnGjQFBOLyM1B_jFi3a/view?usp=drivesdk
24NWLC38337,103257289,2024-09-05 00:00:00.000,Civil Case Cover Sheet,,
24NWLC38337,103257290,2024-09-05 00:00:00.000,Summons,,
24NWLC38337,103257291,2024-09-05 00:00:00.000,"Order to Show Cause Hearing/Case Management Review (Cal. Rules of Court, rule 3.740)",,
24NWLC38337,103257292,2024-09-05 00:00:00.000,Notice of Case Assignment - Limited Civil Case,,
24NWLC38337,103834309,2024-09-30 00:00:00.000,Proof of Personal Service,,
24NWLC38337,105188285,2024-12-05 00:00:00.000,Request for Entry of Default / Judgment,request_for_default_judgment_24nwlc38337_105188285,https://drive.google.com/file/d/1bAdk94DqDeNXdmAFHstMjTMuF1crm_ds/view?usp=drivesdk
24NWLC38337,105188286,2024-12-05 00:00:00.000,Request for Dismissal,,
24NWLC38337,105188288,2024-12-05 00:00:00.000,Declaration of Costs - CCP 1033,declaration_24nwlc38337_105188288,
24NWLC38337,105188289,2024-12-05 00:00:00.000,Declaration Pursuant to 585 CCP in Support of Default Judgment,declaration_24nwlc38337_105188289,https://drive.google.com/file/d/1uRuSBKGi6vKeLMc_aQjxxE2EvG8oHZ8_/view?usp=drivesdk
24NWLC38337,105188287,2024-12-26 00:00:00.000,Judgment,,
24NWLC38337,107358744,2025-03-28 00:00:00.000,"Memorandum of Costs After Judgment, Acknowledgment of Credit, and Declaration of Accrued Interest",declaration_24nwlc38337_107358744,
24NWLC38337,107358743,2025-04-02 00:00:00.000,Writ of Execution,,
24NWLC38337,107842546,2025-04-17 00:00:00.000,Declaration (name extension),declaration_24nwlc38337_107842546,
